fold,Date,temp_value,precip_value,GC_Score,CS_Score,GC_thr_0.95,CS_thr_0.95,GC_Anomaly_0.95,CS_Anomaly_0.95,GC_thr_0.975,CS_thr_0.975,GC_Anomaly_0.975,CS_Anomaly_0.975,GC_thr_0.99,CS_thr_0.99,GC_Anomaly_0.99,CS_Anomaly_0.99,dataset
0,2022-01-01,-4.3,0.0,19.442667200604852,0.3338868319988251,28.564797804661954,1.1684268712997437,0,0,32.51258972201296,1.2084929794073105,0,0,40.32019555804881,1.2333889400959015,0,0,Seoul_Tancheon_WWTP
0,2022-01-02,-1.3,0.3,19.453057384334052,0.33218327164649963,28.564797804661954,1.1684268712997437,0,0,32.51258972201296,1.2084929794073105,0,0,40.32019555804881,1.2333889400959015,0,0,Seoul_Tancheon_WWTP
0,2022-01-03,-1.9,0.0,15.807941695580489,0.3114846646785736,28.564797804661954,1.1684268712997437,0,0,32.51258972201296,1.2084929794073105,0,0,40.32019555804881,1.2333889400959015,0,0,Seoul_Tancheon_WWTP
0,2022-01-04,-2.5,0.0,18.6900074135194,0.3257891535758972,28.564797804661954,1.1684268712997437,0,0,32.51258972201296,1.2084929794073105,0,0,40.32019555804881,1.2333889400959015,0,0,Seoul_Tancheon_WWTP
0,2022-01-05,-2.8,0.0,19.9153200997145,0.3399907648563385,28.564797804661954,1.1684268712997437,0,0,32.51258972201296,1.2084929794073105,0,0,40.32019555804881,1.2333889400959015,0,0,Seoul_Tancheon_WWTP
0,2022-01-06,-2.2,0.0,24.59133248954989,0.34517815709114075,28.564797804661954,1.1684268712997437,0,0,32.51258972201296,1.2084929794073105,0,0,40.32019555804881,1.2333889400959015,0,0,Seoul_Tancheon_WWTP
0,2022-01-07,-1.6,0.0,17.934064803728063,0.32854968309402466,28.564797804661954,1.1684268712997437,0,0,32.51258972201296,1.2084929794073105,0,0,40.32019555804881,1.2333889400959015,0,0,Seoul_Tancheon_WWTP
0,2022-01-08,0.3,0.0,20.79848951665126,0.3287781774997711,28.564797804661954,1.1684268712997437,0,0,32.51258972201296,1.2084929794073105,0,0,40.32019555804881,1.2333889400959015,0,0,Seoul_Tancheon_WWTP
0,2022-01-09,1.3,0.0,22.155867145790122,0.3446964919567108,28.564797804661954,1.1684268712997437,0,0,32.51258972201296,1.2084929794073105,0,0,40.32019555804881,1.2333889400959015,0,0,Seoul_Tancheon_WWTP
0,2022-01-10,0.5,0.9,16.76024721703589,0.3487374782562256,28.564797804661954,1.1684268712997437,0,0,32.51258972201296,1.2084929794073105,0,0,40.32019555804881,1.2333889400959015,0,0,Seoul_Tancheon_WWTP
0,2022-01-11,-7.4,0.2,21.793131772861145,0.33150386810302734,28.564797804661954,1.1684268712997437,0,0,32.51258972201296,1.2084929794073105,0,0,40.32019555804881,1.2333889400959015,0,0,Seoul_Tancheon_WWTP
0,2022-01-12,-7.7,0.0,18.243136746039404,0.32266756892204285,28.564797804661954,1.1684268712997437,0,0,32.51258972201296,1.2084929794073105,0,0,40.32019555804881,1.2333889400959015,0,0,Seoul_Tancheon_WWTP
0,2022-01-13,-6.4,0.0,25.19305288183399,0.3586404621601105,28.564797804661954,1.1684268712997437,0,0,32.51258972201296,1.2084929794073105,0,0,40.32019555804881,1.2333889400959015,0,0,Seoul_Tancheon_WWTP
0,2022-01-14,-4.8,0.0,23.13152431725206,0.3847046494483948,28.564797804661954,1.1684268712997437,0,0,32.51258972201296,1.2084929794073105,0,0,40.32019555804881,1.2333889400959015,0,0,Seoul_Tancheon_WWTP
0,2022-01-15,-1.0,0.0,22.761374333638273,0.4067584276199341,28.564797804661954,1.1684268712997437,0,0,32.51258972201296,1.2084929794073105,0,0,40.32019555804881,1.2333889400959015,0,0,Seoul_Tancheon_WWTP
0,2022-01-16,-2.0,0.0,20.686302135001984,0.4102979004383087,28.564797804661954,1.1684268712997437,0,0,32.51258972201296,1.2084929794073105,0,0,40.32019555804881,1.2333889400959015,0,0,Seoul_Tancheon_WWTP
0,2022-01-17,-5.8,0.5,28.48344760780544,0.44970592856407166,28.564797804661954,1.1684268712997437,0,0,32.51258972201296,1.2084929794073105,0,0,40.32019555804881,1.2333889400959015,0,0,Seoul_Tancheon_WWTP
0,2022-01-18,-5.6,0.0,32.280311989824185,0.4766791760921478,28.564797804661954,1.1684268712997437,1,0,32.51258972201296,1.2084929794073105,0,0,40.32019555804881,1.2333889400959015,0,0,Seoul_Tancheon_WWTP
0,2022-01-19,-5.3,1.7,20.455793731882828,0.49155935645103455,28.564797804661954,1.1684268712997437,0,0,32.51258972201296,1.2084929794073105,0,0,40.32019555804881,1.2333889400959015,0,0,Seoul_Tancheon_WWTP
0,2022-01-20,-5.0,0.0,23.867040820509693,0.5044940710067749,28.564797804661954,1.1684268712997437,0,0,32.51258972201296,1.2084929794073105,0,0,40.32019555804881,1.2333889400959015,0,0,Seoul_Tancheon_WWTP
0,2022-01-21,-2.7,0.0,28.918035771011656,0.5769340395927429,28.564797804661954,1.1684268712997437,1,0,32.51258972201296,1.2084929794073105,0,0,40.32019555804881,1.2333889400959015,0,0,Seoul_Tancheon_WWTP
0,2022-01-22,0.3,0.0,29.281718077841532,0.6267478466033936,28.564797804661954,1.1684268712997437,1,0,32.51258972201296,1.2084929794073105,0,0,40.32019555804881,1.2333889400959015,0,0,Seoul_Tancheon_WWTP
0,2022-01-23,2.0,0.0,16.62902480512485,0.6054198741912842,28.564797804661954,1.1684268712997437,0,0,32.51258972201296,1.2084929794073105,0,0,40.32019555804881,1.2333889400959015,0,0,Seoul_Tancheon_WWTP
0,2022-01-24,4.6,0.0,20.163437417221267,0.6174336671829224,28.564797804661954,1.1684268712997437,0,0,32.51258972201296,1.2084929794073105,0,0,40.32019555804881,1.2333889400959015,0,0,Seoul_Tancheon_WWTP
0,2022-01-25,2.8,0.7,22.280234374595995,0.6604256629943848,28.564797804661954,1.1684268712997437,0,0,32.51258972201296,1.2084929794073105,0,0,40.32019555804881,1.2333889400959015,0,0,Seoul_Tancheon_WWTP
0,2022-01-26,1.3,0.0,17.78684368930095,0.6733103394508362,28.564797804661954,1.1684268712997437,0,0,32.51258972201296,1.2084929794073105,0,0,40.32019555804881,1.2333889400959015,0,0,Seoul_Tancheon_WWTP
0,2022-01-27,-1.1,0.0,16.84341285484518,0.6517367362976074,28.564797804661954,1.1684268712997437,0,0,32.51258972201296,1.2084929794073105,0,0,40.32019555804881,1.2333889400959015,0,0,Seoul_Tancheon_WWTP
0,2022-01-28,-2.7,0.0,15.598064448094876,0.6163995862007141,28.564797804661954,1.1684268712997437,0,0,32.51258972201296,1.2084929794073105,0,0,40.32019555804881,1.2333889400959015,0,0,Seoul_Tancheon_WWTP
0,2022-01-29,-3.6,0.0,19.81594526393044,0.5908328294754028,28.564797804661954,1.1684268712997437,0,0,32.51258972201296,1.2084929794073105,0,0,40.32019555804881,1.2333889400959015,0,0,Seoul_Tancheon_WWTP
0,2022-01-30,-2.8,0.0,19.024399770206983,0.5602107644081116,28.564797804661954,1.1684268712997437,0,0,32.51258972201296,1.2084929794073105,0,0,40.32019555804881,1.2333889400959015,0,0,Seoul_Tancheon_WWTP
0,2022-01-31,-0.7,1.2,21.67088925642625,0.5709763765335083,28.564797804661954,1.1684268712997437,0,0,32.51258972201296,1.2084929794073105,0,0,40.32019555804881,1.2333889400959015,0,0,Seoul_Tancheon_WWTP
0,2022-02-01,-1.3,1.7,47.08993166891004,0.585751473903656,28.564797804661954,1.1684268712997437,1,0,32.51258972201296,1.2084929794073105,1,0,40.32019555804881,1.2333889400959015,1,0,Seoul_Tancheon_WWTP
0,2022-02-02,-3.4,0.0,22.710281285392945,0.601992130279541,28.564797804661954,1.1684268712997437,0,0,32.51258972201296,1.2084929794073105,0,0,40.32019555804881,1.2333889400959015,0,0,Seoul_Tancheon_WWTP
0,2022-02-03,-3.4,0.0,20.03829792551749,0.605073869228363,28.564797804661954,1.1684268712997437,0,0,32.51258972201296,1.2084929794073105,0,0,40.32019555804881,1.2333889400959015,0,0,Seoul_Tancheon_WWTP
0,2022-02-04,-5.2,0.0,20.12065540328321,0.5443530678749084,28.564797804661954,1.1684268712997437,0,0,32.51258972201296,1.2084929794073105,0,0,40.32019555804881,1.2333889400959015,0,0,Seoul_Tancheon_WWTP
0,2022-02-05,-6.6,0.0,19.68784089846215,0.5028185248374939,28.564797804661954,1.1684268712997437,0,0,32.51258972201296,1.2084929794073105,0,0,40.32019555804881,1.2333889400959015,0,0,Seoul_Tancheon_WWTP
0,2022-02-06,-3.9,0.0,21.39839933305175,0.5133600234985352,28.564797804661954,1.1684268712997437,0,0,32.51258972201296,1.2084929794073105,0,0,40.32019555804881,1.2333889400959015,0,0,Seoul_Tancheon_WWTP
0,2022-02-07,-2.5,0.0,20.090704469584267,0.5273768901824951,28.564797804661954,1.1684268712997437,0,0,32.51258972201296,1.2084929794073105,0,0,40.32019555804881,1.2333889400959015,0,0,Seoul_Tancheon_WWTP
0,2022-02-08,-0.1,0.0,16.724030555370756,0.46231791377067566,28.564797804661954,1.1684268712997437,0,0,32.51258972201296,1.2084929794073105,0,0,40.32019555804881,1.2333889400959015,0,0,Seoul_Tancheon_WWTP
0,2022-02-09,1.0,0.0,17.661285595251115,0.4377681016921997,28.564797804661954,1.1684268712997437,0,0,32.51258972201296,1.2084929794073105,0,0,40.32019555804881,1.2333889400959015,0,0,Seoul_Tancheon_WWTP
0,2022-02-10,1.4,0.0,18.235816297104254,0.4017421007156372,28.564797804661954,1.1684268712997437,0,0,32.51258972201296,1.2084929794073105,0,0,40.32019555804881,1.2333889400959015,0,0,Seoul_Tancheon_WWTP
0,2022-02-11,2.9,0.0,24.40914439211324,0.42207950353622437,28.564797804661954,1.1684268712997437,0,0,32.51258972201296,1.2084929794073105,0,0,40.32019555804881,1.2333889400959015,0,0,Seoul_Tancheon_WWTP
0,2022-02-12,4.8,0.0,17.265926545941,0.4190652668476105,28.564797804661954,1.1684268712997437,0,0,32.51258972201296,1.2084929794073105,0,0,40.32019555804881,1.2333889400959015,0,0,Seoul_Tancheon_WWTP
0,2022-02-13,4.8,0.0,20.10103023753811,0.4225010573863983,28.564797804661954,1.1684268712997437,0,0,32.51258972201296,1.2084929794073105,0,0,40.32019555804881,1.2333889400959015,0,0,Seoul_Tancheon_WWTP
0,2022-02-14,2.5,1.7,17.754758886124165,0.46649375557899475,28.564797804661954,1.1684268712997437,0,0,32.51258972201296,1.2084929794073105,0,0,40.32019555804881,1.2333889400959015,0,0,Seoul_Tancheon_WWTP
0,2022-02-15,-4.7,0.0,27.469693289654284,0.459183931350708,28.564797804661954,1.1684268712997437,0,0,32.51258972201296,1.2084929794073105,0,0,40.32019555804881,1.2333889400959015,0,0,Seoul_Tancheon_WWTP
0,2022-02-16,-7.3,0.0,22.18736879730543,0.5283142924308777,28.564797804661954,1.1684268712997437,0,0,32.51258972201296,1.2084929794073105,0,0,40.32019555804881,1.2333889400959015,0,0,Seoul_Tancheon_WWTP
0,2022-02-17,-6.2,0.0,17.449628892309565,0.5292966365814209,28.564797804661954,1.1684268712997437,0,0,32.51258972201296,1.2084929794073105,0,0,40.32019555804881,1.2333889400959015,0,0,Seoul_Tancheon_WWTP
0,2022-02-18,-1.2,0.0,20.112655095327817,0.5407769083976746,28.564797804661954,1.1684268712997437,0,0,32.51258972201296,1.2084929794073105,0,0,40.32019555804881,1.2333889400959015,0,0,Seoul_Tancheon_WWTP
0,2022-02-19,-1.7,0.1,20.793339064200573,0.5549789071083069,28.564797804661954,1.1684268712997437,0,0,32.51258972201296,1.2084929794073105,0,0,40.32019555804881,1.2333889400959015,0,0,Seoul_Tancheon_WWTP
0,2022-02-20,-4.8,0.0,19.302973660122426,0.5389112830162048,28.564797804661954,1.1684268712997437,0,0,32.51258972201296,1.2084929794073105,0,0,40.32019555804881,1.2333889400959015,0,0,Seoul_Tancheon_WWTP
0,2022-02-21,-3.0,0.1,19.121855394283713,0.5134923458099365,28.564797804661954,1.1684268712997437,0,0,32.51258972201296,1.2084929794073105,0,0,40.32019555804881,1.2333889400959015,0,0,Seoul_Tancheon_WWTP
0,2022-02-22,-4.5,0.0,17.917075157165364,0.4996574819087982,28.564797804661954,1.1684268712997437,0,0,32.51258972201296,1.2084929794073105,0,0,40.32019555804881,1.2333889400959015,0,0,Seoul_Tancheon_WWTP
0,2022-02-23,-5.6,0.0,21.65865121515182,0.5100355744361877,28.564797804661954,1.1684268712997437,0,0,32.51258972201296,1.2084929794073105,0,0,40.32019555804881,1.2333889400959015,0,0,Seoul_Tancheon_WWTP
0,2022-02-24,-2.4,0.0,25.46572154716271,0.5447449088096619,28.564797804661954,1.1684268712997437,0,0,32.51258972201296,1.2084929794073105,0,0,40.32019555804881,1.2333889400959015,0,0,Seoul_Tancheon_WWTP
0,2022-02-25,3.0,0.0,22.23999248585237,0.5196303725242615,28.564797804661954,1.1684268712997437,0,0,32.51258972201296,1.2084929794073105,0,0,40.32019555804881,1.2333889400959015,0,0,Seoul_Tancheon_WWTP
0,2022-02-26,5.4,1.1,21.834288721190692,0.5492076277732849,28.564797804661954,1.1684268712997437,0,0,32.51258972201296,1.2084929794073105,0,0,40.32019555804881,1.2333889400959015,0,0,Seoul_Tancheon_WWTP
0,2022-02-27,3.7,0.0,27.40528568065394,0.5566073656082153,28.564797804661954,1.1684268712997437,0,0,32.51258972201296,1.2084929794073105,0,0,40.32019555804881,1.2333889400959015,0,0,Seoul_Tancheon_WWTP
0,2022-02-28,6.8,0.0,17.930822845386775,0.5085676908493042,28.564797804661954,1.1684268712997437,0,0,32.51258972201296,1.2084929794073105,0,0,40.32019555804881,1.2333889400959015,0,0,Seoul_Tancheon_WWTP
0,2022-03-01,5.8,2.3,16.071814784139278,0.4826236665248871,28.564797804661954,1.1684268712997437,0,0,32.51258972201296,1.2084929794073105,0,0,40.32019555804881,1.2333889400959015,0,0,Seoul_Tancheon_WWTP
0,2022-03-02,3.5,0.0,19.071283088982526,0.4477153718471527,28.564797804661954,1.1684268712997437,0,0,32.51258972201296,1.2084929794073105,0,0,40.32019555804881,1.2333889400959015,0,0,Seoul_Tancheon_WWTP
0,2022-03-03,5.8,0.0,19.146486038898697,0.4555240571498871,28.564797804661954,1.1684268712997437,0,0,32.51258972201296,1.2084929794073105,0,0,40.32019555804881,1.2333889400959015,0,0,Seoul_Tancheon_WWTP
0,2022-03-04,6.9,0.0,40.08331072549626,0.4744180738925934,28.564797804661954,1.1684268712997437,1,0,32.51258972201296,1.2084929794073105,1,0,40.32019555804881,1.2333889400959015,0,0,Seoul_Tancheon_WWTP
0,2022-03-05,2.3,0.0,21.390594316811637,0.49100494384765625,28.564797804661954,1.1684268712997437,0,0,32.51258972201296,1.2084929794073105,0,0,40.32019555804881,1.2333889400959015,0,0,Seoul_Tancheon_WWTP
0,2022-03-06,1.4,0.0,22.129997966031283,0.508013129234314,28.564797804661954,1.1684268712997437,0,0,32.51258972201296,1.2084929794073105,0,0,40.32019555804881,1.2333889400959015,0,0,Seoul_Tancheon_WWTP
0,2022-03-07,2.8,0.0,20.754473132304035,0.5332715511322021,28.564797804661954,1.1684268712997437,0,0,32.51258972201296,1.2084929794073105,0,0,40.32019555804881,1.2333889400959015,0,0,Seoul_Tancheon_WWTP
0,2022-03-08,6.0,0.0,17.732874540584383,0.5535526275634766,28.564797804661954,1.1684268712997437,0,0,32.51258972201296,1.2084929794073105,0,0,40.32019555804881,1.2333889400959015,0,0,Seoul_Tancheon_WWTP
0,2022-03-09,7.1,0.0,24.467082388686357,0.5486568212509155,28.564797804661954,1.1684268712997437,0,0,32.51258972201296,1.2084929794073105,0,0,40.32019555804881,1.2333889400959015,0,0,Seoul_Tancheon_WWTP
0,2022-03-10,9.3,0.0,21.245547862490774,0.5078850388526917,28.564797804661954,1.1684268712997437,0,0,32.51258972201296,1.2084929794073105,0,0,40.32019555804881,1.2333889400959015,0,0,Seoul_Tancheon_WWTP
0,2022-03-11,11.2,0.0,27.86380294721427,0.5512388944625854,28.564797804661954,1.1684268712997437,0,0,32.51258972201296,1.2084929794073105,0,0,40.32019555804881,1.2333889400959015,0,0,Seoul_Tancheon_WWTP
0,2022-03-12,12.8,2.6,16.907501936337948,0.5727578401565552,28.564797804661954,1.1684268712997437,0,0,32.51258972201296,1.2084929794073105,0,0,40.32019555804881,1.2333889400959015,0,0,Seoul_Tancheon_WWTP
0,2022-03-13,11.7,42.1,32.58721883489578,0.8796161413192749,28.564797804661954,1.1684268712997437,1,0,32.51258972201296,1.2084929794073105,1,0,40.32019555804881,1.2333889400959015,0,0,Seoul_Tancheon_WWTP
0,2022-03-14,8.2,8.7,19.802972907167856,0.9443591833114624,28.564797804661954,1.1684268712997437,0,0,32.51258972201296,1.2084929794073105,0,0,40.32019555804881,1.2333889400959015,0,0,Seoul_Tancheon_WWTP
0,2022-03-15,7.2,0.0,15.654195497306038,0.9522918462753296,28.564797804661954,1.1684268712997437,0,0,32.51258972201296,1.2084929794073105,0,0,40.32019555804881,1.2333889400959015,0,0,Seoul_Tancheon_WWTP
0,2022-03-16,10.3,0.0,18.662629453060607,0.9590021967887878,28.564797804661954,1.1684268712997437,0,0,32.51258972201296,1.2084929794073105,0,0,40.32019555804881,1.2333889400959015,0,0,Seoul_Tancheon_WWTP
0,2022-03-17,10.7,1.2,14.755084453310026,0.9463886022567749,28.564797804661954,1.1684268712997437,0,0,32.51258972201296,1.2084929794073105,0,0,40.32019555804881,1.2333889400959015,0,0,Seoul_Tancheon_WWTP
0,2022-03-18,7.5,0.0,28.08849174419911,0.9932633638381958,28.564797804661954,1.1684268712997437,0,0,32.51258972201296,1.2084929794073105,0,0,40.32019555804881,1.2333889400959015,0,0,Seoul_Tancheon_WWTP
0,2022-03-19,3.4,14.6,18.93707505305946,1.0391671657562256,28.564797804661954,1.1684268712997437,0,0,32.51258972201296,1.2084929794073105,0,0,40.32019555804881,1.2333889400959015,0,0,Seoul_Tancheon_WWTP
0,2022-03-20,5.4,0.0,16.016192158240322,1.0638679265975952,28.564797804661954,1.1684268712997437,0,0,32.51258972201296,1.2084929794073105,0,0,40.32019555804881,1.2333889400959015,0,0,Seoul_Tancheon_WWTP
0,2022-03-21,5.0,0.0,18.220204076634566,1.0836418867111206,28.564797804661954,1.1684268712997437,0,0,32.51258972201296,1.2084929794073105,0,0,40.32019555804881,1.2333889400959015,0,0,Seoul_Tancheon_WWTP
0,2022-03-22,7.1,0.0,16.45299551294751,1.1333318948745728,28.564797804661954,1.1684268712997437,0,0,32.51258972201296,1.2084929794073105,0,0,40.32019555804881,1.2333889400959015,0,0,Seoul_Tancheon_WWTP
0,2022-03-23,6.2,0.0,21.204194653279114,1.1350940465927124,28.564797804661954,1.1684268712997437,0,0,32.51258972201296,1.2084929794073105,0,0,40.32019555804881,1.2333889400959015,0,0,Seoul_Tancheon_WWTP
0,2022-03-24,8.2,0.0,22.35901561647698,1.1192352771759033,28.564797804661954,1.1684268712997437,0,0,32.51258972201296,1.2084929794073105,0,0,40.32019555804881,1.2333889400959015,0,0,Seoul_Tancheon_WWTP
0,2022-03-25,12.0,10.9,24.23700454002529,1.043018102645874,28.564797804661954,1.1684268712997437,0,0,32.51258972201296,1.2084929794073105,0,0,40.32019555804881,1.2333889400959015,0,0,Seoul_Tancheon_WWTP
0,2022-03-26,11.8,19.8,24.623693147980934,1.291190266609192,28.564797804661954,1.1684268712997437,0,1,32.51258972201296,1.2084929794073105,0,1,40.32019555804881,1.2333889400959015,0,1,Seoul_Tancheon_WWTP
0,2022-03-27,8.1,0.0,18.86313909364946,1.0062344074249268,28.564797804661954,1.1684268712997437,0,0,32.51258972201296,1.2084929794073105,0,0,40.32019555804881,1.2333889400959015,0,0,Seoul_Tancheon_WWTP
0,2022-03-28,8.2,0.0,17.400524942372098,0.9569255113601685,28.564797804661954,1.1684268712997437,0,0,32.51258972201296,1.2084929794073105,0,0,40.32019555804881,1.2333889400959015,0,0,Seoul_Tancheon_WWTP
0,2022-03-29,9.7,0.0,16.805701996221018,0.9598559737205505,28.564797804661954,1.1684268712997437,0,0,32.51258972201296,1.2084929794073105,0,0,40.32019555804881,1.2333889400959015,0,0,Seoul_Tancheon_WWTP
0,2022-03-30,10.8,0.4,18.919522959970315,0.9842764139175415,28.564797804661954,1.1684268712997437,0,0,32.51258972201296,1.2084929794073105,0,0,40.32019555804881,1.2333889400959015,0,0,Seoul_Tancheon_WWTP
0,2022-03-31,10.9,0.0,18.47743224006474,0.9860463738441467,28.564797804661954,1.1684268712997437,0,0,32.51258972201296,1.2084929794073105,0,0,40.32019555804881,1.2333889400959015,0,0,Seoul_Tancheon_WWTP
1,2022-04-01,9.2,0.0,28.010175124359783,0.8073904514312744,32.293676168789354,1.193903613090515,0,0,39.39185040231454,1.3298502326011652,0,0,47.58435402889985,1.3933951699733733,0,0,Seoul_Tancheon_WWTP
1,2022-04-02,8.2,0.0,22.237372469444782,0.7581836581230164,32.293676168789354,1.193903613090515,0,0,39.39185040231454,1.3298502326011652,0,0,47.58435402889985,1.3933951699733733,0,0,Seoul_Tancheon_WWTP
1,2022-04-03,9.6,0.0,25.876254603735067,0.7742259502410889,32.293676168789354,1.193903613090515,0,0,39.39185040231454,1.3298502326011652,0,0,47.58435402889985,1.3933951699733733,0,0,Seoul_Tancheon_WWTP
1,2022-04-04,10.3,0.0,25.51315525828607,0.7819751501083374,32.293676168789354,1.193903613090515,0,0,39.39185040231454,1.3298502326011652,0,0,47.58435402889985,1.3933951699733733,0,0,Seoul_Tancheon_WWTP
1,2022-04-05,10.3,0.0,24.55729376200009,0.8771270513534546,32.293676168789354,1.193903613090515,0,0,39.39185040231454,1.3298502326011652,0,0,47.58435402889985,1.3933951699733733,0,0,Seoul_Tancheon_WWTP
1,2022-04-06,11.7,0.0,21.90982662476187,0.8725554347038269,32.293676168789354,1.193903613090515,0,0,39.39185040231454,1.3298502326011652,0,0,47.58435402889985,1.3933951699733733,0,0,Seoul_Tancheon_WWTP
1,2022-04-07,10.9,0.0,24.14255826973696,0.8621091246604919,32.293676168789354,1.193903613090515,0,0,39.39185040231454,1.3298502326011652,0,0,47.58435402889985,1.3933951699733733,0,0,Seoul_Tancheon_WWTP
1,2022-04-08,12.9,0.0,27.645174889509256,0.8265060186386108,32.293676168789354,1.193903613090515,0,0,39.39185040231454,1.3298502326011652,0,0,47.58435402889985,1.3933951699733733,0,0,Seoul_Tancheon_WWTP
1,2022-04-09,17.8,0.5,27.221133104852143,0.5419037342071533,32.293676168789354,1.193903613090515,0,0,39.39185040231454,1.3298502326011652,0,0,47.58435402889985,1.3933951699733733,0,0,Seoul_Tancheon_WWTP
1,2022-04-10,18.2,0.0,23.7455791540979,0.5559412837028503,32.293676168789354,1.193903613090515,0,0,39.39185040231454,1.3298502326011652,0,0,47.58435402889985,1.3933951699733733,0,0,Seoul_Tancheon_WWTP
1,2022-04-11,19.6,0.0,23.060355819440748,0.6236171126365662,32.293676168789354,1.193903613090515,0,0,39.39185040231454,1.3298502326011652,0,0,47.58435402889985,1.3933951699733733,0,0,Seoul_Tancheon_WWTP
1,2022-04-12,19.3,0.5,21.69609755208521,0.6916303634643555,32.293676168789354,1.193903613090515,0,0,39.39185040231454,1.3298502326011652,0,0,47.58435402889985,1.3933951699733733,0,0,Seoul_Tancheon_WWTP
1,2022-04-13,13.1,1.3,23.886271900210335,0.7567871809005737,32.293676168789354,1.193903613090515,0,0,39.39185040231454,1.3298502326011652,0,0,47.58435402889985,1.3933951699733733,0,0,Seoul_Tancheon_WWTP
1,2022-04-14,13.2,0.0,26.314336738695225,0.8458471894264221,32.293676168789354,1.193903613090515,0,0,39.39185040231454,1.3298502326011652,0,0,47.58435402889985,1.3933951699733733,0,0,Seoul_Tancheon_WWTP
1,2022-04-15,13.3,0.0,20.54905030816791,0.8087267279624939,32.293676168789354,1.193903613090515,0,0,39.39185040231454,1.3298502326011652,0,0,47.58435402889985,1.3933951699733733,0,0,Seoul_Tancheon_WWTP
1,2022-04-16,13.2,0.0,22.564853074013158,0.8194034695625305,32.293676168789354,1.193903613090515,0,0,39.39185040231454,1.3298502326011652,0,0,47.58435402889985,1.3933951699733733,0,0,Seoul_Tancheon_WWTP
1,2022-04-17,14.0,0.0,29.01277634451777,0.8133898377418518,32.293676168789354,1.193903613090515,0,0,39.39185040231454,1.3298502326011652,0,0,47.58435402889985,1.3933951699733733,0,0,Seoul_Tancheon_WWTP
1,2022-04-18,15.2,0.0,20.912387556759374,0.7849600315093994,32.293676168789354,1.193903613090515,0,0,39.39185040231454,1.3298502326011652,0,0,47.58435402889985,1.3933951699733733,0,0,Seoul_Tancheon_WWTP
1,2022-04-19,15.2,0.0,23.308385194234237,0.7526615262031555,32.293676168789354,1.193903613090515,0,0,39.39185040231454,1.3298502326011652,0,0,47.58435402889985,1.3933951699733733,0,0,Seoul_Tancheon_WWTP
1,2022-04-20,15.7,0.0,25.56877899856108,0.7841551303863525,32.293676168789354,1.193903613090515,0,0,39.39185040231454,1.3298502326011652,0,0,47.58435402889985,1.3933951699733733,0,0,Seoul_Tancheon_WWTP
1,2022-04-21,16.3,0.0,55.45303526664097,0.8073049187660217,32.293676168789354,1.193903613090515,1,0,39.39185040231454,1.3298502326011652,1,0,47.58435402889985,1.3933951699733733,1,0,Seoul_Tancheon_WWTP
1,2022-04-22,15.0,0.0,30.24714528954628,0.8526625037193298,32.293676168789354,1.193903613090515,0,0,39.39185040231454,1.3298502326011652,0,0,47.58435402889985,1.3933951699733733,0,0,Seoul_Tancheon_WWTP
1,2022-04-23,17.7,0.0,24.862534132083177,0.7830260992050171,32.293676168789354,1.193903613090515,0,0,39.39185040231454,1.3298502326011652,0,0,47.58435402889985,1.3933951699733733,0,0,Seoul_Tancheon_WWTP
1,2022-04-24,18.5,0.3,25.214298056443326,0.7680492401123047,32.293676168789354,1.193903613090515,0,0,39.39185040231454,1.3298502326011652,0,0,47.58435402889985,1.3933951699733733,0,0,Seoul_Tancheon_WWTP
1,2022-04-25,20.0,1.3,32.02508147272158,0.8072687983512878,32.293676168789354,1.193903613090515,0,0,39.39185040231454,1.3298502326011652,0,0,47.58435402889985,1.3933951699733733,0,0,Seoul_Tancheon_WWTP
1,2022-04-26,21.9,1.0,22.879919013226925,0.8845424056053162,32.293676168789354,1.193903613090515,0,0,39.39185040231454,1.3298502326011652,0,0,47.58435402889985,1.3933951699733733,0,0,Seoul_Tancheon_WWTP
1,2022-04-27,17.7,0.0,29.236852727419546,0.8498136401176453,32.293676168789354,1.193903613090515,0,0,39.39185040231454,1.3298502326011652,0,0,47.58435402889985,1.3933951699733733,0,0,Seoul_Tancheon_WWTP
1,2022-04-28,18.2,0.0,30.794574540592112,0.8269379138946533,32.293676168789354,1.193903613090515,0,0,39.39185040231454,1.3298502326011652,0,0,47.58435402889985,1.3933951699733733,0,0,Seoul_Tancheon_WWTP
1,2022-04-29,13.4,15.5,27.22575625970412,0.9395362734794617,32.293676168789354,1.193903613090515,0,0,39.39185040231454,1.3298502326011652,0,0,47.58435402889985,1.3933951699733733,0,0,Seoul_Tancheon_WWTP
1,2022-04-30,13.0,0.0,20.028295115652206,0.9801326394081116,32.293676168789354,1.193903613090515,0,0,39.39185040231454,1.3298502326011652,0,0,47.58435402889985,1.3933951699733733,0,0,Seoul_Tancheon_WWTP
1,2022-05-01,13.4,0.0,23.096914318339945,0.9622707366943359,32.293676168789354,1.193903613090515,0,0,39.39185040231454,1.3298502326011652,0,0,47.58435402889985,1.3933951699733733,0,0,Seoul_Tancheon_WWTP
1,2022-05-02,14.2,0.0,21.886924365005143,0.9577057957649231,32.293676168789354,1.193903613090515,0,0,39.39185040231454,1.3298502326011652,0,0,47.58435402889985,1.3933951699733733,0,0,Seoul_Tancheon_WWTP
1,2022-05-03,14.8,0.0,26.397495467524696,0.9735244512557983,32.293676168789354,1.193903613090515,0,0,39.39185040231454,1.3298502326011652,0,0,47.58435402889985,1.3933951699733733,0,0,Seoul_Tancheon_WWTP
1,2022-05-04,17.8,0.0,26.61895887876664,0.9786278605461121,32.293676168789354,1.193903613090515,0,0,39.39185040231454,1.3298502326011652,0,0,47.58435402889985,1.3933951699733733,0,0,Seoul_Tancheon_WWTP
1,2022-05-05,18.9,0.0,24.365226685820776,0.951183557510376,32.293676168789354,1.193903613090515,0,0,39.39185040231454,1.3298502326011652,0,0,47.58435402889985,1.3933951699733733,0,0,Seoul_Tancheon_WWTP
1,2022-05-06,19.6,0.0,34.701100471477744,0.9281994104385376,32.293676168789354,1.193903613090515,1,0,39.39185040231454,1.3298502326011652,0,0,47.58435402889985,1.3933951699733733,0,0,Seoul_Tancheon_WWTP
1,2022-05-07,18.4,0.5,44.758750357572254,0.9082643985748291,32.293676168789354,1.193903613090515,1,0,39.39185040231454,1.3298502326011652,1,0,47.58435402889985,1.3933951699733733,0,0,Seoul_Tancheon_WWTP
1,2022-05-08,15.3,2.0,52.93783995017519,0.8957887291908264,32.293676168789354,1.193903613090515,1,0,39.39185040231454,1.3298502326011652,1,0,47.58435402889985,1.3933951699733733,1,0,Seoul_Tancheon_WWTP
1,2022-05-09,17.9,0.0,24.870548610233822,0.8516448736190796,32.293676168789354,1.193903613090515,0,0,39.39185040231454,1.3298502326011652,0,0,47.58435402889985,1.3933951699733733,0,0,Seoul_Tancheon_WWTP
1,2022-05-10,19.9,0.0,50.91807063112033,0.8676259517669678,32.293676168789354,1.193903613090515,1,0,39.39185040231454,1.3298502326011652,1,0,47.58435402889985,1.3933951699733733,1,0,Seoul_Tancheon_WWTP
1,2022-05-11,19.7,0.0,54.107952748823394,0.83961421251297,32.293676168789354,1.193903613090515,1,0,39.39185040231454,1.3298502326011652,1,0,47.58435402889985,1.3933951699733733,1,0,Seoul_Tancheon_WWTP
1,2022-05-12,20.9,0.0,21.970827053256773,0.7500518560409546,32.293676168789354,1.193903613090515,0,0,39.39185040231454,1.3298502326011652,0,0,47.58435402889985,1.3933951699733733,0,0,Seoul_Tancheon_WWTP
1,2022-05-13,19.4,0.0,23.78628777396862,0.5513686537742615,32.293676168789354,1.193903613090515,0,0,39.39185040231454,1.3298502326011652,0,0,47.58435402889985,1.3933951699733733,0,0,Seoul_Tancheon_WWTP
1,2022-05-14,15.7,0.0,19.847807871489856,0.5764408111572266,32.293676168789354,1.193903613090515,0,0,39.39185040231454,1.3298502326011652,0,0,47.58435402889985,1.3933951699733733,0,0,Seoul_Tancheon_WWTP
1,2022-05-15,16.2,0.0,53.59156926948285,0.6452986001968384,32.293676168789354,1.193903613090515,1,0,39.39185040231454,1.3298502326011652,1,0,47.58435402889985,1.3933951699733733,1,0,Seoul_Tancheon_WWTP
1,2022-05-16,17.3,0.0,24.924104774172328,0.6535093188285828,32.293676168789354,1.193903613090515,0,0,39.39185040231454,1.3298502326011652,0,0,47.58435402889985,1.3933951699733733,0,0,Seoul_Tancheon_WWTP
1,2022-05-17,20.0,0.0,27.373838355465484,0.6976126432418823,32.293676168789354,1.193903613090515,0,0,39.39185040231454,1.3298502326011652,0,0,47.58435402889985,1.3933951699733733,0,0,Seoul_Tancheon_WWTP
1,2022-05-18,20.0,1.5,35.15864465047457,0.7475951910018921,32.293676168789354,1.193903613090515,1,0,39.39185040231454,1.3298502326011652,0,0,47.58435402889985,1.3933951699733733,0,0,Seoul_Tancheon_WWTP
1,2022-05-19,19.9,0.0,25.53611316214264,0.7118664979934692,32.293676168789354,1.193903613090515,0,0,39.39185040231454,1.3298502326011652,0,0,47.58435402889985,1.3933951699733733,0,0,Seoul_Tancheon_WWTP
1,2022-05-20,20.6,0.0,24.16164581328388,0.7364257574081421,32.293676168789354,1.193903613090515,0,0,39.39185040231454,1.3298502326011652,0,0,47.58435402889985,1.3933951699733733,0,0,Seoul_Tancheon_WWTP
1,2022-05-21,20.1,0.0,23.701129140380683,0.7172361016273499,32.293676168789354,1.193903613090515,0,0,39.39185040231454,1.3298502326011652,0,0,47.58435402889985,1.3933951699733733,0,0,Seoul_Tancheon_WWTP
1,2022-05-22,20.3,0.0,25.408634152157063,0.7329164743423462,32.293676168789354,1.193903613090515,0,0,39.39185040231454,1.3298502326011652,0,0,47.58435402889985,1.3933951699733733,0,0,Seoul_Tancheon_WWTP
1,2022-05-23,23.0,0.0,20.595470652842977,0.6928731203079224,32.293676168789354,1.193903613090515,0,0,39.39185040231454,1.3298502326011652,0,0,47.58435402889985,1.3933951699733733,0,0,Seoul_Tancheon_WWTP
1,2022-05-24,22.9,0.0,25.38490584197022,0.6742624640464783,32.293676168789354,1.193903613090515,0,0,39.39185040231454,1.3298502326011652,0,0,47.58435402889985,1.3933951699733733,0,0,Seoul_Tancheon_WWTP
1,2022-05-25,21.0,3.5,25.421361075525883,0.6293280124664307,32.293676168789354,1.193903613090515,0,0,39.39185040231454,1.3298502326011652,0,0,47.58435402889985,1.3933951699733733,0,0,Seoul_Tancheon_WWTP
1,2022-05-26,18.7,0.0,20.487961029786288,0.6136216521263123,32.293676168789354,1.193903613090515,0,0,39.39185040231454,1.3298502326011652,0,0,47.58435402889985,1.3933951699733733,0,0,Seoul_Tancheon_WWTP
1,2022-05-27,20.0,0.0,26.70087138837329,0.638929545879364,32.293676168789354,1.193903613090515,0,0,39.39185040231454,1.3298502326011652,0,0,47.58435402889985,1.3933951699733733,0,0,Seoul_Tancheon_WWTP
1,2022-05-28,22.3,0.0,61.06591529203796,0.6641995310783386,32.293676168789354,1.193903613090515,1,0,39.39185040231454,1.3298502326011652,1,0,47.58435402889985,1.3933951699733733,1,0,Seoul_Tancheon_WWTP
1,2022-05-29,23.1,0.0,56.0843408892263,0.6933103799819946,32.293676168789354,1.193903613090515,1,0,39.39185040231454,1.3298502326011652,1,0,47.58435402889985,1.3933951699733733,1,0,Seoul_Tancheon_WWTP
1,2022-05-30,20.8,0.0,25.107046075175337,0.624783992767334,32.293676168789354,1.193903613090515,0,0,39.39185040231454,1.3298502326011652,0,0,47.58435402889985,1.3933951699733733,0,0,Seoul_Tancheon_WWTP
1,2022-05-31,20.7,0.0,54.032014573585684,0.6051710247993469,32.293676168789354,1.193903613090515,1,0,39.39185040231454,1.3298502326011652,1,0,47.58435402889985,1.3933951699733733,1,0,Seoul_Tancheon_WWTP
1,2022-06-01,22.1,0.0,48.74937477612218,0.5612271428108215,32.293676168789354,1.193903613090515,1,0,39.39185040231454,1.3298502326011652,1,0,47.58435402889985,1.3933951699733733,1,0,Seoul_Tancheon_WWTP
1,2022-06-02,21.5,0.0,24.354918301444616,0.5643914341926575,32.293676168789354,1.193903613090515,0,0,39.39185040231454,1.3298502326011652,0,0,47.58435402889985,1.3933951699733733,0,0,Seoul_Tancheon_WWTP
1,2022-06-03,24.5,0.0,30.16849838089449,0.5958320498466492,32.293676168789354,1.193903613090515,0,0,39.39185040231454,1.3298502326011652,0,0,47.58435402889985,1.3933951699733733,0,0,Seoul_Tancheon_WWTP
1,2022-06-04,25.6,0.0,51.025023901863335,0.6319733262062073,32.293676168789354,1.193903613090515,1,0,39.39185040231454,1.3298502326011652,1,0,47.58435402889985,1.3933951699733733,1,0,Seoul_Tancheon_WWTP
1,2022-06-05,22.7,0.0,47.9552758863216,0.6750668883323669,32.293676168789354,1.193903613090515,1,0,39.39185040231454,1.3298502326011652,1,0,47.58435402889985,1.3933951699733733,1,0,Seoul_Tancheon_WWTP
1,2022-06-06,19.7,4.3,26.37565642257891,0.6182965040206909,32.293676168789354,1.193903613090515,0,0,39.39185040231454,1.3298502326011652,0,0,47.58435402889985,1.3933951699733733,0,0,Seoul_Tancheon_WWTP
1,2022-06-07,20.6,0.0,27.098083235503296,0.5917959213256836,32.293676168789354,1.193903613090515,0,0,39.39185040231454,1.3298502326011652,0,0,47.58435402889985,1.3933951699733733,0,0,Seoul_Tancheon_WWTP
1,2022-06-08,21.2,0.0,20.720959992510004,0.5103735327720642,32.293676168789354,1.193903613090515,0,0,39.39185040231454,1.3298502326011652,0,0,47.58435402889985,1.3933951699733733,0,0,Seoul_Tancheon_WWTP
1,2022-06-09,20.9,2.6,27.142514498494535,0.491720587015152,32.293676168789354,1.193903613090515,0,0,39.39185040231454,1.3298502326011652,0,0,47.58435402889985,1.3933951699733733,0,0,Seoul_Tancheon_WWTP
1,2022-06-10,20.9,1.2,30.650317913633607,0.5015625953674316,32.293676168789354,1.193903613090515,0,0,39.39185040231454,1.3298502326011652,0,0,47.58435402889985,1.3933951699733733,0,0,Seoul_Tancheon_WWTP
1,2022-06-11,24.6,0.0,55.309620236910206,0.4503362476825714,32.293676168789354,1.193903613090515,1,0,39.39185040231454,1.3298502326011652,1,0,47.58435402889985,1.3933951699733733,1,0,Seoul_Tancheon_WWTP
1,2022-06-12,24.6,0.0,53.43970558733362,0.44338420033454895,32.293676168789354,1.193903613090515,1,0,39.39185040231454,1.3298502326011652,1,0,47.58435402889985,1.3933951699733733,1,0,Seoul_Tancheon_WWTP
1,2022-06-13,23.6,18.0,60.060935743630594,0.6301150918006897,32.293676168789354,1.193903613090515,1,0,39.39185040231454,1.3298502326011652,1,0,47.58435402889985,1.3933951699733733,1,0,Seoul_Tancheon_WWTP
1,2022-06-14,21.5,0.0,19.11770437222093,0.6164364814758301,32.293676168789354,1.193903613090515,0,0,39.39185040231454,1.3298502326011652,0,0,47.58435402889985,1.3933951699733733,0,0,Seoul_Tancheon_WWTP
1,2022-06-15,17.5,18.5,31.06772131011534,0.7605108618736267,32.293676168789354,1.193903613090515,0,0,39.39185040231454,1.3298502326011652,0,0,47.58435402889985,1.3933951699733733,0,0,Seoul_Tancheon_WWTP
1,2022-06-16,20.3,0.7,15.627482721225622,0.6773098111152649,32.293676168789354,1.193903613090515,0,0,39.39185040231454,1.3298502326011652,0,0,47.58435402889985,1.3933951699733733,0,0,Seoul_Tancheon_WWTP
1,2022-06-17,22.5,0.0,19.120062255046772,0.6684092879295349,32.293676168789354,1.193903613090515,0,0,39.39185040231454,1.3298502326011652,0,0,47.58435402889985,1.3933951699733733,0,0,Seoul_Tancheon_WWTP
1,2022-06-18,23.3,0.0,27.78556051034613,0.7353854179382324,32.293676168789354,1.193903613090515,0,0,39.39185040231454,1.3298502326011652,0,0,47.58435402889985,1.3933951699733733,0,0,Seoul_Tancheon_WWTP
1,2022-06-19,23.4,0.0,26.630239546640613,0.7432615756988525,32.293676168789354,1.193903613090515,0,0,39.39185040231454,1.3298502326011652,0,0,47.58435402889985,1.3933951699733733,0,0,Seoul_Tancheon_WWTP
1,2022-06-20,25.2,0.0,19.6608556118443,0.6605878472328186,32.293676168789354,1.193903613090515,0,0,39.39185040231454,1.3298502326011652,0,0,47.58435402889985,1.3933951699733733,0,0,Seoul_Tancheon_WWTP
1,2022-06-21,26.5,0.0,23.366230254634072,0.6455750465393066,32.293676168789354,1.193903613090515,0,0,39.39185040231454,1.3298502326011652,0,0,47.58435402889985,1.3933951699733733,0,0,Seoul_Tancheon_WWTP
1,2022-06-22,25.9,0.0,24.583392176514263,0.6926434636116028,32.293676168789354,1.193903613090515,0,0,39.39185040231454,1.3298502326011652,0,0,47.58435402889985,1.3933951699733733,0,0,Seoul_Tancheon_WWTP
1,2022-06-23,24.3,103.0,51.834183693698634,1.8713390827178955,32.293676168789354,1.193903613090515,1,1,39.39185040231454,1.3298502326011652,1,1,47.58435402889985,1.3933951699733733,1,1,Seoul_Tancheon_WWTP
1,2022-06-24,22.6,19.1,52.42388218188688,2.0822880268096924,32.293676168789354,1.193903613090515,1,1,39.39185040231454,1.3298502326011652,1,1,47.58435402889985,1.3933951699733733,1,1,Seoul_Tancheon_WWTP
1,2022-06-25,26.0,0.0,23.07418592180075,2.0003814697265625,32.293676168789354,1.193903613090515,0,1,39.39185040231454,1.3298502326011652,0,1,47.58435402889985,1.3933951699733733,0,1,Seoul_Tancheon_WWTP
1,2022-06-26,26.5,0.0,27.624790723885624,1.848145842552185,32.293676168789354,1.193903613090515,0,1,39.39185040231454,1.3298502326011652,0,1,47.58435402889985,1.3933951699733733,0,1,Seoul_Tancheon_WWTP
1,2022-06-27,26.8,6.1,23.006874032273352,1.5652360916137695,32.293676168789354,1.193903613090515,0,1,39.39185040231454,1.3298502326011652,0,1,47.58435402889985,1.3933951699733733,0,1,Seoul_Tancheon_WWTP
1,2022-06-28,26.9,6.3,33.79498745914901,1.4584193229675293,32.293676168789354,1.193903613090515,1,1,39.39185040231454,1.3298502326011652,0,1,47.58435402889985,1.3933951699733733,0,1,Seoul_Tancheon_WWTP
1,2022-06-29,25.1,37.8,43.181760919008966,1.630058765411377,32.293676168789354,1.193903613090515,1,1,39.39185040231454,1.3298502326011652,1,1,47.58435402889985,1.3933951699733733,0,1,Seoul_Tancheon_WWTP
2,2022-06-30,22.3,176.2,129.88881495485265,3.236943483352661,31.65491733851213,1.1454168736934662,1,1,37.19477251492562,1.279455745220185,1,1,47.36232965692386,1.3522476279735565,1,1,Seoul_Tancheon_WWTP
2,2022-07-01,26.6,0.0,26.06274880239694,3.391822576522827,31.65491733851213,1.1454168736934662,0,1,37.19477251492562,1.279455745220185,0,1,47.36232965692386,1.3522476279735565,0,1,Seoul_Tancheon_WWTP
2,2022-07-02,28.8,0.0,27.95747421527966,3.3410823345184326,31.65491733851213,1.1454168736934662,0,1,37.19477251492562,1.279455745220185,0,1,47.36232965692386,1.3522476279735565,0,1,Seoul_Tancheon_WWTP
2,2022-07-03,29.3,0.0,21.250626230371356,3.3207919597625732,31.65491733851213,1.1454168736934662,0,1,37.19477251492562,1.279455745220185,0,1,47.36232965692386,1.3522476279735565,0,1,Seoul_Tancheon_WWTP
2,2022-07-04,29.3,0.0,17.365949782635525,3.3103995323181152,31.65491733851213,1.1454168736934662,0,1,37.19477251492562,1.279455745220185,0,1,47.36232965692386,1.3522476279735565,0,1,Seoul_Tancheon_WWTP
2,2022-07-05,29.2,0.0,19.31437173059367,3.2760298252105713,31.65491733851213,1.1454168736934662,0,1,37.19477251492562,1.279455745220185,0,1,47.36232965692386,1.3522476279735565,0,1,Seoul_Tancheon_WWTP
2,2022-07-06,29.5,16.1,48.90196875104567,3.308565616607666,31.65491733851213,1.1454168736934662,1,1,37.19477251492562,1.279455745220185,1,1,47.36232965692386,1.3522476279735565,1,1,Seoul_Tancheon_WWTP
2,2022-07-07,28.2,0.0,18.833919503848797,2.4735960960388184,31.65491733851213,1.1454168736934662,0,1,37.19477251492562,1.279455745220185,0,1,47.36232965692386,1.3522476279735565,0,1,Seoul_Tancheon_WWTP
2,2022-07-08,25.8,1.7,25.25116826063941,2.2919180393218994,31.65491733851213,1.1454168736934662,0,1,37.19477251492562,1.279455745220185,0,1,47.36232965692386,1.3522476279735565,0,1,Seoul_Tancheon_WWTP
2,2022-07-09,26.9,0.1,18.15965243754487,2.2823500633239746,31.65491733851213,1.1454168736934662,0,1,37.19477251492562,1.279455745220185,0,1,47.36232965692386,1.3522476279735565,0,1,Seoul_Tancheon_WWTP
2,2022-07-10,29.2,0.0,18.87347236383722,2.2864973545074463,31.65491733851213,1.1454168736934662,0,1,37.19477251492562,1.279455745220185,0,1,47.36232965692386,1.3522476279735565,0,1,Seoul_Tancheon_WWTP
2,2022-07-11,27.0,9.0,35.65106338733712,2.3819267749786377,31.65491733851213,1.1454168736934662,1,1,37.19477251492562,1.279455745220185,0,1,47.36232965692386,1.3522476279735565,0,1,Seoul_Tancheon_WWTP
2,2022-07-12,26.8,0.0,19.577881387642787,2.4354054927825928,31.65491733851213,1.1454168736934662,0,1,37.19477251492562,1.279455745220185,0,1,47.36232965692386,1.3522476279735565,0,1,Seoul_Tancheon_WWTP
2,2022-07-13,25.0,114.5,51.66342817064415,3.258735418319702,31.65491733851213,1.1454168736934662,1,1,37.19477251492562,1.279455745220185,1,1,47.36232965692386,1.3522476279735565,1,1,Seoul_Tancheon_WWTP
2,2022-07-14,25.7,0.9,18.544153941304646,1.3605824708938599,31.65491733851213,1.1454168736934662,0,1,37.19477251492562,1.279455745220185,0,1,47.36232965692386,1.3522476279735565,0,1,Seoul_Tancheon_WWTP
2,2022-07-15,26.0,0.0,17.831392908754527,1.3004487752914429,31.65491733851213,1.1454168736934662,0,1,37.19477251492562,1.279455745220185,0,1,47.36232965692386,1.3522476279735565,0,0,Seoul_Tancheon_WWTP
2,2022-07-16,24.8,34.0,51.505244366726714,1.4366079568862915,31.65491733851213,1.1454168736934662,1,1,37.19477251492562,1.279455745220185,1,1,47.36232965692386,1.3522476279735565,1,1,Seoul_Tancheon_WWTP
2,2022-07-17,25.5,0.0,15.382519483340705,1.4317582845687866,31.65491733851213,1.1454168736934662,0,1,37.19477251492562,1.279455745220185,0,1,47.36232965692386,1.3522476279735565,0,1,Seoul_Tancheon_WWTP
2,2022-07-18,26.8,0.0,18.294662372754317,1.5413169860839844,31.65491733851213,1.1454168736934662,0,1,37.19477251492562,1.279455745220185,0,1,47.36232965692386,1.3522476279735565,0,1,Seoul_Tancheon_WWTP
2,2022-07-19,27.4,0.0,17.63520132854075,1.5574792623519897,31.65491733851213,1.1454168736934662,0,1,37.19477251492562,1.279455745220185,0,1,47.36232965692386,1.3522476279735565,0,1,Seoul_Tancheon_WWTP
2,2022-07-20,27.1,1.1,18.05556378415521,1.4938350915908813,31.65491733851213,1.1454168736934662,0,1,37.19477251492562,1.279455745220185,0,1,47.36232965692386,1.3522476279735565,0,1,Seoul_Tancheon_WWTP
2,2022-07-21,23.2,10.4,23.654360303344724,1.432543396949768,31.65491733851213,1.1454168736934662,0,1,37.19477251492562,1.279455745220185,0,1,47.36232965692386,1.3522476279735565,0,1,Seoul_Tancheon_WWTP
2,2022-07-22,25.1,5.2,29.799109721278246,1.3742586374282837,31.65491733851213,1.1454168736934662,0,1,37.19477251492562,1.279455745220185,0,1,47.36232965692386,1.3522476279735565,0,1,Seoul_Tancheon_WWTP
2,2022-07-23,24.8,9.9,21.77378650326466,1.350799798965454,31.65491733851213,1.1454168736934662,0,1,37.19477251492562,1.279455745220185,0,1,47.36232965692386,1.3522476279735565,0,0,Seoul_Tancheon_WWTP
2,2022-07-24,25.0,1.2,22.0866676866978,1.385754108428955,31.65491733851213,1.1454168736934662,0,1,37.19477251492562,1.279455745220185,0,1,47.36232965692386,1.3522476279735565,0,1,Seoul_Tancheon_WWTP
2,2022-07-25,27.5,0.0,17.792257977979908,1.4486207962036133,31.65491733851213,1.1454168736934662,0,1,37.19477251492562,1.279455745220185,0,1,47.36232965692386,1.3522476279735565,0,1,Seoul_Tancheon_WWTP
2,2022-07-26,28.9,0.0,21.740895180328053,1.5367578268051147,31.65491733851213,1.1454168736934662,0,1,37.19477251492562,1.279455745220185,0,1,47.36232965692386,1.3522476279735565,0,1,Seoul_Tancheon_WWTP
2,2022-07-27,29.3,0.0,19.65354945669147,0.7723996639251709,31.65491733851213,1.1454168736934662,0,0,37.19477251492562,1.279455745220185,0,0,47.36232965692386,1.3522476279735565,0,0,Seoul_Tancheon_WWTP
2,2022-07-28,29.7,0.0,16.680878431829456,0.7548002600669861,31.65491733851213,1.1454168736934662,0,0,37.19477251492562,1.279455745220185,0,0,47.36232965692386,1.3522476279735565,0,0,Seoul_Tancheon_WWTP
2,2022-07-29,30.7,0.0,20.720378639519318,0.7575267553329468,31.65491733851213,1.1454168736934662,0,0,37.19477251492562,1.279455745220185,0,0,47.36232965692386,1.3522476279735565,0,0,Seoul_Tancheon_WWTP
2,2022-07-30,30.9,1.0,20.792367025961063,0.43588754534721375,31.65491733851213,1.1454168736934662,0,0,37.19477251492562,1.279455745220185,0,0,47.36232965692386,1.3522476279735565,0,0,Seoul_Tancheon_WWTP
2,2022-07-31,27.2,47.2,43.94309375639699,0.7172068953514099,31.65491733851213,1.1454168736934662,1,0,37.19477251492562,1.279455745220185,1,0,47.36232965692386,1.3522476279735565,0,0,Seoul_Tancheon_WWTP
2,2022-08-01,28.6,30.0,41.086800139139356,1.0531158447265625,31.65491733851213,1.1454168736934662,1,0,37.19477251492562,1.279455745220185,1,0,47.36232965692386,1.3522476279735565,0,0,Seoul_Tancheon_WWTP
2,2022-08-02,26.8,33.5,29.00218606626437,1.2584651708602905,31.65491733851213,1.1454168736934662,0,1,37.19477251492562,1.279455745220185,0,0,47.36232965692386,1.3522476279735565,0,0,Seoul_Tancheon_WWTP
2,2022-08-03,27.1,51.1,41.115919623385764,1.8423819541931152,31.65491733851213,1.1454168736934662,1,1,37.19477251492562,1.279455745220185,1,1,47.36232965692386,1.3522476279735565,0,1,Seoul_Tancheon_WWTP
2,2022-08-04,28.9,0.0,17.071262547316312,1.7032115459442139,31.65491733851213,1.1454168736934662,0,1,37.19477251492562,1.279455745220185,0,1,47.36232965692386,1.3522476279735565,0,1,Seoul_Tancheon_WWTP
2,2022-08-05,29.4,0.0,17.766731210116305,1.5288063287734985,31.65491733851213,1.1454168736934662,0,1,37.19477251492562,1.279455745220185,0,1,47.36232965692386,1.3522476279735565,0,1,Seoul_Tancheon_WWTP
2,2022-08-06,28.7,13.6,37.320843501190936,1.3818985223770142,31.65491733851213,1.1454168736934662,1,1,37.19477251492562,1.279455745220185,1,1,47.36232965692386,1.3522476279735565,0,1,Seoul_Tancheon_WWTP
2,2022-08-07,28.9,0.9,19.891683376844632,1.1847091913223267,31.65491733851213,1.1454168736934662,0,1,37.19477251492562,1.279455745220185,0,0,47.36232965692386,1.3522476279735565,0,0,Seoul_Tancheon_WWTP
2,2022-08-08,26.8,129.6,73.08609640346693,2.103252410888672,31.65491733851213,1.1454168736934662,1,1,37.19477251492562,1.279455745220185,1,1,47.36232965692386,1.3522476279735565,1,1,Seoul_Tancheon_WWTP
2,2022-08-09,25.1,123.1,115.22671641383633,3.0159754753112793,31.65491733851213,1.1454168736934662,1,1,37.19477251492562,1.279455745220185,1,1,47.36232965692386,1.3522476279735565,1,1,Seoul_Tancheon_WWTP
2,2022-08-10,24.7,7.6,46.96361079705443,3.138441324234009,31.65491733851213,1.1454168736934662,1,1,37.19477251492562,1.279455745220185,1,1,47.36232965692386,1.3522476279735565,0,1,Seoul_Tancheon_WWTP
2,2022-08-11,25.0,38.8,42.64127580799874,3.3369669914245605,31.65491733851213,1.1454168736934662,1,1,37.19477251492562,1.279455745220185,1,1,47.36232965692386,1.3522476279735565,0,1,Seoul_Tancheon_WWTP
2,2022-08-12,27.0,0.0,19.30016707794058,3.4536712169647217,31.65491733851213,1.1454168736934662,0,1,37.19477251492562,1.279455745220185,0,1,47.36232965692386,1.3522476279735565,0,1,Seoul_Tancheon_WWTP
2,2022-08-13,25.8,4.0,23.120622416864926,3.6177947521209717,31.65491733851213,1.1454168736934662,0,1,37.19477251492562,1.279455745220185,0,1,47.36232965692386,1.3522476279735565,0,1,Seoul_Tancheon_WWTP
2,2022-08-14,27.6,3.0,40.14385923740103,3.5933778285980225,31.65491733851213,1.1454168736934662,1,1,37.19477251492562,1.279455745220185,1,1,47.36232965692386,1.3522476279735565,0,1,Seoul_Tancheon_WWTP
2,2022-08-15,28.1,0.9,36.90564988388651,3.4438366889953613,31.65491733851213,1.1454168736934662,1,1,37.19477251492562,1.279455745220185,0,1,47.36232965692386,1.3522476279735565,0,1,Seoul_Tancheon_WWTP
2,2022-08-16,26.7,0.0,23.266752176728346,3.41367244720459,31.65491733851213,1.1454168736934662,0,1,37.19477251492562,1.279455745220185,0,1,47.36232965692386,1.3522476279735565,0,1,Seoul_Tancheon_WWTP
2,2022-08-17,26.0,0.0,19.936320985782295,2.910856008529663,31.65491733851213,1.1454168736934662,0,1,37.19477251492562,1.279455745220185,0,1,47.36232965692386,1.3522476279735565,0,1,Seoul_Tancheon_WWTP
2,2022-08-18,25.6,0.0,19.106346332937495,2.858696460723877,31.65491733851213,1.1454168736934662,0,1,37.19477251492562,1.279455745220185,0,1,47.36232965692386,1.3522476279735565,0,1,Seoul_Tancheon_WWTP
2,2022-08-19,26.0,66.1,57.25226223711212,3.3820652961730957,31.65491733851213,1.1454168736934662,1,1,37.19477251492562,1.279455745220185,1,1,47.36232965692386,1.3522476279735565,1,1,Seoul_Tancheon_WWTP
2,2022-08-20,28.2,0.0,17.53146046212423,3.47304368019104,31.65491733851213,1.1454168736934662,0,1,37.19477251492562,1.279455745220185,0,1,47.36232965692386,1.3522476279735565,0,1,Seoul_Tancheon_WWTP
2,2022-08-21,28.1,0.0,16.508659894407756,3.549783945083618,31.65491733851213,1.1454168736934662,0,1,37.19477251492562,1.279455745220185,0,1,47.36232965692386,1.3522476279735565,0,1,Seoul_Tancheon_WWTP
2,2022-08-22,26.8,3.2,21.67091131495158,2.4706389904022217,31.65491733851213,1.1454168736934662,0,1,37.19477251492562,1.279455745220185,0,1,47.36232965692386,1.3522476279735565,0,1,Seoul_Tancheon_WWTP
2,2022-08-23,25.4,2.2,18.319193619629356,1.5974781513214111,31.65491733851213,1.1454168736934662,0,1,37.19477251492562,1.279455745220185,0,1,47.36232965692386,1.3522476279735565,0,1,Seoul_Tancheon_WWTP
2,2022-08-24,24.8,0.0,19.756756393522686,1.6796852350234985,31.65491733851213,1.1454168736934662,0,1,37.19477251492562,1.279455745220185,0,1,47.36232965692386,1.3522476279735565,0,1,Seoul_Tancheon_WWTP
2,2022-08-25,22.2,1.6,21.149507450624846,1.6084401607513428,31.65491733851213,1.1454168736934662,0,1,37.19477251492562,1.279455745220185,0,1,47.36232965692386,1.3522476279735565,0,1,Seoul_Tancheon_WWTP
2,2022-08-26,23.8,0.0,18.11719378163737,1.4637199640274048,31.65491733851213,1.1454168736934662,0,1,37.19477251492562,1.279455745220185,0,1,47.36232965692386,1.3522476279735565,0,1,Seoul_Tancheon_WWTP
2,2022-08-27,21.5,17.6,51.755189569734725,1.352734088897705,31.65491733851213,1.1454168736934662,1,1,37.19477251492562,1.279455745220185,1,1,47.36232965692386,1.3522476279735565,1,1,Seoul_Tancheon_WWTP
2,2022-08-28,22.6,0.0,22.259106640871764,1.2840322256088257,31.65491733851213,1.1454168736934662,0,1,37.19477251492562,1.279455745220185,0,1,47.36232965692386,1.3522476279735565,0,0,Seoul_Tancheon_WWTP
2,2022-08-29,21.0,2.2,17.980874280054106,1.2441222667694092,31.65491733851213,1.1454168736934662,0,1,37.19477251492562,1.279455745220185,0,0,47.36232965692386,1.3522476279735565,0,0,Seoul_Tancheon_WWTP
2,2022-08-30,19.1,35.8,28.51451821587311,1.6499131917953491,31.65491733851213,1.1454168736934662,0,1,37.19477251492562,1.279455745220185,0,1,47.36232965692386,1.3522476279735565,0,1,Seoul_Tancheon_WWTP
2,2022-08-31,21.7,0.0,20.639886093935274,1.7362421751022339,31.65491733851213,1.1454168736934662,0,1,37.19477251492562,1.279455745220185,0,1,47.36232965692386,1.3522476279735565,0,1,Seoul_Tancheon_WWTP
2,2022-09-01,24.0,0.0,21.877185515380937,1.809105634689331,31.65491733851213,1.1454168736934662,0,1,37.19477251492562,1.279455745220185,0,1,47.36232965692386,1.3522476279735565,0,1,Seoul_Tancheon_WWTP
2,2022-09-02,24.7,0.0,17.623639904978642,1.095061182975769,31.65491733851213,1.1454168736934662,0,0,37.19477251492562,1.279455745220185,0,0,47.36232965692386,1.3522476279735565,0,0,Seoul_Tancheon_WWTP
2,2022-09-03,24.2,0.0,18.84795804034423,1.0067613124847412,31.65491733851213,1.1454168736934662,0,0,37.19477251492562,1.279455745220185,0,0,47.36232965692386,1.3522476279735565,0,0,Seoul_Tancheon_WWTP
2,2022-09-04,22.3,33.8,32.54265086187577,1.0098960399627686,31.65491733851213,1.1454168736934662,1,0,37.19477251492562,1.279455745220185,0,0,47.36232965692386,1.3522476279735565,0,0,Seoul_Tancheon_WWTP
2,2022-09-05,19.2,120.0,39.21900834069723,1.823996663093567,31.65491733851213,1.1454168736934662,1,1,37.19477251492562,1.279455745220185,1,1,47.36232965692386,1.3522476279735565,0,1,Seoul_Tancheon_WWTP
2,2022-09-06,21.0,25.3,36.4135869009184,1.8144761323928833,31.65491733851213,1.1454168736934662,1,1,37.19477251492562,1.279455745220185,0,1,47.36232965692386,1.3522476279735565,0,1,Seoul_Tancheon_WWTP
2,2022-09-07,22.8,0.0,20.114278093961666,1.8104627132415771,31.65491733851213,1.1454168736934662,0,1,37.19477251492562,1.279455745220185,0,1,47.36232965692386,1.3522476279735565,0,1,Seoul_Tancheon_WWTP
2,2022-09-08,23.2,0.0,21.644563044744295,1.7436082363128662,31.65491733851213,1.1454168736934662,0,1,37.19477251492562,1.279455745220185,0,1,47.36232965692386,1.3522476279735565,0,1,Seoul_Tancheon_WWTP
2,2022-09-09,24.3,0.0,19.902740544100354,1.7738591432571411,31.65491733851213,1.1454168736934662,0,1,37.19477251492562,1.279455745220185,0,1,47.36232965692386,1.3522476279735565,0,1,Seoul_Tancheon_WWTP
2,2022-09-10,23.6,0.0,31.51415313291358,1.7022567987442017,31.65491733851213,1.1454168736934662,0,1,37.19477251492562,1.279455745220185,0,1,47.36232965692386,1.3522476279735565,0,1,Seoul_Tancheon_WWTP
2,2022-09-11,23.3,0.1,36.4495347796677,1.743363618850708,31.65491733851213,1.1454168736934662,1,1,37.19477251492562,1.279455745220185,0,1,47.36232965692386,1.3522476279735565,0,1,Seoul_Tancheon_WWTP
2,2022-09-12,23.8,0.0,27.85517845348977,1.7892075777053833,31.65491733851213,1.1454168736934662,0,1,37.19477251492562,1.279455745220185,0,1,47.36232965692386,1.3522476279735565,0,1,Seoul_Tancheon_WWTP
2,2022-09-13,24.3,0.0,23.65906919086742,1.5033055543899536,31.65491733851213,1.1454168736934662,0,1,37.19477251492562,1.279455745220185,0,1,47.36232965692386,1.3522476279735565,0,1,Seoul_Tancheon_WWTP
2,2022-09-14,24.6,0.0,20.62493639627064,1.4353262186050415,31.65491733851213,1.1454168736934662,0,1,37.19477251492562,1.279455745220185,0,1,47.36232965692386,1.3522476279735565,0,1,Seoul_Tancheon_WWTP
2,2022-09-15,25.2,0.1,20.171149406418685,1.416144847869873,31.65491733851213,1.1454168736934662,0,1,37.19477251492562,1.279455745220185,0,1,47.36232965692386,1.3522476279735565,0,1,Seoul_Tancheon_WWTP
2,2022-09-16,25.7,14.6,35.49960845583797,1.4418208599090576,31.65491733851213,1.1454168736934662,1,1,37.19477251492562,1.279455745220185,0,1,47.36232965692386,1.3522476279735565,0,1,Seoul_Tancheon_WWTP
2,2022-09-17,25.6,4.3,29.117354401427836,1.507969856262207,31.65491733851213,1.1454168736934662,0,1,37.19477251492562,1.279455745220185,0,1,47.36232965692386,1.3522476279735565,0,1,Seoul_Tancheon_WWTP
2,2022-09-18,27.1,0.0,24.142449049429345,1.543822169303894,31.65491733851213,1.1454168736934662,0,1,37.19477251492562,1.279455745220185,0,1,47.36232965692386,1.3522476279735565,0,1,Seoul_Tancheon_WWTP
2,2022-09-19,24.6,0.0,21.764355018646988,0.8207054734230042,31.65491733851213,1.1454168736934662,0,0,37.19477251492562,1.279455745220185,0,0,47.36232965692386,1.3522476279735565,0,0,Seoul_Tancheon_WWTP
2,2022-09-20,19.9,0.0,22.633110417906817,0.8556206226348877,31.65491733851213,1.1454168736934662,0,0,37.19477251492562,1.279455745220185,0,0,47.36232965692386,1.3522476279735565,0,0,Seoul_Tancheon_WWTP
2,2022-09-21,19.4,0.0,23.247045581810752,0.8879672884941101,31.65491733851213,1.1454168736934662,0,0,37.19477251492562,1.279455745220185,0,0,47.36232965692386,1.3522476279735565,0,0,Seoul_Tancheon_WWTP
2,2022-09-22,19.8,0.0,15.556549978427974,0.8076372742652893,31.65491733851213,1.1454168736934662,0,0,37.19477251492562,1.279455745220185,0,0,47.36232965692386,1.3522476279735565,0,0,Seoul_Tancheon_WWTP
2,2022-09-23,17.5,3.3,32.44324480568301,0.8310025930404663,31.65491733851213,1.1454168736934662,1,0,37.19477251492562,1.279455745220185,0,0,47.36232965692386,1.3522476279735565,0,0,Seoul_Tancheon_WWTP
2,2022-09-24,18.5,0.0,31.24729442703708,0.8736767768859863,31.65491733851213,1.1454168736934662,0,0,37.19477251492562,1.279455745220185,0,0,47.36232965692386,1.3522476279735565,0,0,Seoul_Tancheon_WWTP
2,2022-09-25,19.6,0.0,33.94953353357228,0.9844783544540405,31.65491733851213,1.1454168736934662,1,0,37.19477251492562,1.279455745220185,0,0,47.36232965692386,1.3522476279735565,0,0,Seoul_Tancheon_WWTP
2,2022-09-26,20.0,0.0,19.29474334981576,0.8831648230552673,31.65491733851213,1.1454168736934662,0,0,37.19477251492562,1.279455745220185,0,0,47.36232965692386,1.3522476279735565,0,0,Seoul_Tancheon_WWTP
2,2022-09-27,20.9,0.0,20.818947950683466,0.7701260447502136,31.65491733851213,1.1454168736934662,0,0,37.19477251492562,1.279455745220185,0,0,47.36232965692386,1.3522476279735565,0,0,Seoul_Tancheon_WWTP
3,2022-09-28,20.4,0.0,13.59832182772236,0.3534601926803589,28.491807934787666,0.9604541659355148,0,0,32.81685583105358,1.1452013999223714,0,0,41.166960156631546,1.4529683887958524,0,0,Seoul_Tancheon_WWTP
3,2022-09-29,20.4,0.0,14.261716083201616,0.32779979705810547,28.491807934787666,0.9604541659355148,0,0,32.81685583105358,1.1452013999223714,0,0,41.166960156631546,1.4529683887958524,0,0,Seoul_Tancheon_WWTP
3,2022-09-30,20.7,0.0,16.42207503872909,0.34899353981018066,28.491807934787666,0.9604541659355148,0,0,32.81685583105358,1.1452013999223714,0,0,41.166960156631546,1.4529683887958524,0,0,Seoul_Tancheon_WWTP
3,2022-10-01,20.9,0.0,15.898207985658866,0.35144710540771484,28.491807934787666,0.9604541659355148,0,0,32.81685583105358,1.1452013999223714,0,0,41.166960156631546,1.4529683887958524,0,0,Seoul_Tancheon_WWTP
3,2022-10-02,19.4,15.8,21.17468465634707,0.3710636794567108,28.491807934787666,0.9604541659355148,0,0,32.81685583105358,1.1452013999223714,0,0,41.166960156631546,1.4529683887958524,0,0,Seoul_Tancheon_WWTP
3,2022-10-03,21.4,76.0,28.143988098997372,0.7355992794036865,28.491807934787666,0.9604541659355148,0,0,32.81685583105358,1.1452013999223714,0,0,41.166960156631546,1.4529683887958524,0,0,Seoul_Tancheon_WWTP
3,2022-10-04,17.9,11.8,25.996607045303893,0.8571380972862244,28.491807934787666,0.9604541659355148,0,0,32.81685583105358,1.1452013999223714,0,0,41.166960156631546,1.4529683887958524,0,0,Seoul_Tancheon_WWTP
3,2022-10-05,16.6,0.1,14.797591866743595,0.8681377172470093,28.491807934787666,0.9604541659355148,0,0,32.81685583105358,1.1452013999223714,0,0,41.166960156631546,1.4529683887958524,0,0,Seoul_Tancheon_WWTP
3,2022-10-06,15.8,0.0,17.360337306001885,0.8943468928337097,28.491807934787666,0.9604541659355148,0,0,32.81685583105358,1.1452013999223714,0,0,41.166960156631546,1.4529683887958524,0,0,Seoul_Tancheon_WWTP
3,2022-10-07,14.3,0.0,15.209880238457771,0.9165196418762207,28.491807934787666,0.9604541659355148,0,0,32.81685583105358,1.1452013999223714,0,0,41.166960156631546,1.4529683887958524,0,0,Seoul_Tancheon_WWTP
3,2022-10-08,15.8,0.0,19.45669083669059,0.915124773979187,28.491807934787666,0.9604541659355148,0,0,32.81685583105358,1.1452013999223714,0,0,41.166960156631546,1.4529683887958524,0,0,Seoul_Tancheon_WWTP
3,2022-10-09,13.1,20.4,24.358705836244972,0.7927783131599426,28.491807934787666,0.9604541659355148,0,0,32.81685583105358,1.1452013999223714,0,0,41.166960156631546,1.4529683887958524,0,0,Seoul_Tancheon_WWTP
3,2022-10-10,9.9,0.0,22.093960429699848,0.8525399565696716,28.491807934787666,0.9604541659355148,0,0,32.81685583105358,1.1452013999223714,0,0,41.166960156631546,1.4529683887958524,0,0,Seoul_Tancheon_WWTP
3,2022-10-11,11.1,0.0,14.964952233053236,0.849590539932251,28.491807934787666,0.9604541659355148,0,0,32.81685583105358,1.1452013999223714,0,0,41.166960156631546,1.4529683887958524,0,0,Seoul_Tancheon_WWTP
3,2022-10-12,13.5,0.0,22.271219011764394,0.8540275692939758,28.491807934787666,0.9604541659355148,0,0,32.81685583105358,1.1452013999223714,0,0,41.166960156631546,1.4529683887958524,0,0,Seoul_Tancheon_WWTP
3,2022-10-13,16.3,0.0,16.78856218794875,0.8500467538833618,28.491807934787666,0.9604541659355148,0,0,32.81685583105358,1.1452013999223714,0,0,41.166960156631546,1.4529683887958524,0,0,Seoul_Tancheon_WWTP
3,2022-10-14,17.1,0.0,16.399189142811665,0.7975983619689941,28.491807934787666,0.9604541659355148,0,0,32.81685583105358,1.1452013999223714,0,0,41.166960156631546,1.4529683887958524,0,0,Seoul_Tancheon_WWTP
3,2022-10-15,18.2,0.0,22.59511340577826,0.7931363582611084,28.491807934787666,0.9604541659355148,0,0,32.81685583105358,1.1452013999223714,0,0,41.166960156631546,1.4529683887958524,0,0,Seoul_Tancheon_WWTP
3,2022-10-16,16.9,0.0,22.28404034821412,0.873196005821228,28.491807934787666,0.9604541659355148,0,0,32.81685583105358,1.1452013999223714,0,0,41.166960156631546,1.4529683887958524,0,0,Seoul_Tancheon_WWTP
3,2022-10-17,11.2,0.0,22.08209986884232,0.5958141088485718,28.491807934787666,0.9604541659355148,0,0,32.81685583105358,1.1452013999223714,0,0,41.166960156631546,1.4529683887958524,0,0,Seoul_Tancheon_WWTP
3,2022-10-18,9.4,0.0,16.184129161697445,0.42816340923309326,28.491807934787666,0.9604541659355148,0,0,32.81685583105358,1.1452013999223714,0,0,41.166960156631546,1.4529683887958524,0,0,Seoul_Tancheon_WWTP
3,2022-10-19,10.5,0.0,23.83205161893056,0.47780171036720276,28.491807934787666,0.9604541659355148,0,0,32.81685583105358,1.1452013999223714,0,0,41.166960156631546,1.4529683887958524,0,0,Seoul_Tancheon_WWTP
3,2022-10-20,12.9,0.0,20.742863371283818,0.49491390585899353,28.491807934787666,0.9604541659355148,0,0,32.81685583105358,1.1452013999223714,0,0,41.166960156631546,1.4529683887958524,0,0,Seoul_Tancheon_WWTP
3,2022-10-21,14.0,0.0,23.554590851399386,0.5103063583374023,28.491807934787666,0.9604541659355148,0,0,32.81685583105358,1.1452013999223714,0,0,41.166960156631546,1.4529683887958524,0,0,Seoul_Tancheon_WWTP
3,2022-10-22,15.1,0.0,25.5585752546757,0.5176834464073181,28.491807934787666,0.9604541659355148,0,0,32.81685583105358,1.1452013999223714,0,0,41.166960156631546,1.4529683887958524,0,0,Seoul_Tancheon_WWTP
3,2022-10-23,14.0,0.0,25.263270362668166,0.49129143357276917,28.491807934787666,0.9604541659355148,0,0,32.81685583105358,1.1452013999223714,0,0,41.166960156631546,1.4529683887958524,0,0,Seoul_Tancheon_WWTP
3,2022-10-24,10.6,0.0,16.998726718877577,0.45267799496650696,28.491807934787666,0.9604541659355148,0,0,32.81685583105358,1.1452013999223714,0,0,41.166960156631546,1.4529683887958524,0,0,Seoul_Tancheon_WWTP
3,2022-10-25,11.3,0.0,22.827199956528855,0.4683539569377899,28.491807934787666,0.9604541659355148,0,0,32.81685583105358,1.1452013999223714,0,0,41.166960156631546,1.4529683887958524,0,0,Seoul_Tancheon_WWTP
3,2022-10-26,12.9,0.0,18.31952899988287,0.43273061513900757,28.491807934787666,0.9604541659355148,0,0,32.81685583105358,1.1452013999223714,0,0,41.166960156631546,1.4529683887958524,0,0,Seoul_Tancheon_WWTP
3,2022-10-27,13.2,0.0,18.470430019864338,0.43714600801467896,28.491807934787666,0.9604541659355148,0,0,32.81685583105358,1.1452013999223714,0,0,41.166960156631546,1.4529683887958524,0,0,Seoul_Tancheon_WWTP
3,2022-10-28,13.6,0.0,21.08377448364746,0.4397631585597992,28.491807934787666,0.9604541659355148,0,0,32.81685583105358,1.1452013999223714,0,0,41.166960156631546,1.4529683887958524,0,0,Seoul_Tancheon_WWTP
3,2022-10-29,14.8,0.0,26.128948883007723,0.43994343280792236,28.491807934787666,0.9604541659355148,0,0,32.81685583105358,1.1452013999223714,0,0,41.166960156631546,1.4529683887958524,0,0,Seoul_Tancheon_WWTP
3,2022-10-30,14.9,0.0,18.805300145199105,0.40781140327453613,28.491807934787666,0.9604541659355148,0,0,32.81685583105358,1.1452013999223714,0,0,41.166960156631546,1.4529683887958524,0,0,Seoul_Tancheon_WWTP
3,2022-10-31,14.9,0.0,13.564794154658816,0.3916618824005127,28.491807934787666,0.9604541659355148,0,0,32.81685583105358,1.1452013999223714,0,0,41.166960156631546,1.4529683887958524,0,0,Seoul_Tancheon_WWTP
3,2022-11-01,13.1,0.0,14.534151681006037,0.389934778213501,28.491807934787666,0.9604541659355148,0,0,32.81685583105358,1.1452013999223714,0,0,41.166960156631546,1.4529683887958524,0,0,Seoul_Tancheon_WWTP
3,2022-11-02,11.1,0.0,18.630477918617288,0.3523675799369812,28.491807934787666,0.9604541659355148,0,0,32.81685583105358,1.1452013999223714,0,0,41.166960156631546,1.4529683887958524,0,0,Seoul_Tancheon_WWTP
3,2022-11-03,9.3,0.0,15.762847975183726,0.34060046076774597,28.491807934787666,0.9604541659355148,0,0,32.81685583105358,1.1452013999223714,0,0,41.166960156631546,1.4529683887958524,0,0,Seoul_Tancheon_WWTP
3,2022-11-04,4.9,0.0,15.610218982479099,0.33841508626937866,28.491807934787666,0.9604541659355148,0,0,32.81685583105358,1.1452013999223714,0,0,41.166960156631546,1.4529683887958524,0,0,Seoul_Tancheon_WWTP
3,2022-11-05,6.5,0.0,19.56872262281993,0.33503827452659607,28.491807934787666,0.9604541659355148,0,0,32.81685583105358,1.1452013999223714,0,0,41.166960156631546,1.4529683887958524,0,0,Seoul_Tancheon_WWTP
3,2022-11-06,9.6,0.0,17.082320677902537,0.34614554047584534,28.491807934787666,0.9604541659355148,0,0,32.81685583105358,1.1452013999223714,0,0,41.166960156631546,1.4529683887958524,0,0,Seoul_Tancheon_WWTP
3,2022-11-07,11.4,0.0,13.989063597142701,0.3503863215446472,28.491807934787666,0.9604541659355148,0,0,32.81685583105358,1.1452013999223714,0,0,41.166960156631546,1.4529683887958524,0,0,Seoul_Tancheon_WWTP
3,2022-11-08,12.9,0.0,13.388247467999092,0.3569719195365906,28.491807934787666,0.9604541659355148,0,0,32.81685583105358,1.1452013999223714,0,0,41.166960156631546,1.4529683887958524,0,0,Seoul_Tancheon_WWTP
3,2022-11-09,11.4,0.0,19.665917754616665,0.36560574173927307,28.491807934787666,0.9604541659355148,0,0,32.81685583105358,1.1452013999223714,0,0,41.166960156631546,1.4529683887958524,0,0,Seoul_Tancheon_WWTP
3,2022-11-10,13.5,0.0,18.312513603246366,0.35111528635025024,28.491807934787666,0.9604541659355148,0,0,32.81685583105358,1.1452013999223714,0,0,41.166960156631546,1.4529683887958524,0,0,Seoul_Tancheon_WWTP
3,2022-11-11,15.6,0.0,13.305605846122518,0.3477020561695099,28.491807934787666,0.9604541659355148,0,0,32.81685583105358,1.1452013999223714,0,0,41.166960156631546,1.4529683887958524,0,0,Seoul_Tancheon_WWTP
3,2022-11-12,16.3,57.9,41.71736289600585,0.40106824040412903,28.491807934787666,0.9604541659355148,1,0,32.81685583105358,1.1452013999223714,1,0,41.166960156631546,1.4529683887958524,1,0,Seoul_Tancheon_WWTP
3,2022-11-13,10.3,0.0,16.97215048880773,0.4416298568248749,28.491807934787666,0.9604541659355148,0,0,32.81685583105358,1.1452013999223714,0,0,41.166960156631546,1.4529683887958524,0,0,Seoul_Tancheon_WWTP
3,2022-11-14,9.7,0.0,13.383764227914828,0.4676802456378937,28.491807934787666,0.9604541659355148,0,0,32.81685583105358,1.1452013999223714,0,0,41.166960156631546,1.4529683887958524,0,0,Seoul_Tancheon_WWTP
3,2022-11-15,8.1,1.6,11.88184064997742,0.47362637519836426,28.491807934787666,0.9604541659355148,0,0,32.81685583105358,1.1452013999223714,0,0,41.166960156631546,1.4529683887958524,0,0,Seoul_Tancheon_WWTP
3,2022-11-16,8.5,0.0,14.669698165945382,0.5024884343147278,28.491807934787666,0.9604541659355148,0,0,32.81685583105358,1.1452013999223714,0,0,41.166960156631546,1.4529683887958524,0,0,Seoul_Tancheon_WWTP
3,2022-11-17,10.2,0.0,14.500741819318444,0.44105249643325806,28.491807934787666,0.9604541659355148,0,0,32.81685583105358,1.1452013999223714,0,0,41.166960156631546,1.4529683887958524,0,0,Seoul_Tancheon_WWTP
3,2022-11-18,11.0,0.0,17.17250268296014,0.40987756848335266,28.491807934787666,0.9604541659355148,0,0,32.81685583105358,1.1452013999223714,0,0,41.166960156631546,1.4529683887958524,0,0,Seoul_Tancheon_WWTP
3,2022-11-19,12.9,0.0,20.81612603880984,0.4187224209308624,28.491807934787666,0.9604541659355148,0,0,32.81685583105358,1.1452013999223714,0,0,41.166960156631546,1.4529683887958524,0,0,Seoul_Tancheon_WWTP
3,2022-11-20,13.7,0.0,22.504332524112108,0.418240487575531,28.491807934787666,0.9604541659355148,0,0,32.81685583105358,1.1452013999223714,0,0,41.166960156631546,1.4529683887958524,0,0,Seoul_Tancheon_WWTP
3,2022-11-21,11.8,0.0,14.851870848255535,0.4664362072944641,28.491807934787666,0.9604541659355148,0,0,32.81685583105358,1.1452013999223714,0,0,41.166960156631546,1.4529683887958524,0,0,Seoul_Tancheon_WWTP
3,2022-11-22,10.7,0.0,17.937141497120994,0.48264357447624207,28.491807934787666,0.9604541659355148,0,0,32.81685583105358,1.1452013999223714,0,0,41.166960156631546,1.4529683887958524,0,0,Seoul_Tancheon_WWTP
3,2022-11-23,10.8,0.0,19.762735879777544,0.44103506207466125,28.491807934787666,0.9604541659355148,0,0,32.81685583105358,1.1452013999223714,0,0,41.166960156631546,1.4529683887958524,0,0,Seoul_Tancheon_WWTP
3,2022-11-24,9.4,0.0,18.122311453716968,0.4459463953971863,28.491807934787666,0.9604541659355148,0,0,32.81685583105358,1.1452013999223714,0,0,41.166960156631546,1.4529683887958524,0,0,Seoul_Tancheon_WWTP
3,2022-11-25,12.3,1.7,17.26328921136414,0.4603606164455414,28.491807934787666,0.9604541659355148,0,0,32.81685583105358,1.1452013999223714,0,0,41.166960156631546,1.4529683887958524,0,0,Seoul_Tancheon_WWTP
3,2022-11-26,6.7,0.0,21.871827066558538,0.43442681431770325,28.491807934787666,0.9604541659355148,0,0,32.81685583105358,1.1452013999223714,0,0,41.166960156631546,1.4529683887958524,0,0,Seoul_Tancheon_WWTP
3,2022-11-27,5.4,0.0,23.528020606599256,0.4114817976951599,28.491807934787666,0.9604541659355148,0,0,32.81685583105358,1.1452013999223714,0,0,41.166960156631546,1.4529683887958524,0,0,Seoul_Tancheon_WWTP
3,2022-11-28,12.3,19.5,22.90888145090681,0.4189055263996124,28.491807934787666,0.9604541659355148,0,0,32.81685583105358,1.1452013999223714,0,0,41.166960156631546,1.4529683887958524,0,0,Seoul_Tancheon_WWTP
3,2022-11-29,6.9,3.8,22.482672855762523,0.45156171917915344,28.491807934787666,0.9604541659355148,0,0,32.81685583105358,1.1452013999223714,0,0,41.166960156631546,1.4529683887958524,0,0,Seoul_Tancheon_WWTP
3,2022-11-30,-5.4,0.0,19.705621661724635,0.4959661364555359,28.491807934787666,0.9604541659355148,0,0,32.81685583105358,1.1452013999223714,0,0,41.166960156631546,1.4529683887958524,0,0,Seoul_Tancheon_WWTP
3,2022-12-01,-5.4,0.0,17.963417509588204,0.548927903175354,28.491807934787666,0.9604541659355148,0,0,32.81685583105358,1.1452013999223714,0,0,41.166960156631546,1.4529683887958524,0,0,Seoul_Tancheon_WWTP
3,2022-12-02,-2.5,0.0,16.475821681195388,0.5687999725341797,28.491807934787666,0.9604541659355148,0,0,32.81685583105358,1.1452013999223714,0,0,41.166960156631546,1.4529683887958524,0,0,Seoul_Tancheon_WWTP
3,2022-12-03,2.1,1.1,16.454123465941503,0.5688573122024536,28.491807934787666,0.9604541659355148,0,0,32.81685583105358,1.1452013999223714,0,0,41.166960156631546,1.4529683887958524,0,0,Seoul_Tancheon_WWTP
3,2022-12-04,-3.5,0.0,22.396262383490235,0.5664595365524292,28.491807934787666,0.9604541659355148,0,0,32.81685583105358,1.1452013999223714,0,0,41.166960156631546,1.4529683887958524,0,0,Seoul_Tancheon_WWTP
3,2022-12-05,-3.1,0.0,15.98286083343913,0.5330159068107605,28.491807934787666,0.9604541659355148,0,0,32.81685583105358,1.1452013999223714,0,0,41.166960156631546,1.4529683887958524,0,0,Seoul_Tancheon_WWTP
3,2022-12-06,0.9,0.1,16.08766209016978,0.5135025382041931,28.491807934787666,0.9604541659355148,0,0,32.81685583105358,1.1452013999223714,0,0,41.166960156631546,1.4529683887958524,0,0,Seoul_Tancheon_WWTP
3,2022-12-07,4.9,0.1,16.63267129262325,0.4961169362068176,28.491807934787666,0.9604541659355148,0,0,32.81685583105358,1.1452013999223714,0,0,41.166960156631546,1.4529683887958524,0,0,Seoul_Tancheon_WWTP
3,2022-12-08,3.7,0.0,17.06491324937798,0.4935769736766815,28.491807934787666,0.9604541659355148,0,0,32.81685583105358,1.1452013999223714,0,0,41.166960156631546,1.4529683887958524,0,0,Seoul_Tancheon_WWTP
3,2022-12-09,4.5,0.0,17.219371617211394,0.5498051047325134,28.491807934787666,0.9604541659355148,0,0,32.81685583105358,1.1452013999223714,0,0,41.166960156631546,1.4529683887958524,0,0,Seoul_Tancheon_WWTP
3,2022-12-10,2.6,0.0,17.67900990692879,0.5359346866607666,28.491807934787666,0.9604541659355148,0,0,32.81685583105358,1.1452013999223714,0,0,41.166960156631546,1.4529683887958524,0,0,Seoul_Tancheon_WWTP
3,2022-12-11,1.6,0.0,20.438750529258588,0.5283545851707458,28.491807934787666,0.9604541659355148,0,0,32.81685583105358,1.1452013999223714,0,0,41.166960156631546,1.4529683887958524,0,0,Seoul_Tancheon_WWTP
3,2022-12-12,2.0,5.4,37.18119919171749,0.5628006458282471,28.491807934787666,0.9604541659355148,1,0,32.81685583105358,1.1452013999223714,1,0,41.166960156631546,1.4529683887958524,0,0,Seoul_Tancheon_WWTP
3,2022-12-13,0.0,0.6,17.105895894287876,0.49123498797416687,28.491807934787666,0.9604541659355148,0,0,32.81685583105358,1.1452013999223714,0,0,41.166960156631546,1.4529683887958524,0,0,Seoul_Tancheon_WWTP
3,2022-12-14,-8.4,0.0,25.376762499739808,0.4647456109523773,28.491807934787666,0.9604541659355148,0,0,32.81685583105358,1.1452013999223714,0,0,41.166960156631546,1.4529683887958524,0,0,Seoul_Tancheon_WWTP
3,2022-12-15,-4.5,2.4,28.533575027189,0.49696609377861023,28.491807934787666,0.9604541659355148,1,0,32.81685583105358,1.1452013999223714,0,0,41.166960156631546,1.4529683887958524,0,0,Seoul_Tancheon_WWTP
3,2022-12-16,-6.3,0.0,33.977191338533736,0.6116977334022522,28.491807934787666,0.9604541659355148,1,0,32.81685583105358,1.1452013999223714,1,0,41.166960156631546,1.4529683887958524,0,0,Seoul_Tancheon_WWTP
3,2022-12-17,-7.0,0.2,24.09865077826321,0.6075212955474854,28.491807934787666,0.9604541659355148,0,0,32.81685583105358,1.1452013999223714,0,0,41.166960156631546,1.4529683887958524,0,0,Seoul_Tancheon_WWTP
3,2022-12-18,-9.5,0.0,25.66709098689361,0.5979856848716736,28.491807934787666,0.9604541659355148,0,0,32.81685583105358,1.1452013999223714,0,0,41.166960156631546,1.4529683887958524,0,0,Seoul_Tancheon_WWTP
3,2022-12-19,-7.0,0.0,20.56065465415865,0.5918727517127991,28.491807934787666,0.9604541659355148,0,0,32.81685583105358,1.1452013999223714,0,0,41.166960156631546,1.4529683887958524,0,0,Seoul_Tancheon_WWTP
3,2022-12-20,-3.2,0.0,17.791720430630853,0.5836385488510132,28.491807934787666,0.9604541659355148,0,0,32.81685583105358,1.1452013999223714,0,0,41.166960156631546,1.4529683887958524,0,0,Seoul_Tancheon_WWTP
3,2022-12-21,-0.1,3.6,24.31493897329043,0.6335073113441467,28.491807934787666,0.9604541659355148,0,0,32.81685583105358,1.1452013999223714,0,0,41.166960156631546,1.4529683887958524,0,0,Seoul_Tancheon_WWTP
3,2022-12-22,-7.8,0.0,22.883020076783257,0.6775736212730408,28.491807934787666,0.9604541659355148,0,0,32.81685583105358,1.1452013999223714,0,0,41.166960156631546,1.4529683887958524,0,0,Seoul_Tancheon_WWTP
3,2022-12-23,-11.8,0.0,24.053797272197695,0.699411153793335,28.491807934787666,0.9604541659355148,0,0,32.81685583105358,1.1452013999223714,0,0,41.166960156631546,1.4529683887958524,0,0,Seoul_Tancheon_WWTP
3,2022-12-24,-8.4,0.0,23.74425415633747,0.7296018004417419,28.491807934787666,0.9604541659355148,0,0,32.81685583105358,1.1452013999223714,0,0,41.166960156631546,1.4529683887958524,0,0,Seoul_Tancheon_WWTP
3,2022-12-25,-5.4,0.0,21.104039988898712,0.7428666353225708,28.491807934787666,0.9604541659355148,0,0,32.81685583105358,1.1452013999223714,0,0,41.166960156631546,1.4529683887958524,0,0,Seoul_Tancheon_WWTP
3,2022-12-26,-3.9,0.0,19.719928657704195,0.7361636757850647,28.491807934787666,0.9604541659355148,0,0,32.81685583105358,1.1452013999223714,0,0,41.166960156631546,1.4529683887958524,0,0,Seoul_Tancheon_WWTP
4,2022-12-27,-2.6,0.0,20.517839660839357,0.5898696184158325,30.66961402763035,1.0498245775699613,0,0,36.35711938049835,1.3114663034677514,0,0,45.082141765320436,1.5982482588291165,0,0,Seoul_Tancheon_WWTP
4,2022-12-28,-3.3,0.1,19.185569984606595,0.6157793998718262,30.66961402763035,1.0498245775699613,0,0,36.35711938049835,1.3114663034677514,0,0,45.082141765320436,1.5982482588291165,0,0,Seoul_Tancheon_WWTP
4,2022-12-29,-2.9,0.0,20.07162771974534,0.6701720952987671,30.66961402763035,1.0498245775699613,0,0,36.35711938049835,1.3114663034677514,0,0,45.082141765320436,1.5982482588291165,0,0,Seoul_Tancheon_WWTP
4,2022-12-30,-1.8,0.0,19.77054738208904,0.6746006011962891,30.66961402763035,1.0498245775699613,0,0,36.35711938049835,1.3114663034677514,0,0,45.082141765320436,1.5982482588291165,0,0,Seoul_Tancheon_WWTP
4,2022-12-31,-1.2,0.0,21.630284130329233,0.6345068216323853,30.66961402763035,1.0498245775699613,0,0,36.35711938049835,1.3114663034677514,0,0,45.082141765320436,1.5982482588291165,0,0,Seoul_Tancheon_WWTP
4,2023-01-01,-0.2,0.0,20.317319575977532,0.5553979873657227,30.66961402763035,1.0498245775699613,0,0,36.35711938049835,1.3114663034677514,0,0,45.082141765320436,1.5982482588291165,0,0,Seoul_Tancheon_WWTP
4,2023-01-02,-4.5,0.0,18.410532750008862,0.5491223335266113,30.66961402763035,1.0498245775699613,0,0,36.35711938049835,1.3114663034677514,0,0,45.082141765320436,1.5982482588291165,0,0,Seoul_Tancheon_WWTP
4,2023-01-03,-5.0,0.0,19.274483074230666,0.5466845035552979,30.66961402763035,1.0498245775699613,0,0,36.35711938049835,1.3114663034677514,0,0,45.082141765320436,1.5982482588291165,0,0,Seoul_Tancheon_WWTP
4,2023-01-04,-1.8,0.0,18.387075593450806,0.48307105898857117,30.66961402763035,1.0498245775699613,0,0,36.35711938049835,1.3114663034677514,0,0,45.082141765320436,1.5982482588291165,0,0,Seoul_Tancheon_WWTP
4,2023-01-05,-1.6,0.0,18.71998788236429,0.46843478083610535,30.66961402763035,1.0498245775699613,0,0,36.35711938049835,1.3114663034677514,0,0,45.082141765320436,1.5982482588291165,0,0,Seoul_Tancheon_WWTP
4,2023-01-06,0.6,3.9,18.91716499773172,0.45095768570899963,30.66961402763035,1.0498245775699613,0,0,36.35711938049835,1.3114663034677514,0,0,45.082141765320436,1.5982482588291165,0,0,Seoul_Tancheon_WWTP
4,2023-01-07,1.5,0.1,19.162137763816766,0.4504947066307068,30.66961402763035,1.0498245775699613,0,0,36.35711938049835,1.3114663034677514,0,0,45.082141765320436,1.5982482588291165,0,0,Seoul_Tancheon_WWTP
4,2023-01-08,1.3,0.0,18.666622866499228,0.4061732292175293,30.66961402763035,1.0498245775699613,0,0,36.35711938049835,1.3114663034677514,0,0,45.082141765320436,1.5982482588291165,0,0,Seoul_Tancheon_WWTP
4,2023-01-09,3.1,0.0,20.19628110648157,0.4558970630168915,30.66961402763035,1.0498245775699613,0,0,36.35711938049835,1.3114663034677514,0,0,45.082141765320436,1.5982482588291165,0,0,Seoul_Tancheon_WWTP
4,2023-01-10,1.6,0.0,22.853866900030816,0.46720239520072937,30.66961402763035,1.0498245775699613,0,0,36.35711938049835,1.3114663034677514,0,0,45.082141765320436,1.5982482588291165,0,0,Seoul_Tancheon_WWTP
4,2023-01-11,2.6,0.0,20.112183896840403,0.46406447887420654,30.66961402763035,1.0498245775699613,0,0,36.35711938049835,1.3114663034677514,0,0,45.082141765320436,1.5982482588291165,0,0,Seoul_Tancheon_WWTP
4,2023-01-12,5.9,0.0,22.19190583231323,0.4824289381504059,30.66961402763035,1.0498245775699613,0,0,36.35711938049835,1.3114663034677514,0,0,45.082141765320436,1.5982482588291165,0,0,Seoul_Tancheon_WWTP
4,2023-01-13,8.3,37.3,32.947098628777965,0.6450839638710022,30.66961402763035,1.0498245775699613,1,0,36.35711938049835,1.3114663034677514,0,0,45.082141765320436,1.5982482588291165,0,0,Seoul_Tancheon_WWTP
4,2023-01-14,6.6,1.6,16.544440349773144,0.7518653869628906,30.66961402763035,1.0498245775699613,0,0,36.35711938049835,1.3114663034677514,0,0,45.082141765320436,1.5982482588291165,0,0,Seoul_Tancheon_WWTP
4,2023-01-15,-0.2,3.2,15.798062421626232,0.7388643622398376,30.66961402763035,1.0498245775699613,0,0,36.35711938049835,1.3114663034677514,0,0,45.082141765320436,1.5982482588291165,0,0,Seoul_Tancheon_WWTP
4,2023-01-16,-4.6,0.0,21.636863518296646,0.7854467630386353,30.66961402763035,1.0498245775699613,0,0,36.35711938049835,1.3114663034677514,0,0,45.082141765320436,1.5982482588291165,0,0,Seoul_Tancheon_WWTP
4,2023-01-17,-3.7,0.0,20.741784971864657,0.7400858402252197,30.66961402763035,1.0498245775699613,0,0,36.35711938049835,1.3114663034677514,0,0,45.082141765320436,1.5982482588291165,0,0,Seoul_Tancheon_WWTP
4,2023-01-18,-1.9,0.0,21.91328661953344,0.7433725595474243,30.66961402763035,1.0498245775699613,0,0,36.35711938049835,1.3114663034677514,0,0,45.082141765320436,1.5982482588291165,0,0,Seoul_Tancheon_WWTP
4,2023-01-19,-0.4,1.0,21.920101548207892,0.7487269639968872,30.66961402763035,1.0498245775699613,0,0,36.35711938049835,1.3114663034677514,0,0,45.082141765320436,1.5982482588291165,0,0,Seoul_Tancheon_WWTP
4,2023-01-20,-3.3,0.0,25.59938349526332,0.764004111289978,30.66961402763035,1.0498245775699613,0,0,36.35711938049835,1.3114663034677514,0,0,45.082141765320436,1.5982482588291165,0,0,Seoul_Tancheon_WWTP
4,2023-01-21,-4.5,0.0,31.036356765222415,0.7774128913879395,30.66961402763035,1.0498245775699613,1,0,36.35711938049835,1.3114663034677514,0,0,45.082141765320436,1.5982482588291165,0,0,Seoul_Tancheon_WWTP
4,2023-01-22,-0.6,0.0,26.531887348721753,0.8414223790168762,30.66961402763035,1.0498245775699613,0,0,36.35711938049835,1.3114663034677514,0,0,45.082141765320436,1.5982482588291165,0,0,Seoul_Tancheon_WWTP
4,2023-01-23,-0.8,0.0,22.369654523827617,0.8638851046562195,30.66961402763035,1.0498245775699613,0,0,36.35711938049835,1.3114663034677514,0,0,45.082141765320436,1.5982482588291165,0,0,Seoul_Tancheon_WWTP
4,2023-01-24,-14.7,0.0,24.160384636331678,0.6841532588005066,30.66961402763035,1.0498245775699613,0,0,36.35711938049835,1.3114663034677514,0,0,45.082141765320436,1.5982482588291165,0,0,Seoul_Tancheon_WWTP
4,2023-01-25,-11.3,0.0,22.784471704444226,0.7422274947166443,30.66961402763035,1.0498245775699613,0,0,36.35711938049835,1.3114663034677514,0,0,45.082141765320436,1.5982482588291165,0,0,Seoul_Tancheon_WWTP
4,2023-01-26,-6.0,0.8,21.579730849889103,0.8722125887870789,30.66961402763035,1.0498245775699613,0,0,36.35711938049835,1.3114663034677514,0,0,45.082141765320436,1.5982482588291165,0,0,Seoul_Tancheon_WWTP
4,2023-01-27,-7.3,0.0,22.22418250757328,0.7653331756591797,30.66961402763035,1.0498245775699613,0,0,36.35711938049835,1.3114663034677514,0,0,45.082141765320436,1.5982482588291165,0,0,Seoul_Tancheon_WWTP
4,2023-01-28,-6.0,0.0,26.234457358270436,0.8721571564674377,30.66961402763035,1.0498245775699613,0,0,36.35711938049835,1.3114663034677514,0,0,45.082141765320436,1.5982482588291165,0,0,Seoul_Tancheon_WWTP
4,2023-01-29,-1.8,0.0,19.776842062381103,0.8624514937400818,30.66961402763035,1.0498245775699613,0,0,36.35711938049835,1.3114663034677514,0,0,45.082141765320436,1.5982482588291165,0,0,Seoul_Tancheon_WWTP
4,2023-01-30,-0.9,0.0,19.63343483620685,0.9244064092636108,30.66961402763035,1.0498245775699613,0,0,36.35711938049835,1.3114663034677514,0,0,45.082141765320436,1.5982482588291165,0,0,Seoul_Tancheon_WWTP
4,2023-01-31,2.4,0.0,24.284940462799927,0.9512436389923096,30.66961402763035,1.0498245775699613,0,0,36.35711938049835,1.3114663034677514,0,0,45.082141765320436,1.5982482588291165,0,0,Seoul_Tancheon_WWTP
4,2023-02-01,0.9,0.0,18.07651348620695,0.9359837770462036,30.66961402763035,1.0498245775699613,0,0,36.35711938049835,1.3114663034677514,0,0,45.082141765320436,1.5982482588291165,0,0,Seoul_Tancheon_WWTP
4,2023-02-02,-2.4,0.0,21.41343112915774,1.0317158699035645,30.66961402763035,1.0498245775699613,0,0,36.35711938049835,1.3114663034677514,0,0,45.082141765320436,1.5982482588291165,0,0,Seoul_Tancheon_WWTP
4,2023-02-03,-1.6,0.0,18.58427281607744,1.0778306722640991,30.66961402763035,1.0498245775699613,0,1,36.35711938049835,1.3114663034677514,0,0,45.082141765320436,1.5982482588291165,0,0,Seoul_Tancheon_WWTP
4,2023-02-04,-0.2,0.0,18.06534386830012,0.9265131950378418,30.66961402763035,1.0498245775699613,0,0,36.35711938049835,1.3114663034677514,0,0,45.082141765320436,1.5982482588291165,0,0,Seoul_Tancheon_WWTP
4,2023-02-05,1.7,0.0,20.244545883122772,0.7940824627876282,30.66961402763035,1.0498245775699613,0,0,36.35711938049835,1.3114663034677514,0,0,45.082141765320436,1.5982482588291165,0,0,Seoul_Tancheon_WWTP
4,2023-02-06,3.0,0.0,20.926901470906493,0.7627996802330017,30.66961402763035,1.0498245775699613,0,0,36.35711938049835,1.3114663034677514,0,0,45.082141765320436,1.5982482588291165,0,0,Seoul_Tancheon_WWTP
4,2023-02-07,3.5,0.0,17.66969265900731,0.7402456402778625,30.66961402763035,1.0498245775699613,0,0,36.35711938049835,1.3114663034677514,0,0,45.082141765320436,1.5982482588291165,0,0,Seoul_Tancheon_WWTP
4,2023-02-08,2.1,0.0,21.39385284599947,0.7392799258232117,30.66961402763035,1.0498245775699613,0,0,36.35711938049835,1.3114663034677514,0,0,45.082141765320436,1.5982482588291165,0,0,Seoul_Tancheon_WWTP
4,2023-02-09,4.0,0.0,22.223788842267314,0.708431601524353,30.66961402763035,1.0498245775699613,0,0,36.35711938049835,1.3114663034677514,0,0,45.082141765320436,1.5982482588291165,0,0,Seoul_Tancheon_WWTP
4,2023-02-10,3.8,0.6,19.26732709896569,0.7506007552146912,30.66961402763035,1.0498245775699613,0,0,36.35711938049835,1.3114663034677514,0,0,45.082141765320436,1.5982482588291165,0,0,Seoul_Tancheon_WWTP
4,2023-02-11,2.8,0.0,22.69011092409453,0.7840740084648132,30.66961402763035,1.0498245775699613,0,0,36.35711938049835,1.3114663034677514,0,0,45.082141765320436,1.5982482588291165,0,0,Seoul_Tancheon_WWTP
4,2023-02-12,3.7,0.0,19.681291689851726,0.7468242645263672,30.66961402763035,1.0498245775699613,0,0,36.35711938049835,1.3114663034677514,0,0,45.082141765320436,1.5982482588291165,0,0,Seoul_Tancheon_WWTP
4,2023-02-13,5.9,0.0,22.845101025968233,0.783226490020752,30.66961402763035,1.0498245775699613,0,0,36.35711938049835,1.3114663034677514,0,0,45.082141765320436,1.5982482588291165,0,0,Seoul_Tancheon_WWTP
4,2023-02-14,1.7,0.0,18.95996930853461,0.7246062755584717,30.66961402763035,1.0498245775699613,0,0,36.35711938049835,1.3114663034677514,0,0,45.082141765320436,1.5982482588291165,0,0,Seoul_Tancheon_WWTP
4,2023-02-15,3.2,0.0,22.417447307167276,0.7329897880554199,30.66961402763035,1.0498245775699613,0,0,36.35711938049835,1.3114663034677514,0,0,45.082141765320436,1.5982482588291165,0,0,Seoul_Tancheon_WWTP
4,2023-02-16,2.3,0.0,20.50430989943576,0.7227305173873901,30.66961402763035,1.0498245775699613,0,0,36.35711938049835,1.3114663034677514,0,0,45.082141765320436,1.5982482588291165,0,0,Seoul_Tancheon_WWTP
4,2023-02-17,3.4,0.0,24.728451649523304,0.7306928038597107,30.66961402763035,1.0498245775699613,0,0,36.35711938049835,1.3114663034677514,0,0,45.082141765320436,1.5982482588291165,0,0,Seoul_Tancheon_WWTP
4,2023-02-18,5.7,0.0,23.424501794100326,0.7324814200401306,30.66961402763035,1.0498245775699613,0,0,36.35711938049835,1.3114663034677514,0,0,45.082141765320436,1.5982482588291165,0,0,Seoul_Tancheon_WWTP
4,2023-02-19,3.5,0.4,20.438462667334317,0.8053836226463318,30.66961402763035,1.0498245775699613,0,0,36.35711938049835,1.3114663034677514,0,0,45.082141765320436,1.5982482588291165,0,0,Seoul_Tancheon_WWTP
4,2023-02-20,-0.5,0.0,27.700642276581878,0.8075964450836182,30.66961402763035,1.0498245775699613,0,0,36.35711938049835,1.3114663034677514,0,0,45.082141765320436,1.5982482588291165,0,0,Seoul_Tancheon_WWTP
4,2023-02-21,-1.3,0.0,21.32904037165693,0.8244034051895142,30.66961402763035,1.0498245775699613,0,0,36.35711938049835,1.3114663034677514,0,0,45.082141765320436,1.5982482588291165,0,0,Seoul_Tancheon_WWTP
4,2023-02-22,1.2,0.0,22.089513793958282,0.8131064176559448,30.66961402763035,1.0498245775699613,0,0,36.35711938049835,1.3114663034677514,0,0,45.082141765320436,1.5982482588291165,0,0,Seoul_Tancheon_WWTP
4,2023-02-23,2.9,0.0,19.550141163066346,0.7640405893325806,30.66961402763035,1.0498245775699613,0,0,36.35711938049835,1.3114663034677514,0,0,45.082141765320436,1.5982482588291165,0,0,Seoul_Tancheon_WWTP
4,2023-02-24,3.5,0.0,18.377281374713466,0.7456645965576172,30.66961402763035,1.0498245775699613,0,0,36.35711938049835,1.3114663034677514,0,0,45.082141765320436,1.5982482588291165,0,0,Seoul_Tancheon_WWTP
4,2023-02-25,0.7,0.0,20.264892094812357,0.6443044543266296,30.66961402763035,1.0498245775699613,0,0,36.35711938049835,1.3114663034677514,0,0,45.082141765320436,1.5982482588291165,0,0,Seoul_Tancheon_WWTP
4,2023-02-26,2.2,0.0,21.880289926158945,0.641430139541626,30.66961402763035,1.0498245775699613,0,0,36.35711938049835,1.3114663034677514,0,0,45.082141765320436,1.5982482588291165,0,0,Seoul_Tancheon_WWTP
4,2023-02-27,4.4,0.0,26.38269766261133,0.5695890784263611,30.66961402763035,1.0498245775699613,0,0,36.35711938049835,1.3114663034677514,0,0,45.082141765320436,1.5982482588291165,0,0,Seoul_Tancheon_WWTP
4,2023-02-28,4.3,0.0,20.933148400737743,0.5485508441925049,30.66961402763035,1.0498245775699613,0,0,36.35711938049835,1.3114663034677514,0,0,45.082141765320436,1.5982482588291165,0,0,Seoul_Tancheon_WWTP
4,2023-03-01,6.0,0.0,21.240753889424845,0.561107337474823,30.66961402763035,1.0498245775699613,0,0,36.35711938049835,1.3114663034677514,0,0,45.082141765320436,1.5982482588291165,0,0,Seoul_Tancheon_WWTP
4,2023-03-02,2.2,0.0,18.941110111593744,0.5417764782905579,30.66961402763035,1.0498245775699613,0,0,36.35711938049835,1.3114663034677514,0,0,45.082141765320436,1.5982482588291165,0,0,Seoul_Tancheon_WWTP
4,2023-03-03,4.6,0.0,22.861657463963166,0.5205720067024231,30.66961402763035,1.0498245775699613,0,0,36.35711938049835,1.3114663034677514,0,0,45.082141765320436,1.5982482588291165,0,0,Seoul_Tancheon_WWTP
4,2023-03-04,7.7,0.0,20.806205241705726,0.4842098653316498,30.66961402763035,1.0498245775699613,0,0,36.35711938049835,1.3114663034677514,0,0,45.082141765320436,1.5982482588291165,0,0,Seoul_Tancheon_WWTP
4,2023-03-05,8.0,0.0,24.62416446950413,0.4864330589771271,30.66961402763035,1.0498245775699613,0,0,36.35711938049835,1.3114663034677514,0,0,45.082141765320436,1.5982482588291165,0,0,Seoul_Tancheon_WWTP
4,2023-03-06,9.2,0.0,25.49580134617199,0.41841423511505127,30.66961402763035,1.0498245775699613,0,0,36.35711938049835,1.3114663034677514,0,0,45.082141765320436,1.5982482588291165,0,0,Seoul_Tancheon_WWTP
4,2023-03-07,11.7,0.0,23.403004737418854,0.4231264889240265,30.66961402763035,1.0498245775699613,0,0,36.35711938049835,1.3114663034677514,0,0,45.082141765320436,1.5982482588291165,0,0,Seoul_Tancheon_WWTP
4,2023-03-08,12.5,1.2,21.83344914596715,0.41164809465408325,30.66961402763035,1.0498245775699613,0,0,36.35711938049835,1.3114663034677514,0,0,45.082141765320436,1.5982482588291165,0,0,Seoul_Tancheon_WWTP
4,2023-03-09,10.3,3.7,24.341387430047295,0.4455293118953705,30.66961402763035,1.0498245775699613,0,0,36.35711938049835,1.3114663034677514,0,0,45.082141765320436,1.5982482588291165,0,0,Seoul_Tancheon_WWTP
4,2023-03-10,13.5,0.0,28.060730501482496,0.45406144857406616,30.66961402763035,1.0498245775699613,0,0,36.35711938049835,1.3114663034677514,0,0,45.082141765320436,1.5982482588291165,0,0,Seoul_Tancheon_WWTP
4,2023-03-11,15.2,0.0,20.990640764721928,0.44348207116127014,30.66961402763035,1.0498245775699613,0,0,36.35711938049835,1.3114663034677514,0,0,45.082141765320436,1.5982482588291165,0,0,Seoul_Tancheon_WWTP
4,2023-03-12,5.9,5.6,26.24016648681023,0.44152316451072693,30.66961402763035,1.0498245775699613,0,0,36.35711938049835,1.3114663034677514,0,0,45.082141765320436,1.5982482588291165,0,0,Seoul_Tancheon_WWTP
4,2023-03-13,2.9,0.0,43.741961327473376,0.4759993255138397,30.66961402763035,1.0498245775699613,1,0,36.35711938049835,1.3114663034677514,1,0,45.082141765320436,1.5982482588291165,0,0,Seoul_Tancheon_WWTP
4,2023-03-14,9.2,0.0,29.008937049873733,0.5087488293647766,30.66961402763035,1.0498245775699613,0,0,36.35711938049835,1.3114663034677514,0,0,45.082141765320436,1.5982482588291165,0,0,Seoul_Tancheon_WWTP
4,2023-03-15,8.6,0.0,26.23394418572879,0.5220766067504883,30.66961402763035,1.0498245775699613,0,0,36.35711938049835,1.3114663034677514,0,0,45.082141765320436,1.5982482588291165,0,0,Seoul_Tancheon_WWTP
4,2023-03-16,4.6,0.0,22.04591268953348,0.5410858392715454,30.66961402763035,1.0498245775699613,0,0,36.35711938049835,1.3114663034677514,0,0,45.082141765320436,1.5982482588291165,0,0,Seoul_Tancheon_WWTP
4,2023-03-17,7.2,0.0,28.258089271326874,0.5462981462478638,30.66961402763035,1.0498245775699613,0,0,36.35711938049835,1.3114663034677514,0,0,45.082141765320436,1.5982482588291165,0,0,Seoul_Tancheon_WWTP
4,2023-03-18,7.7,0.0,24.618415690849304,0.5502122044563293,30.66961402763035,1.0498245775699613,0,0,36.35711938049835,1.3114663034677514,0,0,45.082141765320436,1.5982482588291165,0,0,Seoul_Tancheon_WWTP
4,2023-03-19,8.3,0.0,24.33214380616683,0.5740693211555481,30.66961402763035,1.0498245775699613,0,0,36.35711938049835,1.3114663034677514,0,0,45.082141765320436,1.5982482588291165,0,0,Seoul_Tancheon_WWTP
4,2023-03-20,9.5,0.0,19.713365586198904,0.5965895652770996,30.66961402763035,1.0498245775699613,0,0,36.35711938049835,1.3114663034677514,0,0,45.082141765320436,1.5982482588291165,0,0,Seoul_Tancheon_WWTP
4,2023-03-21,13.0,0.0,29.55047363104799,0.6352840662002563,30.66961402763035,1.0498245775699613,0,0,36.35711938049835,1.3114663034677514,0,0,45.082141765320436,1.5982482588291165,0,0,Seoul_Tancheon_WWTP
4,2023-03-22,17.0,0.0,27.070976006592836,0.6722328662872314,30.66961402763035,1.0498245775699613,0,0,36.35711938049835,1.3114663034677514,0,0,45.082141765320436,1.5982482588291165,0,0,Seoul_Tancheon_WWTP
4,2023-03-23,17.4,0.0,24.712409779878715,0.6835281848907471,30.66961402763035,1.0498245775699613,0,0,36.35711938049835,1.3114663034677514,0,0,45.082141765320436,1.5982482588291165,0,0,Seoul_Tancheon_WWTP
4,2023-03-24,12.5,0.0,24.944085934082565,0.6631460189819336,30.66961402763035,1.0498245775699613,0,0,36.35711938049835,1.3114663034677514,0,0,45.082141765320436,1.5982482588291165,0,0,Seoul_Tancheon_WWTP
4,2023-03-25,12.5,0.0,35.54804199745098,0.7148028016090393,30.66961402763035,1.0498245775699613,1,0,36.35711938049835,1.3114663034677514,0,0,45.082141765320436,1.5982482588291165,0,0,Seoul_Tancheon_WWTP
4,2023-03-26,9.4,0.0,26.34760069414169,0.6977658271789551,30.66961402763035,1.0498245775699613,0,0,36.35711938049835,1.3114663034677514,0,0,45.082141765320436,1.5982482588291165,0,0,Seoul_Tancheon_WWTP
5,2023-03-27,7.3,0.0,30.867836729823342,0.38994893431663513,33.479643278601806,1.065817993879318,0,0,39.7161712908081,1.187148329615593,0,0,51.070044417505386,1.5817218637466433,0,0,Seoul_Tancheon_WWTP
5,2023-03-28,9.2,0.0,31.56569443399451,0.3830982446670532,33.479643278601806,1.065817993879318,0,0,39.7161712908081,1.187148329615593,0,0,51.070044417505386,1.5817218637466433,0,0,Seoul_Tancheon_WWTP
5,2023-03-29,11.8,0.0,37.09552316080176,0.4121018052101135,33.479643278601806,1.065817993879318,1,0,39.7161712908081,1.187148329615593,0,0,51.070044417505386,1.5817218637466433,0,0,Seoul_Tancheon_WWTP
5,2023-03-30,13.3,0.0,26.104606556799435,0.4154740869998932,33.479643278601806,1.065817993879318,0,0,39.7161712908081,1.187148329615593,0,0,51.070044417505386,1.5817218637466433,0,0,Seoul_Tancheon_WWTP
5,2023-03-31,15.0,0.0,26.68446908319188,0.4249185621738434,33.479643278601806,1.065817993879318,0,0,39.7161712908081,1.187148329615593,0,0,51.070044417505386,1.5817218637466433,0,0,Seoul_Tancheon_WWTP
5,2023-04-01,17.5,0.0,26.726512943574296,0.4546710252761841,33.479643278601806,1.065817993879318,0,0,39.7161712908081,1.187148329615593,0,0,51.070044417505386,1.5817218637466433,0,0,Seoul_Tancheon_WWTP
5,2023-04-02,18.8,0.0,31.954962793660783,0.4444034993648529,33.479643278601806,1.065817993879318,0,0,39.7161712908081,1.187148329615593,0,0,51.070044417505386,1.5817218637466433,0,0,Seoul_Tancheon_WWTP
5,2023-04-03,19.0,0.0,24.414935709268626,0.4612334072589874,33.479643278601806,1.065817993879318,0,0,39.7161712908081,1.187148329615593,0,0,51.070044417505386,1.5817218637466433,0,0,Seoul_Tancheon_WWTP
5,2023-04-04,17.6,6.9,29.20929939413566,0.4476049244403839,33.479643278601806,1.065817993879318,0,0,39.7161712908081,1.187148329615593,0,0,51.070044417505386,1.5817218637466433,0,0,Seoul_Tancheon_WWTP
5,2023-04-05,11.9,50.3,34.96512046829395,0.8611399531364441,33.479643278601806,1.065817993879318,1,0,39.7161712908081,1.187148329615593,0,0,51.070044417505386,1.5817218637466433,0,0,Seoul_Tancheon_WWTP
5,2023-04-06,8.8,2.7,26.38990837516624,0.9742264747619629,33.479643278601806,1.065817993879318,0,0,39.7161712908081,1.187148329615593,0,0,51.070044417505386,1.5817218637466433,0,0,Seoul_Tancheon_WWTP
5,2023-04-07,8.9,0.0,21.445645662028145,0.9744617342948914,33.479643278601806,1.065817993879318,0,0,39.7161712908081,1.187148329615593,0,0,51.070044417505386,1.5817218637466433,0,0,Seoul_Tancheon_WWTP
5,2023-04-08,8.8,0.0,22.989459598142645,0.9669255614280701,33.479643278601806,1.065817993879318,0,0,39.7161712908081,1.187148329615593,0,0,51.070044417505386,1.5817218637466433,0,0,Seoul_Tancheon_WWTP
5,2023-04-09,10.8,0.0,23.632868553934752,0.9673803448677063,33.479643278601806,1.065817993879318,0,0,39.7161712908081,1.187148329615593,0,0,51.070044417505386,1.5817218637466433,0,0,Seoul_Tancheon_WWTP
5,2023-04-10,13.2,0.0,25.658301796149438,0.9198035001754761,33.479643278601806,1.065817993879318,0,0,39.7161712908081,1.187148329615593,0,0,51.070044417505386,1.5817218637466433,0,0,Seoul_Tancheon_WWTP
5,2023-04-11,13.1,2.9,27.659672529595724,0.9020312428474426,33.479643278601806,1.065817993879318,0,0,39.7161712908081,1.187148329615593,0,0,51.070044417505386,1.5817218637466433,0,0,Seoul_Tancheon_WWTP
5,2023-04-12,10.1,0.0,22.941393043386388,0.8605802059173584,33.479643278601806,1.065817993879318,0,0,39.7161712908081,1.187148329615593,0,0,51.070044417505386,1.5817218637466433,0,0,Seoul_Tancheon_WWTP
5,2023-04-13,11.9,0.0,24.496199909366826,0.8359726667404175,33.479643278601806,1.065817993879318,0,0,39.7161712908081,1.187148329615593,0,0,51.070044417505386,1.5817218637466433,0,0,Seoul_Tancheon_WWTP
5,2023-04-14,16.2,0.0,27.102676149547893,0.8285362124443054,33.479643278601806,1.065817993879318,0,0,39.7161712908081,1.187148329615593,0,0,51.070044417505386,1.5817218637466433,0,0,Seoul_Tancheon_WWTP
5,2023-04-15,13.5,4.6,27.85795698808619,0.8344300389289856,33.479643278601806,1.065817993879318,0,0,39.7161712908081,1.187148329615593,0,0,51.070044417505386,1.5817218637466433,0,0,Seoul_Tancheon_WWTP
5,2023-04-16,10.8,0.0,18.40511553851443,0.8059545755386353,33.479643278601806,1.065817993879318,0,0,39.7161712908081,1.187148329615593,0,0,51.070044417505386,1.5817218637466433,0,0,Seoul_Tancheon_WWTP
5,2023-04-17,13.1,0.0,22.767765476928908,0.8043495416641235,33.479643278601806,1.065817993879318,0,0,39.7161712908081,1.187148329615593,0,0,51.070044417505386,1.5817218637466433,0,0,Seoul_Tancheon_WWTP
5,2023-04-18,14.0,1.5,24.280912655172166,0.8127193450927734,33.479643278601806,1.065817993879318,0,0,39.7161712908081,1.187148329615593,0,0,51.070044417505386,1.5817218637466433,0,0,Seoul_Tancheon_WWTP
5,2023-04-19,19.1,0.0,26.030716661360536,0.3784078359603882,33.479643278601806,1.065817993879318,0,0,39.7161712908081,1.187148329615593,0,0,51.070044417505386,1.5817218637466433,0,0,Seoul_Tancheon_WWTP
5,2023-04-20,15.8,0.5,33.57455148043119,0.46747782826423645,33.479643278601806,1.065817993879318,1,0,39.7161712908081,1.187148329615593,0,0,51.070044417505386,1.5817218637466433,0,0,Seoul_Tancheon_WWTP
5,2023-04-21,16.7,0.0,26.81068140963304,0.5739761590957642,33.479643278601806,1.065817993879318,0,0,39.7161712908081,1.187148329615593,0,0,51.070044417505386,1.5817218637466433,0,0,Seoul_Tancheon_WWTP
5,2023-04-22,16.9,0.0,20.326651785579994,0.5856621861457825,33.479643278601806,1.065817993879318,0,0,39.7161712908081,1.187148329615593,0,0,51.070044417505386,1.5817218637466433,0,0,Seoul_Tancheon_WWTP
5,2023-04-23,16.1,0.0,19.237710613243163,0.5836721658706665,33.479643278601806,1.065817993879318,0,0,39.7161712908081,1.187148329615593,0,0,51.070044417505386,1.5817218637466433,0,0,Seoul_Tancheon_WWTP
5,2023-04-24,15.8,0.0,18.41754416357709,0.6252434253692627,33.479643278601806,1.065817993879318,0,0,39.7161712908081,1.187148329615593,0,0,51.070044417505386,1.5817218637466433,0,0,Seoul_Tancheon_WWTP
5,2023-04-25,10.9,0.4,22.976343799887584,0.636085033416748,33.479643278601806,1.065817993879318,0,0,39.7161712908081,1.187148329615593,0,0,51.070044417505386,1.5817218637466433,0,0,Seoul_Tancheon_WWTP
5,2023-04-26,10.2,0.0,19.459902201109788,0.6939415335655212,33.479643278601806,1.065817993879318,0,0,39.7161712908081,1.187148329615593,0,0,51.070044417505386,1.5817218637466433,0,0,Seoul_Tancheon_WWTP
5,2023-04-27,12.9,0.0,20.30411887377103,0.782050609588623,33.479643278601806,1.065817993879318,0,0,39.7161712908081,1.187148329615593,0,0,51.070044417505386,1.5817218637466433,0,0,Seoul_Tancheon_WWTP
5,2023-04-28,15.7,1.9,28.013561378906267,0.7702053189277649,33.479643278601806,1.065817993879318,0,0,39.7161712908081,1.187148329615593,0,0,51.070044417505386,1.5817218637466433,0,0,Seoul_Tancheon_WWTP
5,2023-04-29,13.2,25.1,26.953961603888615,0.8606548309326172,33.479643278601806,1.065817993879318,0,0,39.7161712908081,1.187148329615593,0,0,51.070044417505386,1.5817218637466433,0,0,Seoul_Tancheon_WWTP
5,2023-04-30,12.7,0.1,25.09955288285621,0.894885778427124,33.479643278601806,1.065817993879318,0,0,39.7161712908081,1.187148329615593,0,0,51.070044417505386,1.5817218637466433,0,0,Seoul_Tancheon_WWTP
5,2023-05-01,14.6,0.0,20.543230358782562,0.9195964336395264,33.479643278601806,1.065817993879318,0,0,39.7161712908081,1.187148329615593,0,0,51.070044417505386,1.5817218637466433,0,0,Seoul_Tancheon_WWTP
5,2023-05-02,,,17.943078556422556,0.8658866882324219,33.479643278601806,1.065817993879318,0,0,39.7161712908081,1.187148329615593,0,0,51.070044417505386,1.5817218637466433,0,0,Seoul_Tancheon_WWTP
5,2023-05-03,,,17.943078556422556,0.739051103591919,33.479643278601806,1.065817993879318,0,0,39.7161712908081,1.187148329615593,0,0,51.070044417505386,1.5817218637466433,0,0,Seoul_Tancheon_WWTP
5,2023-05-04,,,17.943078556422556,0.575758695602417,33.479643278601806,1.065817993879318,0,0,39.7161712908081,1.187148329615593,0,0,51.070044417505386,1.5817218637466433,0,0,Seoul_Tancheon_WWTP
5,2023-05-05,,,17.943078556422556,0.4875612258911133,33.479643278601806,1.065817993879318,0,0,39.7161712908081,1.187148329615593,0,0,51.070044417505386,1.5817218637466433,0,0,Seoul_Tancheon_WWTP
5,2023-05-06,,,17.943078556422556,0.45755937695503235,33.479643278601806,1.065817993879318,0,0,39.7161712908081,1.187148329615593,0,0,51.070044417505386,1.5817218637466433,0,0,Seoul_Tancheon_WWTP
5,2023-05-07,,,17.943078556422556,0.44312387704849243,33.479643278601806,1.065817993879318,0,0,39.7161712908081,1.187148329615593,0,0,51.070044417505386,1.5817218637466433,0,0,Seoul_Tancheon_WWTP
5,2023-05-08,,,17.943078556422556,0.4433298707008362,33.479643278601806,1.065817993879318,0,0,39.7161712908081,1.187148329615593,0,0,51.070044417505386,1.5817218637466433,0,0,Seoul_Tancheon_WWTP
5,2023-05-09,,,17.943078556422556,0.44413527846336365,33.479643278601806,1.065817993879318,0,0,39.7161712908081,1.187148329615593,0,0,51.070044417505386,1.5817218637466433,0,0,Seoul_Tancheon_WWTP
5,2023-05-10,,,17.943078556422556,0.42971280217170715,33.479643278601806,1.065817993879318,0,0,39.7161712908081,1.187148329615593,0,0,51.070044417505386,1.5817218637466433,0,0,Seoul_Tancheon_WWTP
5,2023-05-11,,,17.943078556422556,0.39090561866760254,33.479643278601806,1.065817993879318,0,0,39.7161712908081,1.187148329615593,0,0,51.070044417505386,1.5817218637466433,0,0,Seoul_Tancheon_WWTP
5,2023-05-12,,,17.943078556422556,0.3506457507610321,33.479643278601806,1.065817993879318,0,0,39.7161712908081,1.187148329615593,0,0,51.070044417505386,1.5817218637466433,0,0,Seoul_Tancheon_WWTP
5,2023-05-13,,,17.943078556422556,0.25245171785354614,33.479643278601806,1.065817993879318,0,0,39.7161712908081,1.187148329615593,0,0,51.070044417505386,1.5817218637466433,0,0,Seoul_Tancheon_WWTP
5,2023-05-14,,,17.943078556422556,0.20376458764076233,33.479643278601806,1.065817993879318,0,0,39.7161712908081,1.187148329615593,0,0,51.070044417505386,1.5817218637466433,0,0,Seoul_Tancheon_WWTP
5,2023-05-15,,,17.943078556422556,0.1881348341703415,33.479643278601806,1.065817993879318,0,0,39.7161712908081,1.187148329615593,0,0,51.070044417505386,1.5817218637466433,0,0,Seoul_Tancheon_WWTP
5,2023-05-16,,,17.943078556422556,0.1881348341703415,33.479643278601806,1.065817993879318,0,0,39.7161712908081,1.187148329615593,0,0,51.070044417505386,1.5817218637466433,0,0,Seoul_Tancheon_WWTP
5,2023-05-17,,,17.943078556422556,0.1881348341703415,33.479643278601806,1.065817993879318,0,0,39.7161712908081,1.187148329615593,0,0,51.070044417505386,1.5817218637466433,0,0,Seoul_Tancheon_WWTP
5,2023-05-18,,,17.943078556422556,0.1881348341703415,33.479643278601806,1.065817993879318,0,0,39.7161712908081,1.187148329615593,0,0,51.070044417505386,1.5817218637466433,0,0,Seoul_Tancheon_WWTP
5,2023-05-19,,,17.943078556422556,0.1881348341703415,33.479643278601806,1.065817993879318,0,0,39.7161712908081,1.187148329615593,0,0,51.070044417505386,1.5817218637466433,0,0,Seoul_Tancheon_WWTP
5,2023-05-20,,,17.943078556422556,0.1881348341703415,33.479643278601806,1.065817993879318,0,0,39.7161712908081,1.187148329615593,0,0,51.070044417505386,1.5817218637466433,0,0,Seoul_Tancheon_WWTP
5,2023-05-21,,,17.943078556422556,0.1881348341703415,33.479643278601806,1.065817993879318,0,0,39.7161712908081,1.187148329615593,0,0,51.070044417505386,1.5817218637466433,0,0,Seoul_Tancheon_WWTP
5,2023-05-22,,,17.943078556422556,0.1881348341703415,33.479643278601806,1.065817993879318,0,0,39.7161712908081,1.187148329615593,0,0,51.070044417505386,1.5817218637466433,0,0,Seoul_Tancheon_WWTP
5,2023-05-23,,,17.943078556422556,0.1881348341703415,33.479643278601806,1.065817993879318,0,0,39.7161712908081,1.187148329615593,0,0,51.070044417505386,1.5817218637466433,0,0,Seoul_Tancheon_WWTP
5,2023-05-24,,,17.943078556422556,0.1881348341703415,33.479643278601806,1.065817993879318,0,0,39.7161712908081,1.187148329615593,0,0,51.070044417505386,1.5817218637466433,0,0,Seoul_Tancheon_WWTP
5,2023-05-25,,,17.943078556422556,0.1881348341703415,33.479643278601806,1.065817993879318,0,0,39.7161712908081,1.187148329615593,0,0,51.070044417505386,1.5817218637466433,0,0,Seoul_Tancheon_WWTP
5,2023-05-26,,,17.943078556422556,0.1881348341703415,33.479643278601806,1.065817993879318,0,0,39.7161712908081,1.187148329615593,0,0,51.070044417505386,1.5817218637466433,0,0,Seoul_Tancheon_WWTP
5,2023-05-27,,,17.943078556422556,0.1881348341703415,33.479643278601806,1.065817993879318,0,0,39.7161712908081,1.187148329615593,0,0,51.070044417505386,1.5817218637466433,0,0,Seoul_Tancheon_WWTP
5,2023-05-28,,,17.943078556422556,0.1881348341703415,33.479643278601806,1.065817993879318,0,0,39.7161712908081,1.187148329615593,0,0,51.070044417505386,1.5817218637466433,0,0,Seoul_Tancheon_WWTP
5,2023-05-29,,,17.943078556422556,0.1881348341703415,33.479643278601806,1.065817993879318,0,0,39.7161712908081,1.187148329615593,0,0,51.070044417505386,1.5817218637466433,0,0,Seoul_Tancheon_WWTP
5,2023-05-30,,,17.943078556422556,0.1881348341703415,33.479643278601806,1.065817993879318,0,0,39.7161712908081,1.187148329615593,0,0,51.070044417505386,1.5817218637466433,0,0,Seoul_Tancheon_WWTP
5,2023-05-31,22.8,0.0,20.937637375198065,0.2463594377040863,33.479643278601806,1.065817993879318,0,0,39.7161712908081,1.187148329615593,0,0,51.070044417505386,1.5817218637466433,0,0,Seoul_Tancheon_WWTP
5,2023-06-01,22.8,0.0,22.11406838737787,0.3054514229297638,33.479643278601806,1.065817993879318,0,0,39.7161712908081,1.187148329615593,0,0,51.070044417505386,1.5817218637466433,0,0,Seoul_Tancheon_WWTP
5,2023-06-02,,,17.943078556422556,0.3098605275154114,33.479643278601806,1.065817993879318,0,0,39.7161712908081,1.187148329615593,0,0,51.070044417505386,1.5817218637466433,0,0,Seoul_Tancheon_WWTP
5,2023-06-03,,,17.943078556422556,0.31751304864883423,33.479643278601806,1.065817993879318,0,0,39.7161712908081,1.187148329615593,0,0,51.070044417505386,1.5817218637466433,0,0,Seoul_Tancheon_WWTP
5,2023-06-04,,,17.943078556422556,0.3272503912448883,33.479643278601806,1.065817993879318,0,0,39.7161712908081,1.187148329615593,0,0,51.070044417505386,1.5817218637466433,0,0,Seoul_Tancheon_WWTP
5,2023-06-05,,,17.943078556422556,0.33474528789520264,33.479643278601806,1.065817993879318,0,0,39.7161712908081,1.187148329615593,0,0,51.070044417505386,1.5817218637466433,0,0,Seoul_Tancheon_WWTP
5,2023-06-06,,,17.943078556422556,0.33717861771583557,33.479643278601806,1.065817993879318,0,0,39.7161712908081,1.187148329615593,0,0,51.070044417505386,1.5817218637466433,0,0,Seoul_Tancheon_WWTP
5,2023-06-07,,,17.943078556422556,0.33284032344818115,33.479643278601806,1.065817993879318,0,0,39.7161712908081,1.187148329615593,0,0,51.070044417505386,1.5817218637466433,0,0,Seoul_Tancheon_WWTP
5,2023-06-08,,,17.943078556422556,0.32174253463745117,33.479643278601806,1.065817993879318,0,0,39.7161712908081,1.187148329615593,0,0,51.070044417505386,1.5817218637466433,0,0,Seoul_Tancheon_WWTP
5,2023-06-09,,,17.943078556422556,0.30810582637786865,33.479643278601806,1.065817993879318,0,0,39.7161712908081,1.187148329615593,0,0,51.070044417505386,1.5817218637466433,0,0,Seoul_Tancheon_WWTP
5,2023-06-10,,,17.943078556422556,0.2962001860141754,33.479643278601806,1.065817993879318,0,0,39.7161712908081,1.187148329615593,0,0,51.070044417505386,1.5817218637466433,0,0,Seoul_Tancheon_WWTP
5,2023-06-11,,,17.943078556422556,0.2891421914100647,33.479643278601806,1.065817993879318,0,0,39.7161712908081,1.187148329615593,0,0,51.070044417505386,1.5817218637466433,0,0,Seoul_Tancheon_WWTP
5,2023-06-12,,,17.943078556422556,0.2877505123615265,33.479643278601806,1.065817993879318,0,0,39.7161712908081,1.187148329615593,0,0,51.070044417505386,1.5817218637466433,0,0,Seoul_Tancheon_WWTP
5,2023-06-13,,,17.943078556422556,0.2887376546859741,33.479643278601806,1.065817993879318,0,0,39.7161712908081,1.187148329615593,0,0,51.070044417505386,1.5817218637466433,0,0,Seoul_Tancheon_WWTP
5,2023-06-14,,,17.943078556422556,0.23085252940654755,33.479643278601806,1.065817993879318,0,0,39.7161712908081,1.187148329615593,0,0,51.070044417505386,1.5817218637466433,0,0,Seoul_Tancheon_WWTP
5,2023-06-15,,,17.943078556422556,0.1881348341703415,33.479643278601806,1.065817993879318,0,0,39.7161712908081,1.187148329615593,0,0,51.070044417505386,1.5817218637466433,0,0,Seoul_Tancheon_WWTP
5,2023-06-16,,,17.943078556422556,0.1881348341703415,33.479643278601806,1.065817993879318,0,0,39.7161712908081,1.187148329615593,0,0,51.070044417505386,1.5817218637466433,0,0,Seoul_Tancheon_WWTP
5,2023-06-17,,,17.943078556422556,0.1881348341703415,33.479643278601806,1.065817993879318,0,0,39.7161712908081,1.187148329615593,0,0,51.070044417505386,1.5817218637466433,0,0,Seoul_Tancheon_WWTP
5,2023-06-18,,,17.943078556422556,0.1881348341703415,33.479643278601806,1.065817993879318,0,0,39.7161712908081,1.187148329615593,0,0,51.070044417505386,1.5817218637466433,0,0,Seoul_Tancheon_WWTP
5,2023-06-19,,,17.943078556422556,0.1881348341703415,33.479643278601806,1.065817993879318,0,0,39.7161712908081,1.187148329615593,0,0,51.070044417505386,1.5817218637466433,0,0,Seoul_Tancheon_WWTP
5,2023-06-20,,,17.943078556422556,0.1881348341703415,33.479643278601806,1.065817993879318,0,0,39.7161712908081,1.187148329615593,0,0,51.070044417505386,1.5817218637466433,0,0,Seoul_Tancheon_WWTP
5,2023-06-21,,,17.943078556422556,0.1881348341703415,33.479643278601806,1.065817993879318,0,0,39.7161712908081,1.187148329615593,0,0,51.070044417505386,1.5817218637466433,0,0,Seoul_Tancheon_WWTP
5,2023-06-22,,,17.943078556422556,0.1881348341703415,33.479643278601806,1.065817993879318,0,0,39.7161712908081,1.187148329615593,0,0,51.070044417505386,1.5817218637466433,0,0,Seoul_Tancheon_WWTP
5,2023-06-23,,,17.943078556422556,0.1881348341703415,33.479643278601806,1.065817993879318,0,0,39.7161712908081,1.187148329615593,0,0,51.070044417505386,1.5817218637466433,0,0,Seoul_Tancheon_WWTP
5,2023-06-24,,,17.943078556422556,0.1881348341703415,33.479643278601806,1.065817993879318,0,0,39.7161712908081,1.187148329615593,0,0,51.070044417505386,1.5817218637466433,0,0,Seoul_Tancheon_WWTP
6,2023-06-25,,,15.425835069507592,0.0013539677020162344,28.475657189971514,1.0664667189121233,0,0,33.72755129166166,1.236580127477646,0,0,40.282676949778164,1.619045436382295,0,0,Seoul_Tancheon_WWTP
6,2023-06-26,,,15.425835069507592,0.0013539677020162344,28.475657189971514,1.0664667189121233,0,0,33.72755129166166,1.236580127477646,0,0,40.282676949778164,1.619045436382295,0,0,Seoul_Tancheon_WWTP
6,2023-06-27,,,15.425835069507592,0.0013539677020162344,28.475657189971514,1.0664667189121233,0,0,33.72755129166166,1.236580127477646,0,0,40.282676949778164,1.619045436382295,0,0,Seoul_Tancheon_WWTP
6,2023-06-28,,,15.425835069507592,0.0013539677020162344,28.475657189971514,1.0664667189121233,0,0,33.72755129166166,1.236580127477646,0,0,40.282676949778164,1.619045436382295,0,0,Seoul_Tancheon_WWTP
6,2023-06-29,,,15.425835069507592,0.0013539677020162344,28.475657189971514,1.0664667189121233,0,0,33.72755129166166,1.236580127477646,0,0,40.282676949778164,1.619045436382295,0,0,Seoul_Tancheon_WWTP
6,2023-06-30,,,15.425835069507592,0.0013539677020162344,28.475657189971514,1.0664667189121233,0,0,33.72755129166166,1.236580127477646,0,0,40.282676949778164,1.619045436382295,0,0,Seoul_Tancheon_WWTP
6,2023-07-01,27.7,0.0,14.953255559291986,0.04008610174059868,28.475657189971514,1.0664667189121233,0,0,33.72755129166166,1.236580127477646,0,0,40.282676949778164,1.619045436382295,0,0,Seoul_Tancheon_WWTP
6,2023-07-02,26.7,0.0,17.403489939188674,0.14636759459972382,28.475657189971514,1.0664667189121233,0,0,33.72755129166166,1.236580127477646,0,0,40.282676949778164,1.619045436382295,0,0,Seoul_Tancheon_WWTP
6,2023-07-03,29.1,0.0,17.71554233805321,0.20460067689418793,28.475657189971514,1.0664667189121233,0,0,33.72755129166166,1.236580127477646,0,0,40.282676949778164,1.619045436382295,0,0,Seoul_Tancheon_WWTP
6,2023-07-04,26.1,61.8,38.761480599115856,0.4569229483604431,28.475657189971514,1.0664667189121233,1,0,33.72755129166166,1.236580127477646,1,0,40.282676949778164,1.619045436382295,0,0,Seoul_Tancheon_WWTP
6,2023-07-05,24.5,15.3,38.41382904513502,0.5864441394805908,28.475657189971514,1.0664667189121233,1,0,33.72755129166166,1.236580127477646,1,0,40.282676949778164,1.619045436382295,0,0,Seoul_Tancheon_WWTP
6,2023-07-06,27.3,0.0,16.004978253594178,0.6384589672088623,28.475657189971514,1.0664667189121233,0,0,33.72755129166166,1.236580127477646,0,0,40.282676949778164,1.619045436382295,0,0,Seoul_Tancheon_WWTP
6,2023-07-07,26.7,0.0,16.073763072099876,0.6601768732070923,28.475657189971514,1.0664667189121233,0,0,33.72755129166166,1.236580127477646,0,0,40.282676949778164,1.619045436382295,0,0,Seoul_Tancheon_WWTP
6,2023-07-08,25.6,0.0,14.624414424482747,0.670703649520874,28.475657189971514,1.0664667189121233,0,0,33.72755129166166,1.236580127477646,0,0,40.282676949778164,1.619045436382295,0,0,Seoul_Tancheon_WWTP
6,2023-07-09,24.7,47.5,35.041759201966244,0.8866091370582581,28.475657189971514,1.0664667189121233,1,0,33.72755129166166,1.236580127477646,1,0,40.282676949778164,1.619045436382295,0,0,Seoul_Tancheon_WWTP
6,2023-07-10,26.3,11.5,31.250477420160916,0.9126521348953247,28.475657189971514,1.0664667189121233,1,0,33.72755129166166,1.236580127477646,0,0,40.282676949778164,1.619045436382295,0,0,Seoul_Tancheon_WWTP
6,2023-07-11,23.5,58.3,33.11625867427527,0.9785742163658142,28.475657189971514,1.0664667189121233,1,0,33.72755129166166,1.236580127477646,0,0,40.282676949778164,1.619045436382295,0,0,Seoul_Tancheon_WWTP
6,2023-07-12,25.8,0.7,17.95774811042038,0.996768057346344,28.475657189971514,1.0664667189121233,0,0,33.72755129166166,1.236580127477646,0,0,40.282676949778164,1.619045436382295,0,0,Seoul_Tancheon_WWTP
6,2023-07-13,25.2,91.6,45.10462084485377,1.370353102684021,28.475657189971514,1.0664667189121233,1,1,33.72755129166166,1.236580127477646,1,1,40.282676949778164,1.619045436382295,1,0,Seoul_Tancheon_WWTP
6,2023-07-14,24.6,72.7,35.84957606049626,1.4299606084823608,28.475657189971514,1.0664667189121233,1,1,33.72755129166166,1.236580127477646,1,1,40.282676949778164,1.619045436382295,0,0,Seoul_Tancheon_WWTP
6,2023-07-15,24.5,2.3,16.60124556236525,1.565413475036621,28.475657189971514,1.0664667189121233,0,1,33.72755129166166,1.236580127477646,0,1,40.282676949778164,1.619045436382295,0,0,Seoul_Tancheon_WWTP
6,2023-07-16,24.6,9.7,28.115000232788546,1.5468676090240479,28.475657189971514,1.0664667189121233,0,1,33.72755129166166,1.236580127477646,0,1,40.282676949778164,1.619045436382295,0,0,Seoul_Tancheon_WWTP
6,2023-07-17,25.5,1.4,25.032590983841395,1.6230449676513672,28.475657189971514,1.0664667189121233,0,1,33.72755129166166,1.236580127477646,0,1,40.282676949778164,1.619045436382295,0,1,Seoul_Tancheon_WWTP
6,2023-07-18,25.2,2.3,17.18729906328752,1.4874457120895386,28.475657189971514,1.0664667189121233,0,1,33.72755129166166,1.236580127477646,0,1,40.282676949778164,1.619045436382295,0,0,Seoul_Tancheon_WWTP
6,2023-07-19,27.2,0.0,16.957136093574405,1.3729568719863892,28.475657189971514,1.0664667189121233,0,1,33.72755129166166,1.236580127477646,0,1,40.282676949778164,1.619045436382295,0,0,Seoul_Tancheon_WWTP
6,2023-07-20,27.9,0.0,17.3877951986428,1.4127455949783325,28.475657189971514,1.0664667189121233,0,1,33.72755129166166,1.236580127477646,0,1,40.282676949778164,1.619045436382295,0,0,Seoul_Tancheon_WWTP
6,2023-07-21,29.5,0.0,20.710159763591726,1.5133250951766968,28.475657189971514,1.0664667189121233,0,1,33.72755129166166,1.236580127477646,0,1,40.282676949778164,1.619045436382295,0,0,Seoul_Tancheon_WWTP
6,2023-07-22,27.7,12.3,29.76598780263151,1.6175676584243774,28.475657189971514,1.0664667189121233,1,1,33.72755129166166,1.236580127477646,0,1,40.282676949778164,1.619045436382295,0,0,Seoul_Tancheon_WWTP
6,2023-07-23,25.2,40.2,29.192104990012414,1.6281256675720215,28.475657189971514,1.0664667189121233,1,1,33.72755129166166,1.236580127477646,0,1,40.282676949778164,1.619045436382295,0,1,Seoul_Tancheon_WWTP
6,2023-07-24,26.9,0.4,16.92358288984321,1.7811764478683472,28.475657189971514,1.0664667189121233,0,1,33.72755129166166,1.236580127477646,0,1,40.282676949778164,1.619045436382295,0,1,Seoul_Tancheon_WWTP
6,2023-07-25,27.8,5.6,23.98497322240867,1.6944862604141235,28.475657189971514,1.0664667189121233,0,1,33.72755129166166,1.236580127477646,0,1,40.282676949778164,1.619045436382295,0,1,Seoul_Tancheon_WWTP
6,2023-07-26,27.6,1.0,19.28990797812086,1.7178014516830444,28.475657189971514,1.0664667189121233,0,1,33.72755129166166,1.236580127477646,0,1,40.282676949778164,1.619045436382295,0,1,Seoul_Tancheon_WWTP
6,2023-07-27,28.4,0.0,18.18061901022545,1.1524865627288818,28.475657189971514,1.0664667189121233,0,1,33.72755129166166,1.236580127477646,0,0,40.282676949778164,1.619045436382295,0,0,Seoul_Tancheon_WWTP
6,2023-07-28,29.5,0.0,16.350479525876416,0.8819751143455505,28.475657189971514,1.0664667189121233,0,0,33.72755129166166,1.236580127477646,0,0,40.282676949778164,1.619045436382295,0,0,Seoul_Tancheon_WWTP
6,2023-07-29,29.1,0.0,15.765918592952806,0.87066650390625,28.475657189971514,1.0664667189121233,0,0,33.72755129166166,1.236580127477646,0,0,40.282676949778164,1.619045436382295,0,0,Seoul_Tancheon_WWTP
6,2023-07-30,28.8,25.0,40.00819961664337,1.0801482200622559,28.475657189971514,1.0664667189121233,1,1,33.72755129166166,1.236580127477646,1,0,40.282676949778164,1.619045436382295,0,0,Seoul_Tancheon_WWTP
6,2023-07-31,28.7,0.3,15.371239334368003,0.9486498236656189,28.475657189971514,1.0664667189121233,0,0,33.72755129166166,1.236580127477646,0,0,40.282676949778164,1.619045436382295,0,0,Seoul_Tancheon_WWTP
6,2023-08-01,29.9,0.0,17.440450154750913,0.8459659218788147,28.475657189971514,1.0664667189121233,0,0,33.72755129166166,1.236580127477646,0,0,40.282676949778164,1.619045436382295,0,0,Seoul_Tancheon_WWTP
6,2023-08-02,29.7,0.0,18.622081056396667,0.8170108199119568,28.475657189971514,1.0664667189121233,0,0,33.72755129166166,1.236580127477646,0,0,40.282676949778164,1.619045436382295,0,0,Seoul_Tancheon_WWTP
6,2023-08-03,29.5,0.0,16.586628287569432,0.817365288734436,28.475657189971514,1.0664667189121233,0,0,33.72755129166166,1.236580127477646,0,0,40.282676949778164,1.619045436382295,0,0,Seoul_Tancheon_WWTP
6,2023-08-04,30.0,0.0,19.18264206357224,0.8984683752059937,28.475657189971514,1.0664667189121233,0,0,33.72755129166166,1.236580127477646,0,0,40.282676949778164,1.619045436382295,0,0,Seoul_Tancheon_WWTP
6,2023-08-05,30.3,0.0,19.178300700482353,0.8266436457633972,28.475657189971514,1.0664667189121233,0,0,33.72755129166166,1.236580127477646,0,0,40.282676949778164,1.619045436382295,0,0,Seoul_Tancheon_WWTP
6,2023-08-06,29.8,4.9,25.37155240273492,0.4971895217895508,28.475657189971514,1.0664667189121233,0,0,33.72755129166166,1.236580127477646,0,0,40.282676949778164,1.619045436382295,0,0,Seoul_Tancheon_WWTP
6,2023-08-07,30.4,0.0,17.239788822377683,0.5950449109077454,28.475657189971514,1.0664667189121233,0,0,33.72755129166166,1.236580127477646,0,0,40.282676949778164,1.619045436382295,0,0,Seoul_Tancheon_WWTP
6,2023-08-08,30.9,0.0,21.517946748982602,0.6753700375556946,28.475657189971514,1.0664667189121233,0,0,33.72755129166166,1.236580127477646,0,0,40.282676949778164,1.619045436382295,0,0,Seoul_Tancheon_WWTP
6,2023-08-09,28.3,0.2,17.868209708489687,0.6500428318977356,28.475657189971514,1.0664667189121233,0,0,33.72755129166166,1.236580127477646,0,0,40.282676949778164,1.619045436382295,0,0,Seoul_Tancheon_WWTP
6,2023-08-10,22.2,86.1,30.411087646868015,0.7779930233955383,28.475657189971514,1.0664667189121233,1,0,33.72755129166166,1.236580127477646,0,0,40.282676949778164,1.619045436382295,0,0,Seoul_Tancheon_WWTP
6,2023-08-11,23.5,46.7,29.035099875368932,1.1158945560455322,28.475657189971514,1.0664667189121233,1,1,33.72755129166166,1.236580127477646,0,0,40.282676949778164,1.619045436382295,0,0,Seoul_Tancheon_WWTP
6,2023-08-12,23.3,1.5,25.045168946174535,0.8768730163574219,28.475657189971514,1.0664667189121233,0,0,33.72755129166166,1.236580127477646,0,0,40.282676949778164,1.619045436382295,0,0,Seoul_Tancheon_WWTP
6,2023-08-13,27.0,0.0,14.98845139330595,0.8448287844657898,28.475657189971514,1.0664667189121233,0,0,33.72755129166166,1.236580127477646,0,0,40.282676949778164,1.619045436382295,0,0,Seoul_Tancheon_WWTP
6,2023-08-14,28.1,0.0,13.45255379047421,0.8483947515487671,28.475657189971514,1.0664667189121233,0,0,33.72755129166166,1.236580127477646,0,0,40.282676949778164,1.619045436382295,0,0,Seoul_Tancheon_WWTP
6,2023-08-15,28.6,0.0,13.850646683067978,0.8730782866477966,28.475657189971514,1.0664667189121233,0,0,33.72755129166166,1.236580127477646,0,0,40.282676949778164,1.619045436382295,0,0,Seoul_Tancheon_WWTP
6,2023-08-16,27.3,0.3,14.966169952101312,0.8117176294326782,28.475657189971514,1.0664667189121233,0,0,33.72755129166166,1.236580127477646,0,0,40.282676949778164,1.619045436382295,0,0,Seoul_Tancheon_WWTP
6,2023-08-17,28.2,0.0,16.087005560714413,0.7658101320266724,28.475657189971514,1.0664667189121233,0,0,33.72755129166166,1.236580127477646,0,0,40.282676949778164,1.619045436382295,0,0,Seoul_Tancheon_WWTP
6,2023-08-18,29.1,0.1,19.27359085549717,0.7720218300819397,28.475657189971514,1.0664667189121233,0,0,33.72755129166166,1.236580127477646,0,0,40.282676949778164,1.619045436382295,0,0,Seoul_Tancheon_WWTP
6,2023-08-19,29.1,0.0,17.964399196244763,0.8292837142944336,28.475657189971514,1.0664667189121233,0,0,33.72755129166166,1.236580127477646,0,0,40.282676949778164,1.619045436382295,0,0,Seoul_Tancheon_WWTP
6,2023-08-20,28.3,0.0,15.226407619812992,0.8170748353004456,28.475657189971514,1.0664667189121233,0,0,33.72755129166166,1.236580127477646,0,0,40.282676949778164,1.619045436382295,0,0,Seoul_Tancheon_WWTP
6,2023-08-21,29.5,0.0,16.610373061548053,0.8291099667549133,28.475657189971514,1.0664667189121233,0,0,33.72755129166166,1.236580127477646,0,0,40.282676949778164,1.619045436382295,0,0,Seoul_Tancheon_WWTP
6,2023-08-22,27.6,42.6,40.19951692496551,0.9699529409408569,28.475657189971514,1.0664667189121233,1,0,33.72755129166166,1.236580127477646,1,0,40.282676949778164,1.619045436382295,0,0,Seoul_Tancheon_WWTP
6,2023-08-23,24.8,41.8,30.3114050578822,1.258072018623352,28.475657189971514,1.0664667189121233,1,1,33.72755129166166,1.236580127477646,0,1,40.282676949778164,1.619045436382295,0,0,Seoul_Tancheon_WWTP
6,2023-08-24,25.1,5.2,25.6292612521502,0.9507721066474915,28.475657189971514,1.0664667189121233,0,0,33.72755129166166,1.236580127477646,0,0,40.282676949778164,1.619045436382295,0,0,Seoul_Tancheon_WWTP
6,2023-08-25,26.5,0.0,15.873724655595787,0.7278521060943604,28.475657189971514,1.0664667189121233,0,0,33.72755129166166,1.236580127477646,0,0,40.282676949778164,1.619045436382295,0,0,Seoul_Tancheon_WWTP
6,2023-08-26,26.4,0.0,17.14968986788834,0.6136166453361511,28.475657189971514,1.0664667189121233,0,0,33.72755129166166,1.236580127477646,0,0,40.282676949778164,1.619045436382295,0,0,Seoul_Tancheon_WWTP
6,2023-08-27,26.1,0.0,14.949732254550124,0.6546657085418701,28.475657189971514,1.0664667189121233,0,0,33.72755129166166,1.236580127477646,0,0,40.282676949778164,1.619045436382295,0,0,Seoul_Tancheon_WWTP
6,2023-08-28,22.7,10.4,18.719063850785933,0.7159175276756287,28.475657189971514,1.0664667189121233,0,0,33.72755129166166,1.236580127477646,0,0,40.282676949778164,1.619045436382295,0,0,Seoul_Tancheon_WWTP
6,2023-08-29,23.9,54.8,39.01463095532411,0.9837210178375244,28.475657189971514,1.0664667189121233,1,0,33.72755129166166,1.236580127477646,1,0,40.282676949778164,1.619045436382295,0,0,Seoul_Tancheon_WWTP
6,2023-08-30,22.8,3.5,25.10697646450521,1.0554728507995605,28.475657189971514,1.0664667189121233,0,0,33.72755129166166,1.236580127477646,0,0,40.282676949778164,1.619045436382295,0,0,Seoul_Tancheon_WWTP
6,2023-08-31,23.9,0.0,14.183425951356853,1.0639134645462036,28.475657189971514,1.0664667189121233,0,0,33.72755129166166,1.236580127477646,0,0,40.282676949778164,1.619045436382295,0,0,Seoul_Tancheon_WWTP
6,2023-09-01,24.5,0.0,16.04494175391676,1.0090831518173218,28.475657189971514,1.0664667189121233,0,0,33.72755129166166,1.236580127477646,0,0,40.282676949778164,1.619045436382295,0,0,Seoul_Tancheon_WWTP
6,2023-09-02,25.4,0.0,15.29308971955766,0.9352611303329468,28.475657189971514,1.0664667189121233,0,0,33.72755129166166,1.236580127477646,0,0,40.282676949778164,1.619045436382295,0,0,Seoul_Tancheon_WWTP
6,2023-09-03,25.8,0.1,16.67664039422335,0.9547895789146423,28.475657189971514,1.0664667189121233,0,0,33.72755129166166,1.236580127477646,0,0,40.282676949778164,1.619045436382295,0,0,Seoul_Tancheon_WWTP
6,2023-09-04,27.0,0.3,19.052905049028716,0.982460081577301,28.475657189971514,1.0664667189121233,0,0,33.72755129166166,1.236580127477646,0,0,40.282676949778164,1.619045436382295,0,0,Seoul_Tancheon_WWTP
6,2023-09-05,28.5,0.0,15.237454058078256,0.8602316379547119,28.475657189971514,1.0664667189121233,0,0,33.72755129166166,1.236580127477646,0,0,40.282676949778164,1.619045436382295,0,0,Seoul_Tancheon_WWTP
6,2023-09-06,27.9,0.0,17.92392450694328,0.7650548815727234,28.475657189971514,1.0664667189121233,0,0,33.72755129166166,1.236580127477646,0,0,40.282676949778164,1.619045436382295,0,0,Seoul_Tancheon_WWTP
6,2023-09-07,26.3,0.0,17.962632289750637,0.7361679077148438,28.475657189971514,1.0664667189121233,0,0,33.72755129166166,1.236580127477646,0,0,40.282676949778164,1.619045436382295,0,0,Seoul_Tancheon_WWTP
6,2023-09-08,25.3,0.0,14.281956178616698,0.6891522407531738,28.475657189971514,1.0664667189121233,0,0,33.72755129166166,1.236580127477646,0,0,40.282676949778164,1.619045436382295,0,0,Seoul_Tancheon_WWTP
6,2023-09-09,25.8,0.0,13.790377781054652,0.6223874092102051,28.475657189971514,1.0664667189121233,0,0,33.72755129166166,1.236580127477646,0,0,40.282676949778164,1.619045436382295,0,0,Seoul_Tancheon_WWTP
6,2023-09-10,25.7,0.0,14.958329444936753,0.5963159203529358,28.475657189971514,1.0664667189121233,0,0,33.72755129166166,1.236580127477646,0,0,40.282676949778164,1.619045436382295,0,0,Seoul_Tancheon_WWTP
6,2023-09-11,25.5,0.0,16.321609439376413,0.6322782635688782,28.475657189971514,1.0664667189121233,0,0,33.72755129166166,1.236580127477646,0,0,40.282676949778164,1.619045436382295,0,0,Seoul_Tancheon_WWTP
6,2023-09-12,25.7,0.0,18.523780523271665,0.6430790424346924,28.475657189971514,1.0664667189121233,0,0,33.72755129166166,1.236580127477646,0,0,40.282676949778164,1.619045436382295,0,0,Seoul_Tancheon_WWTP
6,2023-09-13,22.1,15.9,18.261229881534437,0.6708554625511169,28.475657189971514,1.0664667189121233,0,0,33.72755129166166,1.236580127477646,0,0,40.282676949778164,1.619045436382295,0,0,Seoul_Tancheon_WWTP
6,2023-09-14,23.4,0.0,18.351292714981785,0.7439626455307007,28.475657189971514,1.0664667189121233,0,0,33.72755129166166,1.236580127477646,0,0,40.282676949778164,1.619045436382295,0,0,Seoul_Tancheon_WWTP
6,2023-09-15,22.3,2.1,16.41833833633541,0.7330271005630493,28.475657189971514,1.0664667189121233,0,0,33.72755129166166,1.236580127477646,0,0,40.282676949778164,1.619045436382295,0,0,Seoul_Tancheon_WWTP
6,2023-09-16,23.9,38.7,40.924775048489266,0.8410381078720093,28.475657189971514,1.0664667189121233,1,0,33.72755129166166,1.236580127477646,1,0,40.282676949778164,1.619045436382295,1,0,Seoul_Tancheon_WWTP
6,2023-09-17,24.7,3.0,43.660886251211835,0.8683845400810242,28.475657189971514,1.0664667189121233,1,0,33.72755129166166,1.236580127477646,1,0,40.282676949778164,1.619045436382295,1,0,Seoul_Tancheon_WWTP
6,2023-09-18,24.7,0.0,13.795887995830284,0.7585933208465576,28.475657189971514,1.0664667189121233,0,0,33.72755129166166,1.236580127477646,0,0,40.282676949778164,1.619045436382295,0,0,Seoul_Tancheon_WWTP
6,2023-09-19,24.1,0.0,16.02502749413113,0.7182195782661438,28.475657189971514,1.0664667189121233,0,0,33.72755129166166,1.236580127477646,0,0,40.282676949778164,1.619045436382295,0,0,Seoul_Tancheon_WWTP
6,2023-09-20,20.6,35.8,24.90761826959622,0.7330634593963623,28.475657189971514,1.0664667189121233,0,0,33.72755129166166,1.236580127477646,0,0,40.282676949778164,1.619045436382295,0,0,Seoul_Tancheon_WWTP
6,2023-09-21,20.1,0.0,15.04149907793987,0.7074987888336182,28.475657189971514,1.0664667189121233,0,0,33.72755129166166,1.236580127477646,0,0,40.282676949778164,1.619045436382295,0,0,Seoul_Tancheon_WWTP
6,2023-09-22,20.5,0.0,15.836552819720021,0.7200374603271484,28.475657189971514,1.0664667189121233,0,0,33.72755129166166,1.236580127477646,0,0,40.282676949778164,1.619045436382295,0,0,Seoul_Tancheon_WWTP
7,2023-09-23,21.8,0.0,14.45694136507858,0.4698564410209656,27.486704957463548,0.9424862474203107,0,0,32.287743841061385,1.093009987473488,0,0,36.754060979723164,1.3406820189952806,0,0,Seoul_Tancheon_WWTP
7,2023-09-24,21.8,0.0,14.068462440109613,0.497779905796051,27.486704957463548,0.9424862474203107,0,0,32.287743841061385,1.093009987473488,0,0,36.754060979723164,1.3406820189952806,0,0,Seoul_Tancheon_WWTP
7,2023-09-25,21.6,1.9,13.215394674535816,0.5162764191627502,27.486704957463548,0.9424862474203107,0,0,32.287743841061385,1.093009987473488,0,0,36.754060979723164,1.3406820189952806,0,0,Seoul_Tancheon_WWTP
7,2023-09-26,19.9,27.8,20.11130551855043,0.5649531483650208,27.486704957463548,0.9424862474203107,0,0,32.287743841061385,1.093009987473488,0,0,36.754060979723164,1.3406820189952806,0,0,Seoul_Tancheon_WWTP
7,2023-09-27,21.5,4.4,16.393012976154658,0.5965190529823303,27.486704957463548,0.9424862474203107,0,0,32.287743841061385,1.093009987473488,0,0,36.754060979723164,1.3406820189952806,0,0,Seoul_Tancheon_WWTP
7,2023-09-28,22.7,0.0,15.124187164621745,0.568245530128479,27.486704957463548,0.9424862474203107,0,0,32.287743841061385,1.093009987473488,0,0,36.754060979723164,1.3406820189952806,0,0,Seoul_Tancheon_WWTP
7,2023-09-29,21.1,0.0,17.319494835492563,0.5594631433486938,27.486704957463548,0.9424862474203107,0,0,32.287743841061385,1.093009987473488,0,0,36.754060979723164,1.3406820189952806,0,0,Seoul_Tancheon_WWTP
7,2023-09-30,19.7,4.5,24.15477545660724,0.4990411698818207,27.486704957463548,0.9424862474203107,0,0,32.287743841061385,1.093009987473488,0,0,36.754060979723164,1.3406820189952806,0,0,Seoul_Tancheon_WWTP
7,2023-10-01,18.4,0.0,14.842981311227975,0.5454244017601013,27.486704957463548,0.9424862474203107,0,0,32.287743841061385,1.093009987473488,0,0,36.754060979723164,1.3406820189952806,0,0,Seoul_Tancheon_WWTP
7,2023-10-02,18.2,0.0,17.653267935002653,0.606225311756134,27.486704957463548,0.9424862474203107,0,0,32.287743841061385,1.093009987473488,0,0,36.754060979723164,1.3406820189952806,0,0,Seoul_Tancheon_WWTP
7,2023-10-03,17.5,0.0,19.671098668991263,0.6425249576568604,27.486704957463548,0.9424862474203107,0,0,32.287743841061385,1.093009987473488,0,0,36.754060979723164,1.3406820189952806,0,0,Seoul_Tancheon_WWTP
7,2023-10-04,17.3,14.7,28.485126954819556,0.6230884194374084,27.486704957463548,0.9424862474203107,1,0,32.287743841061385,1.093009987473488,0,0,36.754060979723164,1.3406820189952806,0,0,Seoul_Tancheon_WWTP
7,2023-10-05,14.2,0.0,13.962399485723969,0.6147283315658569,27.486704957463548,0.9424862474203107,0,0,32.287743841061385,1.093009987473488,0,0,36.754060979723164,1.3406820189952806,0,0,Seoul_Tancheon_WWTP
7,2023-10-06,15.5,0.0,15.399916843453548,0.6040955781936646,27.486704957463548,0.9424862474203107,0,0,32.287743841061385,1.093009987473488,0,0,36.754060979723164,1.3406820189952806,0,0,Seoul_Tancheon_WWTP
7,2023-10-07,16.8,0.0,13.821535889263071,0.5431296825408936,27.486704957463548,0.9424862474203107,0,0,32.287743841061385,1.093009987473488,0,0,36.754060979723164,1.3406820189952806,0,0,Seoul_Tancheon_WWTP
7,2023-10-08,17.1,0.0,16.627168300446932,0.5212704539299011,27.486704957463548,0.9424862474203107,0,0,32.287743841061385,1.093009987473488,0,0,36.754060979723164,1.3406820189952806,0,0,Seoul_Tancheon_WWTP
7,2023-10-09,17.4,1.2,18.326658220278446,0.5074729919433594,27.486704957463548,0.9424862474203107,0,0,32.287743841061385,1.093009987473488,0,0,36.754060979723164,1.3406820189952806,0,0,Seoul_Tancheon_WWTP
7,2023-10-10,17.1,0.0,17.5631641713736,0.463904470205307,27.486704957463548,0.9424862474203107,0,0,32.287743841061385,1.093009987473488,0,0,36.754060979723164,1.3406820189952806,0,0,Seoul_Tancheon_WWTP
7,2023-10-11,17.6,0.0,18.125263334002113,0.4066976010799408,27.486704957463548,0.9424862474203107,0,0,32.287743841061385,1.093009987473488,0,0,36.754060979723164,1.3406820189952806,0,0,Seoul_Tancheon_WWTP
7,2023-10-12,17.5,0.0,17.29256016971532,0.3927261531352997,27.486704957463548,0.9424862474203107,0,0,32.287743841061385,1.093009987473488,0,0,36.754060979723164,1.3406820189952806,0,0,Seoul_Tancheon_WWTP
7,2023-10-13,17.5,0.0,19.528937013489568,0.3710593283176422,27.486704957463548,0.9424862474203107,0,0,32.287743841061385,1.093009987473488,0,0,36.754060979723164,1.3406820189952806,0,0,Seoul_Tancheon_WWTP
7,2023-10-14,14.7,5.8,19.943351372184118,0.3664621114730835,27.486704957463548,0.9424862474203107,0,0,32.287743841061385,1.093009987473488,0,0,36.754060979723164,1.3406820189952806,0,0,Seoul_Tancheon_WWTP
7,2023-10-15,16.1,0.0,14.932899014925678,0.3601053059101105,27.486704957463548,0.9424862474203107,0,0,32.287743841061385,1.093009987473488,0,0,36.754060979723164,1.3406820189952806,0,0,Seoul_Tancheon_WWTP
7,2023-10-16,14.7,0.0,15.230763037658633,0.3504777252674103,27.486704957463548,0.9424862474203107,0,0,32.287743841061385,1.093009987473488,0,0,36.754060979723164,1.3406820189952806,0,0,Seoul_Tancheon_WWTP
7,2023-10-17,13.8,0.0,21.088598353869685,0.3511556386947632,27.486704957463548,0.9424862474203107,0,0,32.287743841061385,1.093009987473488,0,0,36.754060979723164,1.3406820189952806,0,0,Seoul_Tancheon_WWTP
7,2023-10-18,15.7,0.0,23.083414700400763,0.3284202814102173,27.486704957463548,0.9424862474203107,0,0,32.287743841061385,1.093009987473488,0,0,36.754060979723164,1.3406820189952806,0,0,Seoul_Tancheon_WWTP
7,2023-10-19,17.0,8.2,25.9161184273685,0.37166962027549744,27.486704957463548,0.9424862474203107,0,0,32.287743841061385,1.093009987473488,0,0,36.754060979723164,1.3406820189952806,0,0,Seoul_Tancheon_WWTP
7,2023-10-20,11.6,0.0,20.114463403122095,0.3967638611793518,27.486704957463548,0.9424862474203107,0,0,32.287743841061385,1.093009987473488,0,0,36.754060979723164,1.3406820189952806,0,0,Seoul_Tancheon_WWTP
7,2023-10-21,10.4,1.1,21.391068837432307,0.4144076108932495,27.486704957463548,0.9424862474203107,0,0,32.287743841061385,1.093009987473488,0,0,36.754060979723164,1.3406820189952806,0,0,Seoul_Tancheon_WWTP
7,2023-10-22,12.5,0.0,20.684851192349086,0.4120441973209381,27.486704957463548,0.9424862474203107,0,0,32.287743841061385,1.093009987473488,0,0,36.754060979723164,1.3406820189952806,0,0,Seoul_Tancheon_WWTP
7,2023-10-23,15.2,0.0,15.862103396659775,0.4083379805088043,27.486704957463548,0.9424862474203107,0,0,32.287743841061385,1.093009987473488,0,0,36.754060979723164,1.3406820189952806,0,0,Seoul_Tancheon_WWTP
7,2023-10-24,15.6,0.0,30.247598016373946,0.39571690559387207,27.486704957463548,0.9424862474203107,1,0,32.287743841061385,1.093009987473488,0,0,36.754060979723164,1.3406820189952806,0,0,Seoul_Tancheon_WWTP
7,2023-10-25,16.6,0.0,17.006901322945264,0.3642198145389557,27.486704957463548,0.9424862474203107,0,0,32.287743841061385,1.093009987473488,0,0,36.754060979723164,1.3406820189952806,0,0,Seoul_Tancheon_WWTP
7,2023-10-26,17.2,0.0,18.3045607758207,0.4172283709049225,27.486704957463548,0.9424862474203107,0,0,32.287743841061385,1.093009987473488,0,0,36.754060979723164,1.3406820189952806,0,0,Seoul_Tancheon_WWTP
7,2023-10-27,15.7,0.0,17.552772856966634,0.44287341833114624,27.486704957463548,0.9424862474203107,0,0,32.287743841061385,1.093009987473488,0,0,36.754060979723164,1.3406820189952806,0,0,Seoul_Tancheon_WWTP
7,2023-10-28,14.2,0.0,16.492169042400988,0.4349430501461029,27.486704957463548,0.9424862474203107,0,0,32.287743841061385,1.093009987473488,0,0,36.754060979723164,1.3406820189952806,0,0,Seoul_Tancheon_WWTP
7,2023-10-29,14.9,0.0,19.625065453986316,0.4695987105369568,27.486704957463548,0.9424862474203107,0,0,32.287743841061385,1.093009987473488,0,0,36.754060979723164,1.3406820189952806,0,0,Seoul_Tancheon_WWTP
7,2023-10-30,15.1,0.0,21.124272516296898,0.4772043824195862,27.486704957463548,0.9424862474203107,0,0,32.287743841061385,1.093009987473488,0,0,36.754060979723164,1.3406820189952806,0,0,Seoul_Tancheon_WWTP
7,2023-10-31,16.5,0.0,16.945008131541638,0.45279234647750854,27.486704957463548,0.9424862474203107,0,0,32.287743841061385,1.093009987473488,0,0,36.754060979723164,1.3406820189952806,0,0,Seoul_Tancheon_WWTP
7,2023-11-01,19.0,0.0,18.65792919728755,0.4907822906970978,27.486704957463548,0.9424862474203107,0,0,32.287743841061385,1.093009987473488,0,0,36.754060979723164,1.3406820189952806,0,0,Seoul_Tancheon_WWTP
7,2023-11-02,20.8,0.0,20.363668683902645,0.47326740622520447,27.486704957463548,0.9424862474203107,0,0,32.287743841061385,1.093009987473488,0,0,36.754060979723164,1.3406820189952806,0,0,Seoul_Tancheon_WWTP
7,2023-11-03,19.5,8.5,22.121004331781634,0.48462146520614624,27.486704957463548,0.9424862474203107,0,0,32.287743841061385,1.093009987473488,0,0,36.754060979723164,1.3406820189952806,0,0,Seoul_Tancheon_WWTP
7,2023-11-04,17.4,0.0,12.978556395923876,0.487937867641449,27.486704957463548,0.9424862474203107,0,0,32.287743841061385,1.093009987473488,0,0,36.754060979723164,1.3406820189952806,0,0,Seoul_Tancheon_WWTP
7,2023-11-05,17.3,10.4,17.811141638400052,0.4920572340488434,27.486704957463548,0.9424862474203107,0,0,32.287743841061385,1.093009987473488,0,0,36.754060979723164,1.3406820189952806,0,0,Seoul_Tancheon_WWTP
7,2023-11-06,13.3,45.8,47.2551597081104,0.7845329642295837,27.486704957463548,0.9424862474203107,1,0,32.287743841061385,1.093009987473488,1,0,36.754060979723164,1.3406820189952806,1,0,Seoul_Tancheon_WWTP
7,2023-11-07,5.8,0.0,20.225767409693717,0.8681703209877014,27.486704957463548,0.9424862474203107,0,0,32.287743841061385,1.093009987473488,0,0,36.754060979723164,1.3406820189952806,0,0,Seoul_Tancheon_WWTP
7,2023-11-08,8.4,0.0,20.255874586956867,0.8916763663291931,27.486704957463548,0.9424862474203107,0,0,32.287743841061385,1.093009987473488,0,0,36.754060979723164,1.3406820189952806,0,0,Seoul_Tancheon_WWTP
7,2023-11-09,11.4,5.1,24.629631855737514,0.8356186151504517,27.486704957463548,0.9424862474203107,0,0,32.287743841061385,1.093009987473488,0,0,36.754060979723164,1.3406820189952806,0,0,Seoul_Tancheon_WWTP
7,2023-11-10,3.4,0.0,16.462607959911182,0.8018040657043457,27.486704957463548,0.9424862474203107,0,0,32.287743841061385,1.093009987473488,0,0,36.754060979723164,1.3406820189952806,0,0,Seoul_Tancheon_WWTP
7,2023-11-11,1.7,0.0,15.298675547203912,0.7659533619880676,27.486704957463548,0.9424862474203107,0,0,32.287743841061385,1.093009987473488,0,0,36.754060979723164,1.3406820189952806,0,0,Seoul_Tancheon_WWTP
7,2023-11-12,1.2,0.0,30.885801612355575,0.7148146033287048,27.486704957463548,0.9424862474203107,1,0,32.287743841061385,1.093009987473488,0,0,36.754060979723164,1.3406820189952806,0,0,Seoul_Tancheon_WWTP
7,2023-11-13,2.0,0.0,16.95768033235381,0.6824991703033447,27.486704957463548,0.9424862474203107,0,0,32.287743841061385,1.093009987473488,0,0,36.754060979723164,1.3406820189952806,0,0,Seoul_Tancheon_WWTP
7,2023-11-14,5.0,0.0,16.275799277890645,0.6545993685722351,27.486704957463548,0.9424862474203107,0,0,32.287743841061385,1.093009987473488,0,0,36.754060979723164,1.3406820189952806,0,0,Seoul_Tancheon_WWTP
7,2023-11-15,7.0,0.0,16.682115419819585,0.5743005871772766,27.486704957463548,0.9424862474203107,0,0,32.287743841061385,1.093009987473488,0,0,36.754060979723164,1.3406820189952806,0,0,Seoul_Tancheon_WWTP
7,2023-11-16,6.6,8.4,20.86453546933693,0.556588351726532,27.486704957463548,0.9424862474203107,0,0,32.287743841061385,1.093009987473488,0,0,36.754060979723164,1.3406820189952806,0,0,Seoul_Tancheon_WWTP
7,2023-11-17,1.6,0.0,15.973972920545194,0.5155864953994751,27.486704957463548,0.9424862474203107,0,0,32.287743841061385,1.093009987473488,0,0,36.754060979723164,1.3406820189952806,0,0,Seoul_Tancheon_WWTP
7,2023-11-18,0.6,0.0,16.115429577307857,0.5117272138595581,27.486704957463548,0.9424862474203107,0,0,32.287743841061385,1.093009987473488,0,0,36.754060979723164,1.3406820189952806,0,0,Seoul_Tancheon_WWTP
7,2023-11-19,5.9,0.0,18.263023708311305,0.5640263557434082,27.486704957463548,0.9424862474203107,0,0,32.287743841061385,1.093009987473488,0,0,36.754060979723164,1.3406820189952806,0,0,Seoul_Tancheon_WWTP
7,2023-11-20,6.2,0.0,18.473691579307747,0.3571591079235077,27.486704957463548,0.9424862474203107,0,0,32.287743841061385,1.093009987473488,0,0,36.754060979723164,1.3406820189952806,0,0,Seoul_Tancheon_WWTP
7,2023-11-21,7.4,0.0,24.690271272164612,0.339790403842926,27.486704957463548,0.9424862474203107,0,0,32.287743841061385,1.093009987473488,0,0,36.754060979723164,1.3406820189952806,0,0,Seoul_Tancheon_WWTP
7,2023-11-22,9.5,0.0,22.457032574836575,0.33489537239074707,27.486704957463548,0.9424862474203107,0,0,32.287743841061385,1.093009987473488,0,0,36.754060979723164,1.3406820189952806,0,0,Seoul_Tancheon_WWTP
7,2023-11-23,9.9,0.1,20.11432429639846,0.33369699120521545,27.486704957463548,0.9424862474203107,0,0,32.287743841061385,1.093009987473488,0,0,36.754060979723164,1.3406820189952806,0,0,Seoul_Tancheon_WWTP
7,2023-11-24,-1.5,0.0,18.00345685690267,0.3425445556640625,27.486704957463548,0.9424862474203107,0,0,32.287743841061385,1.093009987473488,0,0,36.754060979723164,1.3406820189952806,0,0,Seoul_Tancheon_WWTP
7,2023-11-25,-1.3,0.0,16.417714487237554,0.3338363766670227,27.486704957463548,0.9424862474203107,0,0,32.287743841061385,1.093009987473488,0,0,36.754060979723164,1.3406820189952806,0,0,Seoul_Tancheon_WWTP
7,2023-11-26,4.0,0.0,16.678610465251168,0.3192656636238098,27.486704957463548,0.9424862474203107,0,0,32.287743841061385,1.093009987473488,0,0,36.754060979723164,1.3406820189952806,0,0,Seoul_Tancheon_WWTP
7,2023-11-27,6.2,3.6,15.203018978332084,0.33993709087371826,27.486704957463548,0.9424862474203107,0,0,32.287743841061385,1.093009987473488,0,0,36.754060979723164,1.3406820189952806,0,0,Seoul_Tancheon_WWTP
7,2023-11-28,1.3,0.0,16.513006918453044,0.34896373748779297,27.486704957463548,0.9424862474203107,0,0,32.287743841061385,1.093009987473488,0,0,36.754060979723164,1.3406820189952806,0,0,Seoul_Tancheon_WWTP
7,2023-11-29,-1.4,0.0,19.202998648215516,0.37005606293678284,27.486704957463548,0.9424862474203107,0,0,32.287743841061385,1.093009987473488,0,0,36.754060979723164,1.3406820189952806,0,0,Seoul_Tancheon_WWTP
7,2023-11-30,-4.3,0.0,19.61518110460412,0.3514116108417511,27.486704957463548,0.9424862474203107,0,0,32.287743841061385,1.093009987473488,0,0,36.754060979723164,1.3406820189952806,0,0,Seoul_Tancheon_WWTP
7,2023-12-01,-3.2,0.0,18.159508055327294,0.3780360221862793,27.486704957463548,0.9424862474203107,0,0,32.287743841061385,1.093009987473488,0,0,36.754060979723164,1.3406820189952806,0,0,Seoul_Tancheon_WWTP
7,2023-12-02,2.0,0.0,21.002456554155163,0.435224324464798,27.486704957463548,0.9424862474203107,0,0,32.287743841061385,1.093009987473488,0,0,36.754060979723164,1.3406820189952806,0,0,Seoul_Tancheon_WWTP
7,2023-12-03,0.8,0.0,21.076656416356997,0.44674041867256165,27.486704957463548,0.9424862474203107,0,0,32.287743841061385,1.093009987473488,0,0,36.754060979723164,1.3406820189952806,0,0,Seoul_Tancheon_WWTP
7,2023-12-04,2.7,0.0,19.521556342629047,0.4514636993408203,27.486704957463548,0.9424862474203107,0,0,32.287743841061385,1.093009987473488,0,0,36.754060979723164,1.3406820189952806,0,0,Seoul_Tancheon_WWTP
7,2023-12-05,6.8,0.0,16.041942297661905,0.3954732120037079,27.486704957463548,0.9424862474203107,0,0,32.287743841061385,1.093009987473488,0,0,36.754060979723164,1.3406820189952806,0,0,Seoul_Tancheon_WWTP
7,2023-12-06,6.1,3.8,20.3887408589306,0.41343244910240173,27.486704957463548,0.9424862474203107,0,0,32.287743841061385,1.093009987473488,0,0,36.754060979723164,1.3406820189952806,0,0,Seoul_Tancheon_WWTP
7,2023-12-07,6.6,0.0,20.068936296360206,0.40569576621055603,27.486704957463548,0.9424862474203107,0,0,32.287743841061385,1.093009987473488,0,0,36.754060979723164,1.3406820189952806,0,0,Seoul_Tancheon_WWTP
7,2023-12-08,11.2,0.0,23.34431740171155,0.4499625265598297,27.486704957463548,0.9424862474203107,0,0,32.287743841061385,1.093009987473488,0,0,36.754060979723164,1.3406820189952806,0,0,Seoul_Tancheon_WWTP
7,2023-12-09,13.7,0.0,16.26743205524441,0.49004384875297546,27.486704957463548,0.9424862474203107,0,0,32.287743841061385,1.093009987473488,0,0,36.754060979723164,1.3406820189952806,0,0,Seoul_Tancheon_WWTP
7,2023-12-10,11.4,0.0,23.772933860398823,0.5540314316749573,27.486704957463548,0.9424862474203107,0,0,32.287743841061385,1.093009987473488,0,0,36.754060979723164,1.3406820189952806,0,0,Seoul_Tancheon_WWTP
7,2023-12-11,8.9,11.4,19.073651842958576,0.5677622556686401,27.486704957463548,0.9424862474203107,0,0,32.287743841061385,1.093009987473488,0,0,36.754060979723164,1.3406820189952806,0,0,Seoul_Tancheon_WWTP
7,2023-12-12,5.4,0.4,19.4043199761296,0.5993533134460449,27.486704957463548,0.9424862474203107,0,0,32.287743841061385,1.093009987473488,0,0,36.754060979723164,1.3406820189952806,0,0,Seoul_Tancheon_WWTP
7,2023-12-13,6.8,0.0,16.80960895056142,0.5882843732833862,27.486704957463548,0.9424862474203107,0,0,32.287743841061385,1.093009987473488,0,0,36.754060979723164,1.3406820189952806,0,0,Seoul_Tancheon_WWTP
7,2023-12-14,7.6,17.0,25.70377134474396,0.5870791673660278,27.486704957463548,0.9424862474203107,0,0,32.287743841061385,1.093009987473488,0,0,36.754060979723164,1.3406820189952806,0,0,Seoul_Tancheon_WWTP
7,2023-12-15,4.9,31.1,33.31289942514355,0.796673595905304,27.486704957463548,0.9424862474203107,1,0,32.287743841061385,1.093009987473488,1,0,36.754060979723164,1.3406820189952806,0,0,Seoul_Tancheon_WWTP
7,2023-12-16,-4.1,1.5,22.854801543251874,0.784725546836853,27.486704957463548,0.9424862474203107,0,0,32.287743841061385,1.093009987473488,0,0,36.754060979723164,1.3406820189952806,0,0,Seoul_Tancheon_WWTP
7,2023-12-17,-9.8,0.0,27.777915112255332,0.8417238593101501,27.486704957463548,0.9424862474203107,1,0,32.287743841061385,1.093009987473488,0,0,36.754060979723164,1.3406820189952806,0,0,Seoul_Tancheon_WWTP
7,2023-12-18,-7.7,0.0,23.823544971302315,0.826202392578125,27.486704957463548,0.9424862474203107,0,0,32.287743841061385,1.093009987473488,0,0,36.754060979723164,1.3406820189952806,0,0,Seoul_Tancheon_WWTP
7,2023-12-19,-3.7,0.3,17.050809037638707,0.8454791903495789,27.486704957463548,0.9424862474203107,0,0,32.287743841061385,1.093009987473488,0,0,36.754060979723164,1.3406820189952806,0,0,Seoul_Tancheon_WWTP
7,2023-12-20,-7.4,0.8,20.660133842937896,0.8186144828796387,27.486704957463548,0.9424862474203107,0,0,32.287743841061385,1.093009987473488,0,0,36.754060979723164,1.3406820189952806,0,0,Seoul_Tancheon_WWTP
7,2023-12-21,-11.7,0.0,24.852222271533407,0.8625450730323792,27.486704957463548,0.9424862474203107,0,0,32.287743841061385,1.093009987473488,0,0,36.754060979723164,1.3406820189952806,0,0,Seoul_Tancheon_WWTP
8,2023-12-22,-11.6,0.0,24.303520777906023,0.4987424910068512,28.16325436294749,0.9200083643198013,0,0,33.10471820528687,1.1007258892059324,0,0,39.134798849857496,1.3697354495525356,0,0,Seoul_Tancheon_WWTP
8,2023-12-23,-6.8,0.0,19.07916663521746,0.5370171666145325,28.16325436294749,0.9200083643198013,0,0,33.10471820528687,1.1007258892059324,0,0,39.134798849857496,1.3697354495525356,0,0,Seoul_Tancheon_WWTP
8,2023-12-24,-2.2,1.1,19.179647365825712,0.6362088322639465,28.16325436294749,0.9200083643198013,0,0,33.10471820528687,1.1007258892059324,0,0,39.134798849857496,1.3697354495525356,0,0,Seoul_Tancheon_WWTP
8,2023-12-25,-0.7,0.7,18.295531056600446,0.6135028600692749,28.16325436294749,0.9200083643198013,0,0,33.10471820528687,1.1007258892059324,0,0,39.134798849857496,1.3697354495525356,0,0,Seoul_Tancheon_WWTP
8,2023-12-26,1.9,0.0,20.169110540861148,0.7154714465141296,28.16325436294749,0.9200083643198013,0,0,33.10471820528687,1.1007258892059324,0,0,39.134798849857496,1.3697354495525356,0,0,Seoul_Tancheon_WWTP
8,2023-12-27,1.5,0.0,18.53635875537143,0.7593297362327576,28.16325436294749,0.9200083643198013,0,0,33.10471820528687,1.1007258892059324,0,0,39.134798849857496,1.3697354495525356,0,0,Seoul_Tancheon_WWTP
8,2023-12-28,1.2,0.0,17.61665247162965,0.7414748668670654,28.16325436294749,0.9200083643198013,0,0,33.10471820528687,1.1007258892059324,0,0,39.134798849857496,1.3697354495525356,0,0,Seoul_Tancheon_WWTP
8,2023-12-29,1.3,0.0,20.418022960421368,0.47642382979393005,28.16325436294749,0.9200083643198013,0,0,33.10471820528687,1.1007258892059324,0,0,39.134798849857496,1.3697354495525356,0,0,Seoul_Tancheon_WWTP
8,2023-12-30,0.6,13.1,25.37284934578259,0.4741065204143524,28.16325436294749,0.9200083643198013,0,0,33.10471820528687,1.1007258892059324,0,0,39.134798849857496,1.3697354495525356,0,0,Seoul_Tancheon_WWTP
8,2023-12-31,2.1,4.7,16.850183062981777,0.5168308615684509,28.16325436294749,0.9200083643198013,0,0,33.10471820528687,1.1007258892059324,0,0,39.134798849857496,1.3697354495525356,0,0,Seoul_Tancheon_WWTP
8,2024-01-01,3.3,0.0,22.167075027967467,0.5009902715682983,28.16325436294749,0.9200083643198013,0,0,33.10471820528687,1.1007258892059324,0,0,39.134798849857496,1.3697354495525356,0,0,Seoul_Tancheon_WWTP
8,2024-01-02,2.9,0.0,22.424631489675228,0.5129560232162476,28.16325436294749,0.9200083643198013,0,0,33.10471820528687,1.1007258892059324,0,0,39.134798849857496,1.3697354495525356,0,0,Seoul_Tancheon_WWTP
8,2024-01-03,1.8,0.6,19.44639547053295,0.591145932674408,28.16325436294749,0.9200083643198013,0,0,33.10471820528687,1.1007258892059324,0,0,39.134798849857496,1.3697354495525356,0,0,Seoul_Tancheon_WWTP
8,2024-01-04,1.4,0.0,17.394773297255718,0.5676171183586121,28.16325436294749,0.9200083643198013,0,0,33.10471820528687,1.1007258892059324,0,0,39.134798849857496,1.3697354495525356,0,0,Seoul_Tancheon_WWTP
8,2024-01-05,5.0,0.0,18.001295706611366,0.585360050201416,28.16325436294749,0.9200083643198013,0,0,33.10471820528687,1.1007258892059324,0,0,39.134798849857496,1.3697354495525356,0,0,Seoul_Tancheon_WWTP
8,2024-01-06,0.7,2.4,17.45466820492566,0.5826106667518616,28.16325436294749,0.9200083643198013,0,0,33.10471820528687,1.1007258892059324,0,0,39.134798849857496,1.3697354495525356,0,0,Seoul_Tancheon_WWTP
8,2024-01-07,-4.4,0.0,18.831416232395505,0.5654670596122742,28.16325436294749,0.9200083643198013,0,0,33.10471820528687,1.1007258892059324,0,0,39.134798849857496,1.3697354495525356,0,0,Seoul_Tancheon_WWTP
8,2024-01-08,-4.7,0.0,19.217516528145925,0.526186466217041,28.16325436294749,0.9200083643198013,0,0,33.10471820528687,1.1007258892059324,0,0,39.134798849857496,1.3697354495525356,0,0,Seoul_Tancheon_WWTP
8,2024-01-09,-0.6,1.6,21.220743564983156,0.5505810379981995,28.16325436294749,0.9200083643198013,0,0,33.10471820528687,1.1007258892059324,0,0,39.134798849857496,1.3697354495525356,0,0,Seoul_Tancheon_WWTP
8,2024-01-10,-1.0,0.0,20.638939519042758,0.5794130563735962,28.16325436294749,0.9200083643198013,0,0,33.10471820528687,1.1007258892059324,0,0,39.134798849857496,1.3697354495525356,0,0,Seoul_Tancheon_WWTP
8,2024-01-11,1.7,0.0,20.93802673537167,0.6278039216995239,28.16325436294749,0.9200083643198013,0,0,33.10471820528687,1.1007258892059324,0,0,39.134798849857496,1.3697354495525356,0,0,Seoul_Tancheon_WWTP
8,2024-01-12,0.9,0.0,19.30428635136121,0.6160833835601807,28.16325436294749,0.9200083643198013,0,0,33.10471820528687,1.1007258892059324,0,0,39.134798849857496,1.3697354495525356,0,0,Seoul_Tancheon_WWTP
8,2024-01-13,0.4,0.0,19.51336339887828,0.5761822462081909,28.16325436294749,0.9200083643198013,0,0,33.10471820528687,1.1007258892059324,0,0,39.134798849857496,1.3697354495525356,0,0,Seoul_Tancheon_WWTP
8,2024-01-14,-0.6,3.1,15.947684642785411,0.5089089870452881,28.16325436294749,0.9200083643198013,0,0,33.10471820528687,1.1007258892059324,0,0,39.134798849857496,1.3697354495525356,0,0,Seoul_Tancheon_WWTP
8,2024-01-15,-3.7,0.0,18.15833451085094,0.4834253191947937,28.16325436294749,0.9200083643198013,0,0,33.10471820528687,1.1007258892059324,0,0,39.134798849857496,1.3697354495525356,0,0,Seoul_Tancheon_WWTP
8,2024-01-16,-2.1,0.0,24.30778052874554,0.49028319120407104,28.16325436294749,0.9200083643198013,0,0,33.10471820528687,1.1007258892059324,0,0,39.134798849857496,1.3697354495525356,0,0,Seoul_Tancheon_WWTP
8,2024-01-17,0.6,9.7,21.414118662093653,0.46747031807899475,28.16325436294749,0.9200083643198013,0,0,33.10471820528687,1.1007258892059324,0,0,39.134798849857496,1.3697354495525356,0,0,Seoul_Tancheon_WWTP
8,2024-01-18,4.5,0.5,17.1084542393959,0.44587332010269165,28.16325436294749,0.9200083643198013,0,0,33.10471820528687,1.1007258892059324,0,0,39.134798849857496,1.3697354495525356,0,0,Seoul_Tancheon_WWTP
8,2024-01-19,5.4,0.0,18.08811235636127,0.42537903785705566,28.16325436294749,0.9200083643198013,0,0,33.10471820528687,1.1007258892059324,0,0,39.134798849857496,1.3697354495525356,0,0,Seoul_Tancheon_WWTP
8,2024-01-20,3.4,0.4,18.80315868351028,0.42038819193840027,28.16325436294749,0.9200083643198013,0,0,33.10471820528687,1.1007258892059324,0,0,39.134798849857496,1.3697354495525356,0,0,Seoul_Tancheon_WWTP
8,2024-01-21,1.7,0.4,17.732733668045825,0.42598220705986023,28.16325436294749,0.9200083643198013,0,0,33.10471820528687,1.1007258892059324,0,0,39.134798849857496,1.3697354495525356,0,0,Seoul_Tancheon_WWTP
8,2024-01-22,-8.7,0.2,20.83576136895556,0.4731779992580414,28.16325436294749,0.9200083643198013,0,0,33.10471820528687,1.1007258892059324,0,0,39.134798849857496,1.3697354495525356,0,0,Seoul_Tancheon_WWTP
8,2024-01-23,-11.7,0.0,24.717435256205647,0.49240773916244507,28.16325436294749,0.9200083643198013,0,0,33.10471820528687,1.1007258892059324,0,0,39.134798849857496,1.3697354495525356,0,0,Seoul_Tancheon_WWTP
8,2024-01-24,-8.0,0.0,19.64327684405073,0.4606805741786957,28.16325436294749,0.9200083643198013,0,0,33.10471820528687,1.1007258892059324,0,0,39.134798849857496,1.3697354495525356,0,0,Seoul_Tancheon_WWTP
8,2024-01-25,-5.3,0.0,19.888250008192614,0.4981064200401306,28.16325436294749,0.9200083643198013,0,0,33.10471820528687,1.1007258892059324,0,0,39.134798849857496,1.3697354495525356,0,0,Seoul_Tancheon_WWTP
8,2024-01-26,-1.7,0.0,19.37312947134153,0.48827099800109863,28.16325436294749,0.9200083643198013,0,0,33.10471820528687,1.1007258892059324,0,0,39.134798849857496,1.3697354495525356,0,0,Seoul_Tancheon_WWTP
8,2024-01-27,-0.5,0.0,17.473781382133517,0.4954068958759308,28.16325436294749,0.9200083643198013,0,0,33.10471820528687,1.1007258892059324,0,0,39.134798849857496,1.3697354495525356,0,0,Seoul_Tancheon_WWTP
8,2024-01-28,-1.5,0.0,20.69617021704253,0.48221299052238464,28.16325436294749,0.9200083643198013,0,0,33.10471820528687,1.1007258892059324,0,0,39.134798849857496,1.3697354495525356,0,0,Seoul_Tancheon_WWTP
8,2024-01-29,-0.4,0.0,20.72837691123436,0.4919641613960266,28.16325436294749,0.9200083643198013,0,0,33.10471820528687,1.1007258892059324,0,0,39.134798849857496,1.3697354495525356,0,0,Seoul_Tancheon_WWTP
8,2024-01-30,1.4,0.0,18.186138894422157,0.4653005599975586,28.16325436294749,0.9200083643198013,0,0,33.10471820528687,1.1007258892059324,0,0,39.134798849857496,1.3697354495525356,0,0,Seoul_Tancheon_WWTP
8,2024-01-31,4.7,0.0,21.08767776133089,0.44320589303970337,28.16325436294749,0.9200083643198013,0,0,33.10471820528687,1.1007258892059324,0,0,39.134798849857496,1.3697354495525356,0,0,Seoul_Tancheon_WWTP
8,2024-02-01,2.4,0.0,23.462267386619345,0.508857250213623,28.16325436294749,0.9200083643198013,0,0,33.10471820528687,1.1007258892059324,0,0,39.134798849857496,1.3697354495525356,0,0,Seoul_Tancheon_WWTP
8,2024-02-02,3.1,0.0,19.403473623086875,0.5238958597183228,28.16325436294749,0.9200083643198013,0,0,33.10471820528687,1.1007258892059324,0,0,39.134798849857496,1.3697354495525356,0,0,Seoul_Tancheon_WWTP
8,2024-02-03,4.7,0.0,15.191365327539685,0.5014634132385254,28.16325436294749,0.9200083643198013,0,0,33.10471820528687,1.1007258892059324,0,0,39.134798849857496,1.3697354495525356,0,0,Seoul_Tancheon_WWTP
8,2024-02-04,7.3,0.0,15.408224235940429,0.5316537618637085,28.16325436294749,0.9200083643198013,0,0,33.10471820528687,1.1007258892059324,0,0,39.134798849857496,1.3697354495525356,0,0,Seoul_Tancheon_WWTP
8,2024-02-05,2.7,3.9,16.099640446297578,0.53139728307724,28.16325436294749,0.9200083643198013,0,0,33.10471820528687,1.1007258892059324,0,0,39.134798849857496,1.3697354495525356,0,0,Seoul_Tancheon_WWTP
8,2024-02-06,1.2,0.2,20.396629364946595,0.5147039890289307,28.16325436294749,0.9200083643198013,0,0,33.10471820528687,1.1007258892059324,0,0,39.134798849857496,1.3697354495525356,0,0,Seoul_Tancheon_WWTP
8,2024-02-07,0.6,0.0,20.08012350112743,0.5332155823707581,28.16325436294749,0.9200083643198013,0,0,33.10471820528687,1.1007258892059324,0,0,39.134798849857496,1.3697354495525356,0,0,Seoul_Tancheon_WWTP
8,2024-02-08,0.6,0.0,20.84195485492696,0.5269613265991211,28.16325436294749,0.9200083643198013,0,0,33.10471820528687,1.1007258892059324,0,0,39.134798849857496,1.3697354495525356,0,0,Seoul_Tancheon_WWTP
8,2024-02-09,1.1,0.0,20.291022589322836,0.5201089978218079,28.16325436294749,0.9200083643198013,0,0,33.10471820528687,1.1007258892059324,0,0,39.134798849857496,1.3697354495525356,0,0,Seoul_Tancheon_WWTP
8,2024-02-10,1.7,0.0,19.252018700273332,0.4970133900642395,28.16325436294749,0.9200083643198013,0,0,33.10471820528687,1.1007258892059324,0,0,39.134798849857496,1.3697354495525356,0,0,Seoul_Tancheon_WWTP
8,2024-02-11,1.0,0.0,20.15804048494448,0.4833209216594696,28.16325436294749,0.9200083643198013,0,0,33.10471820528687,1.1007258892059324,0,0,39.134798849857496,1.3697354495525356,0,0,Seoul_Tancheon_WWTP
8,2024-02-12,3.5,0.0,20.76779854199914,0.47964975237846375,28.16325436294749,0.9200083643198013,0,0,33.10471820528687,1.1007258892059324,0,0,39.134798849857496,1.3697354495525356,0,0,Seoul_Tancheon_WWTP
8,2024-02-13,8.2,0.0,19.087606575618732,0.48659732937812805,28.16325436294749,0.9200083643198013,0,0,33.10471820528687,1.1007258892059324,0,0,39.134798849857496,1.3697354495525356,0,0,Seoul_Tancheon_WWTP
8,2024-02-14,12.9,0.0,18.536266655463347,0.5110862851142883,28.16325436294749,0.9200083643198013,0,0,33.10471820528687,1.1007258892059324,0,0,39.134798849857496,1.3697354495525356,0,0,Seoul_Tancheon_WWTP
8,2024-02-15,4.5,10.9,22.284881634739975,0.46867242455482483,28.16325436294749,0.9200083643198013,0,0,33.10471820528687,1.1007258892059324,0,0,39.134798849857496,1.3697354495525356,0,0,Seoul_Tancheon_WWTP
8,2024-02-16,2.3,0.0,19.361168832961035,0.4760599732398987,28.16325436294749,0.9200083643198013,0,0,33.10471820528687,1.1007258892059324,0,0,39.134798849857496,1.3697354495525356,0,0,Seoul_Tancheon_WWTP
8,2024-02-17,4.4,0.0,18.145673639381968,0.49648571014404297,28.16325436294749,0.9200083643198013,0,0,33.10471820528687,1.1007258892059324,0,0,39.134798849857496,1.3697354495525356,0,0,Seoul_Tancheon_WWTP
8,2024-02-18,6.2,17.1,24.391080738026808,0.5085387825965881,28.16325436294749,0.9200083643198013,0,0,33.10471820528687,1.1007258892059324,0,0,39.134798849857496,1.3697354495525356,0,0,Seoul_Tancheon_WWTP
8,2024-02-19,9.1,8.9,18.702570795467718,0.5473798513412476,28.16325436294749,0.9200083643198013,0,0,33.10471820528687,1.1007258892059324,0,0,39.134798849857496,1.3697354495525356,0,0,Seoul_Tancheon_WWTP
8,2024-02-20,4.3,2.6,18.910531457643486,0.5140138864517212,28.16325436294749,0.9200083643198013,0,0,33.10471820528687,1.1007258892059324,0,0,39.134798849857496,1.3697354495525356,0,0,Seoul_Tancheon_WWTP
8,2024-02-21,1.9,17.8,23.98993057255567,0.6027138233184814,28.16325436294749,0.9200083643198013,0,0,33.10471820528687,1.1007258892059324,0,0,39.134798849857496,1.3697354495525356,0,0,Seoul_Tancheon_WWTP
8,2024-02-22,0.2,8.8,20.471726122319907,0.5945029854774475,28.16325436294749,0.9200083643198013,0,0,33.10471820528687,1.1007258892059324,0,0,39.134798849857496,1.3697354495525356,0,0,Seoul_Tancheon_WWTP
8,2024-02-23,1.8,0.4,17.63649604927437,0.5605059862136841,28.16325436294749,0.9200083643198013,0,0,33.10471820528687,1.1007258892059324,0,0,39.134798849857496,1.3697354495525356,0,0,Seoul_Tancheon_WWTP
8,2024-02-24,2.0,2.3,19.47083859796333,0.5912541151046753,28.16325436294749,0.9200083643198013,0,0,33.10471820528687,1.1007258892059324,0,0,39.134798849857496,1.3697354495525356,0,0,Seoul_Tancheon_WWTP
8,2024-02-25,2.8,1.8,22.12833306232055,0.5999906063079834,28.16325436294749,0.9200083643198013,0,0,33.10471820528687,1.1007258892059324,0,0,39.134798849857496,1.3697354495525356,0,0,Seoul_Tancheon_WWTP
8,2024-02-26,3.8,0.0,23.480922733245592,0.6919535994529724,28.16325436294749,0.9200083643198013,0,0,33.10471820528687,1.1007258892059324,0,0,39.134798849857496,1.3697354495525356,0,0,Seoul_Tancheon_WWTP
8,2024-02-27,5.3,0.0,25.869204092351502,0.7445504069328308,28.16325436294749,0.9200083643198013,0,0,33.10471820528687,1.1007258892059324,0,0,39.134798849857496,1.3697354495525356,0,0,Seoul_Tancheon_WWTP
8,2024-02-28,6.4,0.0,22.148176146041692,0.760774552822113,28.16325436294749,0.9200083643198013,0,0,33.10471820528687,1.1007258892059324,0,0,39.134798849857496,1.3697354495525356,0,0,Seoul_Tancheon_WWTP
8,2024-02-29,4.8,0.0,17.308760492614606,0.691084086894989,28.16325436294749,0.9200083643198013,0,0,33.10471820528687,1.1007258892059324,0,0,39.134798849857496,1.3697354495525356,0,0,Seoul_Tancheon_WWTP
8,2024-03-01,-4.1,0.0,18.38534509660162,0.6679379343986511,28.16325436294749,0.9200083643198013,0,0,33.10471820528687,1.1007258892059324,0,0,39.134798849857496,1.3697354495525356,0,0,Seoul_Tancheon_WWTP
8,2024-03-02,-0.5,0.0,22.40211453805737,0.6829681992530823,28.16325436294749,0.9200083643198013,0,0,33.10471820528687,1.1007258892059324,0,0,39.134798849857496,1.3697354495525356,0,0,Seoul_Tancheon_WWTP
8,2024-03-03,4.0,0.0,18.963183313747436,0.6541059017181396,28.16325436294749,0.9200083643198013,0,0,33.10471820528687,1.1007258892059324,0,0,39.134798849857496,1.3697354495525356,0,0,Seoul_Tancheon_WWTP
8,2024-03-04,5.4,0.0,20.80908354048365,0.6510205268859863,28.16325436294749,0.9200083643198013,0,0,33.10471820528687,1.1007258892059324,0,0,39.134798849857496,1.3697354495525356,0,0,Seoul_Tancheon_WWTP
8,2024-03-05,8.0,0.0,20.72196800344722,0.6338346600532532,28.16325436294749,0.9200083643198013,0,0,33.10471820528687,1.1007258892059324,0,0,39.134798849857496,1.3697354495525356,0,0,Seoul_Tancheon_WWTP
8,2024-03-06,6.2,0.0,20.923315981411577,0.5455493330955505,28.16325436294749,0.9200083643198013,0,0,33.10471820528687,1.1007258892059324,0,0,39.134798849857496,1.3697354495525356,0,0,Seoul_Tancheon_WWTP
8,2024-03-07,3.9,2.1,19.34118203326952,0.5453455448150635,28.16325436294749,0.9200083643198013,0,0,33.10471820528687,1.1007258892059324,0,0,39.134798849857496,1.3697354495525356,0,0,Seoul_Tancheon_WWTP
8,2024-03-08,2.1,0.0,20.047912154739656,0.5247928500175476,28.16325436294749,0.9200083643198013,0,0,33.10471820528687,1.1007258892059324,0,0,39.134798849857496,1.3697354495525356,0,0,Seoul_Tancheon_WWTP
8,2024-03-09,2.0,0.0,21.711346161330425,0.5035524368286133,28.16325436294749,0.9200083643198013,0,0,33.10471820528687,1.1007258892059324,0,0,39.134798849857496,1.3697354495525356,0,0,Seoul_Tancheon_WWTP
8,2024-03-10,4.2,0.0,22.740094386280393,0.5107417106628418,28.16325436294749,0.9200083643198013,0,0,33.10471820528687,1.1007258892059324,0,0,39.134798849857496,1.3697354495525356,0,0,Seoul_Tancheon_WWTP
8,2024-03-11,6.2,0.0,18.81532081501936,0.4849560558795929,28.16325436294749,0.9200083643198013,0,0,33.10471820528687,1.1007258892059324,0,0,39.134798849857496,1.3697354495525356,0,0,Seoul_Tancheon_WWTP
8,2024-03-12,6.6,2.1,17.811870596034126,0.43769571185112,28.16325436294749,0.9200083643198013,0,0,33.10471820528687,1.1007258892059324,0,0,39.134798849857496,1.3697354495525356,0,0,Seoul_Tancheon_WWTP
8,2024-03-13,6.5,0.0,17.745553786204805,0.4076393246650696,28.16325436294749,0.9200083643198013,0,0,33.10471820528687,1.1007258892059324,0,0,39.134798849857496,1.3697354495525356,0,0,Seoul_Tancheon_WWTP
8,2024-03-14,8.5,0.0,20.70888630709959,0.42461591958999634,28.16325436294749,0.9200083643198013,0,0,33.10471820528687,1.1007258892059324,0,0,39.134798849857496,1.3697354495525356,0,0,Seoul_Tancheon_WWTP
8,2024-03-15,8.9,0.0,19.01357990284132,0.4399508237838745,28.16325436294749,0.9200083643198013,0,0,33.10471820528687,1.1007258892059324,0,0,39.134798849857496,1.3697354495525356,0,0,Seoul_Tancheon_WWTP
8,2024-03-16,10.9,0.0,19.508246702357408,0.44213542342185974,28.16325436294749,0.9200083643198013,0,0,33.10471820528687,1.1007258892059324,0,0,39.134798849857496,1.3697354495525356,0,0,Seoul_Tancheon_WWTP
8,2024-03-17,8.8,0.1,16.074679743695736,0.451234370470047,28.16325436294749,0.9200083643198013,0,0,33.10471820528687,1.1007258892059324,0,0,39.134798849857496,1.3697354495525356,0,0,Seoul_Tancheon_WWTP
8,2024-03-18,7.1,0.0,16.781168040426792,0.4158855974674225,28.16325436294749,0.9200083643198013,0,0,33.10471820528687,1.1007258892059324,0,0,39.134798849857496,1.3697354495525356,0,0,Seoul_Tancheon_WWTP
8,2024-03-19,6.7,0.2,20.146142721758878,0.4486970901489258,28.16325436294749,0.9200083643198013,0,0,33.10471820528687,1.1007258892059324,0,0,39.134798849857496,1.3697354495525356,0,0,Seoul_Tancheon_WWTP
8,2024-03-20,4.4,0.0,20.962952156067196,0.45325538516044617,28.16325436294749,0.9200083643198013,0,0,33.10471820528687,1.1007258892059324,0,0,39.134798849857496,1.3697354495525356,0,0,Seoul_Tancheon_WWTP
0,2022-01-04,3.1375,0.0,10.102539465981486,0.6666840314865112,20.571457987644877,0.9543611854314802,0,0,27.615683251259618,1.7414894580841065,0,0,32.24218375441347,1.7689622366428375,0,0,Seoul3
0,2022-01-05,3.425,0.2,8.702032052883759,0.6502362489700317,20.571457987644877,0.9543611854314802,0,0,27.615683251259618,1.7414894580841065,0,0,32.24218375441347,1.7689622366428375,0,0,Seoul3
0,2022-01-06,4.766666667,0.0,9.398540705406727,0.5240637063980103,20.571457987644877,0.9543611854314802,0,0,27.615683251259618,1.7414894580841065,0,0,32.24218375441347,1.7689622366428375,0,0,Seoul3
0,2022-01-07,3.695833333,0.0,8.865668762532398,0.5060034394264221,20.571457987644877,0.9543611854314802,0,0,27.615683251259618,1.7414894580841065,0,0,32.24218375441347,1.7689622366428375,0,0,Seoul3
0,2022-01-08,4.5375,0.0,6.395018461777998,0.5256993174552917,20.571457987644877,0.9543611854314802,0,0,27.615683251259618,1.7414894580841065,0,0,32.24218375441347,1.7689622366428375,0,0,Seoul3
0,2022-01-09,5.379166667,0.0,9.119511765860985,0.4936855733394623,20.571457987644877,0.9543611854314802,0,0,27.615683251259618,1.7414894580841065,0,0,32.24218375441347,1.7689622366428375,0,0,Seoul3
0,2022-01-10,6.195833333,0.0,11.408062397862494,0.4817783534526825,20.571457987644877,0.9543611854314802,0,0,27.615683251259618,1.7414894580841065,0,0,32.24218375441347,1.7689622366428375,0,0,Seoul3
0,2022-01-11,1.208333333,0.0,10.530571015008842,0.41042155027389526,20.571457987644877,0.9543611854314802,0,0,27.615683251259618,1.7414894580841065,0,0,32.24218375441347,1.7689622366428375,0,0,Seoul3
0,2022-01-12,-2.179166667,0.0,10.621218174414594,0.40811964869499207,20.571457987644877,0.9543611854314802,0,0,27.615683251259618,1.7414894580841065,0,0,32.24218375441347,1.7689622366428375,0,0,Seoul3
0,2022-01-13,-1.695833333,0.0,10.520049677668357,0.3676643967628479,20.571457987644877,0.9543611854314802,0,0,27.615683251259618,1.7414894580841065,0,0,32.24218375441347,1.7689622366428375,0,0,Seoul3
0,2022-01-14,-2.320833333,0.0,10.426735227580457,0.33425968885421753,20.571457987644877,0.9543611854314802,0,0,27.615683251259618,1.7414894580841065,0,0,32.24218375441347,1.7689622366428375,0,0,Seoul3
0,2022-01-15,2.55,0.0,10.680372520725715,0.3403915464878082,20.571457987644877,0.9543611854314802,0,0,27.615683251259618,1.7414894580841065,0,0,32.24218375441347,1.7689622366428375,0,0,Seoul3
0,2022-01-16,3.25,0.0,7.735030923063088,0.347190260887146,20.571457987644877,0.9543611854314802,0,0,27.615683251259618,1.7414894580841065,0,0,32.24218375441347,1.7689622366428375,0,0,Seoul3
0,2022-01-17,0.375,0.0,9.859828437031837,0.3694114685058594,20.571457987644877,0.9543611854314802,0,0,27.615683251259618,1.7414894580841065,0,0,32.24218375441347,1.7689622366428375,0,0,Seoul3
0,2022-01-18,-1.608333333,0.0,10.637501202968602,0.40543168783187866,20.571457987644877,0.9543611854314802,0,0,27.615683251259618,1.7414894580841065,0,0,32.24218375441347,1.7689622366428375,0,0,Seoul3
0,2022-01-19,0.6,0.0,10.887476195846466,0.4116572439670563,20.571457987644877,0.9543611854314802,0,0,27.615683251259618,1.7414894580841065,0,0,32.24218375441347,1.7689622366428375,0,0,Seoul3
0,2022-01-20,0.070833333,0.0,10.834863688096465,0.44004252552986145,20.571457987644877,0.9543611854314802,0,0,27.615683251259618,1.7414894580841065,0,0,32.24218375441347,1.7689622366428375,0,0,Seoul3
0,2022-01-21,1.941666667,0.0,6.08799051522944,0.4469457268714905,20.571457987644877,0.9543611854314802,0,0,27.615683251259618,1.7414894580841065,0,0,32.24218375441347,1.7689622366428375,0,0,Seoul3
0,2022-01-22,4.516666667,0.0,14.980231677455748,0.47720685601234436,20.571457987644877,0.9543611854314802,0,0,27.615683251259618,1.7414894580841065,0,0,32.24218375441347,1.7689622366428375,0,0,Seoul3
0,2022-01-23,7.0,0.0,6.01570439683958,0.4692736864089966,20.571457987644877,0.9543611854314802,0,0,27.615683251259618,1.7414894580841065,0,0,32.24218375441347,1.7689622366428375,0,0,Seoul3
0,2022-01-24,5.504166667,0.7,12.583980025219898,0.4500129818916321,20.571457987644877,0.9543611854314802,0,0,27.615683251259618,1.7414894580841065,0,0,32.24218375441347,1.7689622366428375,0,0,Seoul3
0,2022-01-25,5.633333333,0.0,12.699120378099341,0.4565735459327698,20.571457987644877,0.9543611854314802,0,0,27.615683251259618,1.7414894580841065,0,0,32.24218375441347,1.7689622366428375,0,0,Seoul3
0,2022-01-26,4.979166667,0.0,14.768541677124036,0.4769466817378998,20.571457987644877,0.9543611854314802,0,0,27.615683251259618,1.7414894580841065,0,0,32.24218375441347,1.7689622366428375,0,0,Seoul3
0,2022-01-27,4.608333333,0.0,9.210798280340882,0.4641328454017639,20.571457987644877,0.9543611854314802,0,0,27.615683251259618,1.7414894580841065,0,0,32.24218375441347,1.7689622366428375,0,0,Seoul3
0,2022-01-28,3.304166667,0.0,9.70273499944029,0.5149063467979431,20.571457987644877,0.9543611854314802,0,0,27.615683251259618,1.7414894580841065,0,0,32.24218375441347,1.7689622366428375,0,0,Seoul3
0,2022-01-29,2.316666667,0.0,12.931479650405787,0.5550740361213684,20.571457987644877,0.9543611854314802,0,0,27.615683251259618,1.7414894580841065,0,0,32.24218375441347,1.7689622366428375,0,0,Seoul3
0,2022-01-30,1.766666667,0.0,6.980858729074737,0.5916661620140076,20.571457987644877,0.9543611854314802,0,0,27.615683251259618,1.7414894580841065,0,0,32.24218375441347,1.7689622366428375,0,0,Seoul3
0,2022-01-31,2.05,0.0,15.167049742106975,0.6423998475074768,20.571457987644877,0.9543611854314802,0,0,27.615683251259618,1.7414894580841065,0,0,32.24218375441347,1.7689622366428375,0,0,Seoul3
0,2022-02-01,2.254166667,0.0,17.614889615641076,0.6990614533424377,20.571457987644877,0.9543611854314802,0,0,27.615683251259618,1.7414894580841065,0,0,32.24218375441347,1.7689622366428375,0,0,Seoul3
0,2022-02-02,1.183333333,0.0,11.3197775144154,0.6989082098007202,20.571457987644877,0.9543611854314802,0,0,27.615683251259618,1.7414894580841065,0,0,32.24218375441347,1.7689622366428375,0,0,Seoul3
0,2022-02-03,1.55,0.0,12.850245527845596,0.6925708055496216,20.571457987644877,0.9543611854314802,0,0,27.615683251259618,1.7414894580841065,0,0,32.24218375441347,1.7689622366428375,0,0,Seoul3
0,2022-02-04,0.745833333,0.0,11.951449440633288,0.7087863087654114,20.571457987644877,0.9543611854314802,0,0,27.615683251259618,1.7414894580841065,0,0,32.24218375441347,1.7689622366428375,0,0,Seoul3
0,2022-02-05,-1.975,0.0,17.145381751833085,0.770984411239624,20.571457987644877,0.9543611854314802,0,0,27.615683251259618,1.7414894580841065,0,0,32.24218375441347,1.7689622366428375,0,0,Seoul3
0,2022-02-06,-0.808333333,0.0,15.413330265056405,0.8342522978782654,20.571457987644877,0.9543611854314802,0,0,27.615683251259618,1.7414894580841065,0,0,32.24218375441347,1.7689622366428375,0,0,Seoul3
0,2022-02-07,1.145833333,0.0,8.983600384435373,0.8877893090248108,20.571457987644877,0.9543611854314802,0,0,27.615683251259618,1.7414894580841065,0,0,32.24218375441347,1.7689622366428375,0,0,Seoul3
0,2022-02-08,2.7125,0.0,10.886408321707105,0.9632716178894043,20.571457987644877,0.9543611854314802,0,1,27.615683251259618,1.7414894580841065,0,0,32.24218375441347,1.7689622366428375,0,0,Seoul3
0,2022-02-09,4.054166667,0.0,11.163475074665472,1.0981863737106323,20.571457987644877,0.9543611854314802,0,1,27.615683251259618,1.7414894580841065,0,0,32.24218375441347,1.7689622366428375,0,0,Seoul3
0,2022-02-10,6.475,0.0,8.699001401207832,1.2070159912109375,20.571457987644877,0.9543611854314802,0,1,27.615683251259618,1.7414894580841065,0,0,32.24218375441347,1.7689622366428375,0,0,Seoul3
0,2022-02-11,5.1875,0.0,8.43044161567547,0.9984793066978455,20.571457987644877,0.9543611854314802,0,1,27.615683251259618,1.7414894580841065,0,0,32.24218375441347,1.7689622366428375,0,0,Seoul3
0,2022-02-12,6.429166667,0.0,8.552808187843373,1.0416260957717896,20.571457987644877,0.9543611854314802,0,1,27.615683251259618,1.7414894580841065,0,0,32.24218375441347,1.7689622366428375,0,0,Seoul3
0,2022-02-13,6.233333333,0.3,7.415565141833099,1.0640881061553955,20.571457987644877,0.9543611854314802,0,1,27.615683251259618,1.7414894580841065,0,0,32.24218375441347,1.7689622366428375,0,0,Seoul3
0,2022-02-14,7.375,1.9,9.710618765527549,0.9764377474784851,20.571457987644877,0.9543611854314802,0,1,27.615683251259618,1.7414894580841065,0,0,32.24218375441347,1.7689622366428375,0,0,Seoul3
0,2022-02-15,2.775,0.0,10.145738125873258,0.847760021686554,20.571457987644877,0.9543611854314802,0,0,27.615683251259618,1.7414894580841065,0,0,32.24218375441347,1.7689622366428375,0,0,Seoul3
0,2022-02-16,-2.358333333,0.0,9.227974067035376,0.7265562415122986,20.571457987644877,0.9543611854314802,0,0,27.615683251259618,1.7414894580841065,0,0,32.24218375441347,1.7689622366428375,0,0,Seoul3
0,2022-02-17,-3.779166667,0.0,9.827690241362824,0.7622551321983337,20.571457987644877,0.9543611854314802,0,0,27.615683251259618,1.7414894580841065,0,0,32.24218375441347,1.7689622366428375,0,0,Seoul3
0,2022-02-18,1.083333333,0.0,9.254205323059217,0.7373685240745544,20.571457987644877,0.9543611854314802,0,0,27.615683251259618,1.7414894580841065,0,0,32.24218375441347,1.7689622366428375,0,0,Seoul3
0,2022-02-19,4.158333333,0.0,6.949859734875337,0.6967514157295227,20.571457987644877,0.9543611854314802,0,0,27.615683251259618,1.7414894580841065,0,0,32.24218375441347,1.7689622366428375,0,0,Seoul3
0,2022-02-20,-1.0375,0.0,7.758419963010403,0.6601372361183167,20.571457987644877,0.9543611854314802,0,0,27.615683251259618,1.7414894580841065,0,0,32.24218375441347,1.7689622366428375,0,0,Seoul3
0,2022-02-21,0.625,0.0,7.910134626212908,0.6446941494941711,20.571457987644877,0.9543611854314802,0,0,27.615683251259618,1.7414894580841065,0,0,32.24218375441347,1.7689622366428375,0,0,Seoul3
0,2022-02-22,0.533333333,0.0,14.14376600481367,0.6214679479598999,20.571457987644877,0.9543611854314802,0,0,27.615683251259618,1.7414894580841065,0,0,32.24218375441347,1.7689622366428375,0,0,Seoul3
0,2022-02-23,-0.925,0.0,12.351783114244595,0.6314258575439453,20.571457987644877,0.9543611854314802,0,0,27.615683251259618,1.7414894580841065,0,0,32.24218375441347,1.7689622366428375,0,0,Seoul3
0,2022-02-24,0.583333333,0.0,14.848014781684796,0.6480196118354797,20.571457987644877,0.9543611854314802,0,0,27.615683251259618,1.7414894580841065,0,0,32.24218375441347,1.7689622366428375,0,0,Seoul3
0,2022-02-25,5.3,0.0,10.491052529273068,0.6695766448974609,20.571457987644877,0.9543611854314802,0,0,27.615683251259618,1.7414894580841065,0,0,32.24218375441347,1.7689622366428375,0,0,Seoul3
0,2022-02-26,7.366666667,0.0,12.21318397639184,0.6445267796516418,20.571457987644877,0.9543611854314802,0,0,27.615683251259618,1.7414894580841065,0,0,32.24218375441347,1.7689622366428375,0,0,Seoul3
0,2022-02-27,7.5125,0.0,13.950810046219576,0.6286494135856628,20.571457987644877,0.9543611854314802,0,0,27.615683251259618,1.7414894580841065,0,0,32.24218375441347,1.7689622366428375,0,0,Seoul3
0,2022-02-28,8.65,0.0,17.060142032331548,0.6194519400596619,20.571457987644877,0.9543611854314802,0,0,27.615683251259618,1.7414894580841065,0,0,32.24218375441347,1.7689622366428375,0,0,Seoul3
0,2022-03-01,11.40833333,0.1,8.514025947390483,0.6045985817909241,20.571457987644877,0.9543611854314802,0,0,27.615683251259618,1.7414894580841065,0,0,32.24218375441347,1.7689622366428375,0,0,Seoul3
0,2022-03-02,6.95,0.0,11.047809197268036,0.5719502568244934,20.571457987644877,0.9543611854314802,0,0,27.615683251259618,1.7414894580841065,0,0,32.24218375441347,1.7689622366428375,0,0,Seoul3
0,2022-03-03,7.995833333,0.0,11.126569513900607,0.6292781829833984,20.571457987644877,0.9543611854314802,0,0,27.615683251259618,1.7414894580841065,0,0,32.24218375441347,1.7689622366428375,0,0,Seoul3
0,2022-03-04,9.120833333,0.0,11.200556025042193,0.6433947086334229,20.571457987644877,0.9543611854314802,0,0,27.615683251259618,1.7414894580841065,0,0,32.24218375441347,1.7689622366428375,0,0,Seoul3
0,2022-03-05,9.0375,0.0,7.162119326175703,0.6844997406005859,20.571457987644877,0.9543611854314802,0,0,27.615683251259618,1.7414894580841065,0,0,32.24218375441347,1.7689622366428375,0,0,Seoul3
0,2022-03-06,3.766666667,0.0,12.872454046173228,0.7026194930076599,20.571457987644877,0.9543611854314802,0,0,27.615683251259618,1.7414894580841065,0,0,32.24218375441347,1.7689622366428375,0,0,Seoul3
0,2022-03-07,5.295833333,0.0,8.482225465781944,0.7701095342636108,20.571457987644877,0.9543611854314802,0,0,27.615683251259618,1.7414894580841065,0,0,32.24218375441347,1.7689622366428375,0,0,Seoul3
0,2022-03-08,8.195833333,0.0,15.941963695633365,0.8200793266296387,20.571457987644877,0.9543611854314802,0,0,27.615683251259618,1.7414894580841065,0,0,32.24218375441347,1.7689622366428375,0,0,Seoul3
0,2022-03-09,9.395833333,0.0,8.781738159648265,0.7947507500648499,20.571457987644877,0.9543611854314802,0,0,27.615683251259618,1.7414894580841065,0,0,32.24218375441347,1.7689622366428375,0,0,Seoul3
0,2022-03-10,11.22916667,0.0,15.1191716022184,0.7618095278739929,20.571457987644877,0.9543611854314802,0,0,27.615683251259618,1.7414894580841065,0,0,32.24218375441347,1.7689622366428375,0,0,Seoul3
0,2022-03-11,13.4875,0.0,17.35343282554795,0.8283345699310303,20.571457987644877,0.9543611854314802,0,0,27.615683251259618,1.7414894580841065,0,0,32.24218375441347,1.7689622366428375,0,0,Seoul3
0,2022-03-12,14.07083333,0.0,9.113532548007512,0.9315619468688965,20.571457987644877,0.9543611854314802,0,0,27.615683251259618,1.7414894580841065,0,0,32.24218375441347,1.7689622366428375,0,0,Seoul3
0,2022-03-13,15.77083333,4.4,15.877030179032849,1.0411912202835083,20.571457987644877,0.9543611854314802,0,1,27.615683251259618,1.7414894580841065,0,0,32.24218375441347,1.7689622366428375,0,0,Seoul3
0,2022-03-14,10.4625,0.3,13.173473821961586,0.9024279713630676,20.571457987644877,0.9543611854314802,0,0,27.615683251259618,1.7414894580841065,0,0,32.24218375441347,1.7689622366428375,0,0,Seoul3
0,2022-03-15,10.55,0.0,15.776106582885957,0.82694411277771,20.571457987644877,0.9543611854314802,0,0,27.615683251259618,1.7414894580841065,0,0,32.24218375441347,1.7689622366428375,0,0,Seoul3
0,2022-03-16,13.125,0.0,12.12537344470718,0.75737065076828,20.571457987644877,0.9543611854314802,0,0,27.615683251259618,1.7414894580841065,0,0,32.24218375441347,1.7689622366428375,0,0,Seoul3
0,2022-03-17,9.475,2.3,14.485569623431086,0.9272039532661438,20.571457987644877,0.9543611854314802,0,0,27.615683251259618,1.7414894580841065,0,0,32.24218375441347,1.7689622366428375,0,0,Seoul3
0,2022-03-18,6.666666667,20.7,18.8654501508819,1.0894416570663452,20.571457987644877,0.9543611854314802,0,1,27.615683251259618,1.7414894580841065,0,0,32.24218375441347,1.7689622366428375,0,0,Seoul3
0,2022-03-19,4.595833333,7.0,14.169942006094875,1.0802860260009766,20.571457987644877,0.9543611854314802,0,1,27.615683251259618,1.7414894580841065,0,0,32.24218375441347,1.7689622366428375,0,0,Seoul3
0,2022-03-20,6.225,0.0,8.1672576907488,1.0187796354293823,20.571457987644877,0.9543611854314802,0,1,27.615683251259618,1.7414894580841065,0,0,32.24218375441347,1.7689622366428375,0,0,Seoul3
0,2022-03-21,7.729166667,0.0,8.457303725339925,0.9814488887786865,20.571457987644877,0.9543611854314802,0,1,27.615683251259618,1.7414894580841065,0,0,32.24218375441347,1.7689622366428375,0,0,Seoul3
0,2022-03-22,8.158333333,0.0,11.750977918819364,0.938856303691864,20.571457987644877,0.9543611854314802,0,0,27.615683251259618,1.7414894580841065,0,0,32.24218375441347,1.7689622366428375,0,0,Seoul3
0,2022-03-23,7.379166667,0.0,14.423933932533853,0.9744732975959778,20.571457987644877,0.9543611854314802,0,1,27.615683251259618,1.7414894580841065,0,0,32.24218375441347,1.7689622366428375,0,0,Seoul3
0,2022-03-24,10.35416667,0.0,10.272416742216162,0.9710095524787903,20.571457987644877,0.9543611854314802,0,1,27.615683251259618,1.7414894580841065,0,0,32.24218375441347,1.7689622366428375,0,0,Seoul3
0,2022-03-25,13.21666667,0.0,11.76487407767349,0.9438728094100952,20.571457987644877,0.9543611854314802,0,0,27.615683251259618,1.7414894580841065,0,0,32.24218375441347,1.7689622366428375,0,0,Seoul3
0,2022-03-26,15.925,20.7,23.015055496116204,0.8963272571563721,20.571457987644877,0.9543611854314802,1,0,27.615683251259618,1.7414894580841065,0,0,32.24218375441347,1.7689622366428375,0,0,Seoul3
0,2022-03-27,13.9375,0.0,6.82821195394138,0.7873639464378357,20.571457987644877,0.9543611854314802,0,0,27.615683251259618,1.7414894580841065,0,0,32.24218375441347,1.7689622366428375,0,0,Seoul3
0,2022-03-28,8.3,0.0,7.386407811008174,0.7407398223876953,20.571457987644877,0.9543611854314802,0,0,27.615683251259618,1.7414894580841065,0,0,32.24218375441347,1.7689622366428375,0,0,Seoul3
0,2022-03-29,9.920833333,0.0,10.100354012058217,0.7166349291801453,20.571457987644877,0.9543611854314802,0,0,27.615683251259618,1.7414894580841065,0,0,32.24218375441347,1.7689622366428375,0,0,Seoul3
0,2022-03-30,13.41666667,0.0,15.049591102142111,0.7359607815742493,20.571457987644877,0.9543611854314802,0,0,27.615683251259618,1.7414894580841065,0,0,32.24218375441347,1.7689622366428375,0,0,Seoul3
0,2022-03-31,9.929166667,0.0,12.624201966056287,0.6841403245925903,20.571457987644877,0.9543611854314802,0,0,27.615683251259618,1.7414894580841065,0,0,32.24218375441347,1.7689622366428375,0,0,Seoul3
0,2022-04-01,8.454166667,0.0,10.905759314073567,0.6383808255195618,20.571457987644877,0.9543611854314802,0,0,27.615683251259618,1.7414894580841065,0,0,32.24218375441347,1.7689622366428375,0,0,Seoul3
0,2022-04-02,9.004166667,0.0,13.762443592053755,0.6840003728866577,20.571457987644877,0.9543611854314802,0,0,27.615683251259618,1.7414894580841065,0,0,32.24218375441347,1.7689622366428375,0,0,Seoul3
0,2022-04-03,10.4375,0.0,8.253528185133774,0.7191343903541565,20.571457987644877,0.9543611854314802,0,0,27.615683251259618,1.7414894580841065,0,0,32.24218375441347,1.7689622366428375,0,0,Seoul3
1,2022-04-04,11.525,0.0,11.387348435165533,0.616510272026062,23.057593037149875,0.8415376305580138,0,0,28.570789219216085,1.5314203202724401,0,0,35.11829406281617,2.06918543100357,0,0,Seoul3
1,2022-04-05,13.95,0.0,16.155587310316548,0.7276143431663513,23.057593037149875,0.8415376305580138,0,0,28.570789219216085,1.5314203202724401,0,0,35.11829406281617,2.06918543100357,0,0,Seoul3
1,2022-04-06,14.84583333,0.0,12.36793672589939,0.7967889308929443,23.057593037149875,0.8415376305580138,0,0,28.570789219216085,1.5314203202724401,0,0,35.11829406281617,2.06918543100357,0,0,Seoul3
1,2022-04-07,14.7625,0.6,16.84021945827697,0.8764454126358032,23.057593037149875,0.8415376305580138,0,1,28.570789219216085,1.5314203202724401,0,0,35.11829406281617,2.06918543100357,0,0,Seoul3
1,2022-04-08,13.78333333,0.0,14.496249073138182,0.937069833278656,23.057593037149875,0.8415376305580138,0,1,28.570789219216085,1.5314203202724401,0,0,35.11829406281617,2.06918543100357,0,0,Seoul3
1,2022-04-09,18.45416667,0.0,19.675544010973937,0.8799758553504944,23.057593037149875,0.8415376305580138,0,1,28.570789219216085,1.5314203202724401,0,0,35.11829406281617,2.06918543100357,0,0,Seoul3
1,2022-04-10,19.02916667,0.0,13.704230533745331,0.845821738243103,23.057593037149875,0.8415376305580138,0,1,28.570789219216085,1.5314203202724401,0,0,35.11829406281617,2.06918543100357,0,0,Seoul3
1,2022-04-11,19.19583333,0.0,10.809310066957089,0.8596140146255493,23.057593037149875,0.8415376305580138,0,1,28.570789219216085,1.5314203202724401,0,0,35.11829406281617,2.06918543100357,0,0,Seoul3
1,2022-04-12,19.55,0.0,5.371830279473642,0.8637242317199707,23.057593037149875,0.8415376305580138,0,1,28.570789219216085,1.5314203202724401,0,0,35.11829406281617,2.06918543100357,0,0,Seoul3
1,2022-04-13,11.525,0.1,9.033228087742692,0.8162257671356201,23.057593037149875,0.8415376305580138,0,0,28.570789219216085,1.5314203202724401,0,0,35.11829406281617,2.06918543100357,0,0,Seoul3
1,2022-04-14,9.958333333,0.5,13.474180789573943,0.8306177854537964,23.057593037149875,0.8415376305580138,0,0,28.570789219216085,1.5314203202724401,0,0,35.11829406281617,2.06918543100357,0,0,Seoul3
1,2022-04-15,11.00416667,0.0,9.716628511642117,1.0036686658859253,23.057593037149875,0.8415376305580138,0,1,28.570789219216085,1.5314203202724401,0,0,35.11829406281617,2.06918543100357,0,0,Seoul3
1,2022-04-16,11.0875,0.0,27.09758745705833,0.7865822911262512,23.057593037149875,0.8415376305580138,1,0,28.570789219216085,1.5314203202724401,0,0,35.11829406281617,2.06918543100357,0,0,Seoul3
1,2022-04-17,14.33333333,0.0,17.064604130164753,0.7757848501205444,23.057593037149875,0.8415376305580138,0,0,28.570789219216085,1.5314203202724401,0,0,35.11829406281617,2.06918543100357,0,0,Seoul3
1,2022-04-18,16.84166667,0.0,11.181398769768393,0.7466668486595154,23.057593037149875,0.8415376305580138,0,0,28.570789219216085,1.5314203202724401,0,0,35.11829406281617,2.06918543100357,0,0,Seoul3
1,2022-04-19,16.77916667,0.0,8.183623847167258,0.7347102761268616,23.057593037149875,0.8415376305580138,0,0,28.570789219216085,1.5314203202724401,0,0,35.11829406281617,2.06918543100357,0,0,Seoul3
1,2022-04-20,18.08333333,0.0,17.274983595431955,0.779778003692627,23.057593037149875,0.8415376305580138,0,0,28.570789219216085,1.5314203202724401,0,0,35.11829406281617,2.06918543100357,0,0,Seoul3
1,2022-04-21,14.6125,2.2,18.733354564742285,0.7557325959205627,23.057593037149875,0.8415376305580138,0,0,28.570789219216085,1.5314203202724401,0,0,35.11829406281617,2.06918543100357,0,0,Seoul3
1,2022-04-22,17.49583333,0.0,19.940480076435627,0.8090312480926514,23.057593037149875,0.8415376305580138,0,0,28.570789219216085,1.5314203202724401,0,0,35.11829406281617,2.06918543100357,0,0,Seoul3
1,2022-04-23,17.31666667,0.0,22.723565488105557,0.8643150925636292,23.057593037149875,0.8415376305580138,0,1,28.570789219216085,1.5314203202724401,0,0,35.11829406281617,2.06918543100357,0,0,Seoul3
1,2022-04-24,17.80833333,0.0,30.8965436118355,0.841224193572998,23.057593037149875,0.8415376305580138,1,0,28.570789219216085,1.5314203202724401,1,0,35.11829406281617,2.06918543100357,0,0,Seoul3
1,2022-04-25,20.35416667,0.0,18.248861391942455,0.8422781229019165,23.057593037149875,0.8415376305580138,0,1,28.570789219216085,1.5314203202724401,0,0,35.11829406281617,2.06918543100357,0,0,Seoul3
1,2022-04-26,18.07083333,53.0,36.46257246292657,1.3040419816970825,23.057593037149875,0.8415376305580138,1,1,28.570789219216085,1.5314203202724401,1,0,35.11829406281617,2.06918543100357,1,0,Seoul3
1,2022-04-27,16.25833333,0.0,5.816283499158271,1.3157709836959839,23.057593037149875,0.8415376305580138,0,1,28.570789219216085,1.5314203202724401,0,0,35.11829406281617,2.06918543100357,0,0,Seoul3
1,2022-04-28,14.39166667,0.0,6.471459469313958,1.3010135889053345,23.057593037149875,0.8415376305580138,0,1,28.570789219216085,1.5314203202724401,0,0,35.11829406281617,2.06918543100357,0,0,Seoul3
1,2022-04-29,10.67916667,24.6,16.872626563625445,1.360555648803711,23.057593037149875,0.8415376305580138,0,1,28.570789219216085,1.5314203202724401,0,0,35.11829406281617,2.06918543100357,0,0,Seoul3
1,2022-04-30,12.09166667,0.0,9.084233384068074,1.3713208436965942,23.057593037149875,0.8415376305580138,0,1,28.570789219216085,1.5314203202724401,0,0,35.11829406281617,2.06918543100357,0,0,Seoul3
1,2022-05-01,13.86666667,0.0,11.416649664175225,1.348845362663269,23.057593037149875,0.8415376305580138,0,1,28.570789219216085,1.5314203202724401,0,0,35.11829406281617,2.06918543100357,0,0,Seoul3
1,2022-05-02,12.41666667,6.1,15.089659284299488,1.3691850900650024,23.057593037149875,0.8415376305580138,0,1,28.570789219216085,1.5314203202724401,0,0,35.11829406281617,2.06918543100357,0,0,Seoul3
1,2022-05-03,13.60833333,0.0,18.12598769780662,1.4645047187805176,23.057593037149875,0.8415376305580138,0,1,28.570789219216085,1.5314203202724401,0,0,35.11829406281617,2.06918543100357,0,0,Seoul3
1,2022-05-04,17.675,0.0,13.25741314252983,1.401852011680603,23.057593037149875,0.8415376305580138,0,1,28.570789219216085,1.5314203202724401,0,0,35.11829406281617,2.06918543100357,0,0,Seoul3
1,2022-05-05,18.05,0.0,18.100703717079426,1.3443089723587036,23.057593037149875,0.8415376305580138,0,1,28.570789219216085,1.5314203202724401,0,0,35.11829406281617,2.06918543100357,0,0,Seoul3
1,2022-05-06,18.60833333,0.0,10.826109647752405,1.267275333404541,23.057593037149875,0.8415376305580138,0,1,28.570789219216085,1.5314203202724401,0,0,35.11829406281617,2.06918543100357,0,0,Seoul3
1,2022-05-07,18.075,0.0,15.643432119199739,1.275482177734375,23.057593037149875,0.8415376305580138,0,1,28.570789219216085,1.5314203202724401,0,0,35.11829406281617,2.06918543100357,0,0,Seoul3
1,2022-05-08,14.5875,0.0,14.067780070914191,1.4424998760223389,23.057593037149875,0.8415376305580138,0,1,28.570789219216085,1.5314203202724401,0,0,35.11829406281617,2.06918543100357,0,0,Seoul3
1,2022-05-09,15.19583333,0.0,17.137512896468053,2.1356921195983887,23.057593037149875,0.8415376305580138,0,1,28.570789219216085,1.5314203202724401,0,1,35.11829406281617,2.06918543100357,0,1,Seoul3
1,2022-05-10,15.1375,0.0,13.748367018423037,2.0897374153137207,23.057593037149875,0.8415376305580138,0,1,28.570789219216085,1.5314203202724401,0,1,35.11829406281617,2.06918543100357,0,1,Seoul3
1,2022-05-11,18.14583333,0.0,14.762978942174929,1.7911897897720337,23.057593037149875,0.8415376305580138,0,1,28.570789219216085,1.5314203202724401,0,1,35.11829406281617,2.06918543100357,0,0,Seoul3
1,2022-05-12,18.82916667,0.0,13.4561403914147,1.8320928812026978,23.057593037149875,0.8415376305580138,0,1,28.570789219216085,1.5314203202724401,0,1,35.11829406281617,2.06918543100357,0,0,Seoul3
1,2022-05-13,15.7625,0.0,18.27012252421619,2.0127463340759277,23.057593037149875,0.8415376305580138,0,1,28.570789219216085,1.5314203202724401,0,1,35.11829406281617,2.06918543100357,0,0,Seoul3
1,2022-05-14,17.82083333,0.0,16.012009290207615,2.1237823963165283,23.057593037149875,0.8415376305580138,0,1,28.570789219216085,1.5314203202724401,0,1,35.11829406281617,2.06918543100357,0,1,Seoul3
1,2022-05-15,16.02916667,0.0,11.29826425044107,2.0529701709747314,23.057593037149875,0.8415376305580138,0,1,28.570789219216085,1.5314203202724401,0,1,35.11829406281617,2.06918543100357,0,0,Seoul3
1,2022-05-16,17.29583333,0.0,6.908682412762156,1.9820716381072998,23.057593037149875,0.8415376305580138,0,1,28.570789219216085,1.5314203202724401,0,1,35.11829406281617,2.06918543100357,0,0,Seoul3
1,2022-05-17,19.4875,0.0,12.85314950573026,1.9021261930465698,23.057593037149875,0.8415376305580138,0,1,28.570789219216085,1.5314203202724401,0,1,35.11829406281617,2.06918543100357,0,0,Seoul3
1,2022-05-18,22.125,0.0,17.175330714276882,1.9291138648986816,23.057593037149875,0.8415376305580138,0,1,28.570789219216085,1.5314203202724401,0,1,35.11829406281617,2.06918543100357,0,0,Seoul3
1,2022-05-19,22.30833333,0.0,7.222600234739649,1.814995288848877,23.057593037149875,0.8415376305580138,0,1,28.570789219216085,1.5314203202724401,0,1,35.11829406281617,2.06918543100357,0,0,Seoul3
1,2022-05-20,20.75833333,0.0,5.064485388671333,1.7222956418991089,23.057593037149875,0.8415376305580138,0,1,28.570789219216085,1.5314203202724401,0,1,35.11829406281617,2.06918543100357,0,0,Seoul3
1,2022-05-21,21.19166667,0.0,7.465323288857798,1.629441499710083,23.057593037149875,0.8415376305580138,0,1,28.570789219216085,1.5314203202724401,0,1,35.11829406281617,2.06918543100357,0,0,Seoul3
1,2022-05-22,23.67916667,0.0,12.615103089784473,1.5669866800308228,23.057593037149875,0.8415376305580138,0,1,28.570789219216085,1.5314203202724401,0,1,35.11829406281617,2.06918543100357,0,0,Seoul3
1,2022-05-23,20.30416667,0.0,7.653162848552759,1.0954508781433105,23.057593037149875,0.8415376305580138,0,1,28.570789219216085,1.5314203202724401,0,0,35.11829406281617,2.06918543100357,0,0,Seoul3
1,2022-05-24,22.42083333,0.0,11.83936411441593,1.056074857711792,23.057593037149875,0.8415376305580138,0,1,28.570789219216085,1.5314203202724401,0,0,35.11829406281617,2.06918543100357,0,0,Seoul3
1,2022-05-25,23.0375,0.0,11.822419447433887,1.0032212734222412,23.057593037149875,0.8415376305580138,0,1,28.570789219216085,1.5314203202724401,0,0,35.11829406281617,2.06918543100357,0,0,Seoul3
1,2022-05-26,21.825,0.0,8.410787301334404,0.9000885486602783,23.057593037149875,0.8415376305580138,0,1,28.570789219216085,1.5314203202724401,0,0,35.11829406281617,2.06918543100357,0,0,Seoul3
1,2022-05-27,23.25416667,0.0,37.19295550453013,1.040772795677185,23.057593037149875,0.8415376305580138,1,1,28.570789219216085,1.5314203202724401,1,0,35.11829406281617,2.06918543100357,1,0,Seoul3
1,2022-05-28,24.73333333,0.0,16.612127060709796,0.8076617121696472,23.057593037149875,0.8415376305580138,0,0,28.570789219216085,1.5314203202724401,0,0,35.11829406281617,2.06918543100357,0,0,Seoul3
1,2022-05-29,24.55416667,0.0,10.541178504710768,0.7659946084022522,23.057593037149875,0.8415376305580138,0,0,28.570789219216085,1.5314203202724401,0,0,35.11829406281617,2.06918543100357,0,0,Seoul3
1,2022-05-30,21.925,0.0,6.319392354004038,0.7454888224601746,23.057593037149875,0.8415376305580138,0,0,28.570789219216085,1.5314203202724401,0,0,35.11829406281617,2.06918543100357,0,0,Seoul3
1,2022-05-31,21.92083333,0.0,8.975222989010575,0.6961942315101624,23.057593037149875,0.8415376305580138,0,0,28.570789219216085,1.5314203202724401,0,0,35.11829406281617,2.06918543100357,0,0,Seoul3
1,2022-06-01,22.2375,0.0,12.099063566384597,0.6785500049591064,23.057593037149875,0.8415376305580138,0,0,28.570789219216085,1.5314203202724401,0,0,35.11829406281617,2.06918543100357,0,0,Seoul3
1,2022-06-02,22.9,0.0,8.42709217609745,0.7265501022338867,23.057593037149875,0.8415376305580138,0,0,28.570789219216085,1.5314203202724401,0,0,35.11829406281617,2.06918543100357,0,0,Seoul3
1,2022-06-03,21.725,0.0,5.427411012752337,0.7479797005653381,23.057593037149875,0.8415376305580138,0,0,28.570789219216085,1.5314203202724401,0,0,35.11829406281617,2.06918543100357,0,0,Seoul3
1,2022-06-04,19.84166667,0.0,12.886561477825598,0.7593806982040405,23.057593037149875,0.8415376305580138,0,0,28.570789219216085,1.5314203202724401,0,0,35.11829406281617,2.06918543100357,0,0,Seoul3
1,2022-06-05,17.74166667,52.3,45.36149154959989,1.0080419778823853,23.057593037149875,0.8415376305580138,1,1,28.570789219216085,1.5314203202724401,1,0,35.11829406281617,2.06918543100357,1,0,Seoul3
1,2022-06-06,17.6375,11.4,12.394809856142167,1.0986403226852417,23.057593037149875,0.8415376305580138,0,1,28.570789219216085,1.5314203202724401,0,0,35.11829406281617,2.06918543100357,0,0,Seoul3
1,2022-06-07,15.82916667,0.0,5.605635826310279,1.1121294498443604,23.057593037149875,0.8415376305580138,0,1,28.570789219216085,1.5314203202724401,0,0,35.11829406281617,2.06918543100357,0,0,Seoul3
1,2022-06-08,16.15,2.6,12.402119905501833,1.2274107933044434,23.057593037149875,0.8415376305580138,0,1,28.570789219216085,1.5314203202724401,0,0,35.11829406281617,2.06918543100357,0,0,Seoul3
1,2022-06-09,18.40833333,0.0,7.145186435248228,1.208510398864746,23.057593037149875,0.8415376305580138,0,1,28.570789219216085,1.5314203202724401,0,0,35.11829406281617,2.06918543100357,0,0,Seoul3
1,2022-06-10,19.7,0.0,6.21226470679568,1.0788044929504395,23.057593037149875,0.8415376305580138,0,1,28.570789219216085,1.5314203202724401,0,0,35.11829406281617,2.06918543100357,0,0,Seoul3
1,2022-06-11,20.05833333,0.0,7.922803916136945,0.8228310942649841,23.057593037149875,0.8415376305580138,0,0,28.570789219216085,1.5314203202724401,0,0,35.11829406281617,2.06918543100357,0,0,Seoul3
1,2022-06-12,19.40416667,0.0,10.171631820883421,0.8923686742782593,23.057593037149875,0.8415376305580138,0,1,28.570789219216085,1.5314203202724401,0,0,35.11829406281617,2.06918543100357,0,0,Seoul3
1,2022-06-13,18.65833333,0.0,7.23116959494723,0.9270022511482239,23.057593037149875,0.8415376305580138,0,1,28.570789219216085,1.5314203202724401,0,0,35.11829406281617,2.06918543100357,0,0,Seoul3
1,2022-06-14,16.9625,24.4,18.767997370620122,0.989949643611908,23.057593037149875,0.8415376305580138,0,1,28.570789219216085,1.5314203202724401,0,0,35.11829406281617,2.06918543100357,0,0,Seoul3
1,2022-06-15,19.40833333,1.3,7.4979751829387435,0.855891227722168,23.057593037149875,0.8415376305580138,0,1,28.570789219216085,1.5314203202724401,0,0,35.11829406281617,2.06918543100357,0,0,Seoul3
1,2022-06-16,23.25833333,0.0,7.476131106772725,0.8388122320175171,23.057593037149875,0.8415376305580138,0,0,28.570789219216085,1.5314203202724401,0,0,35.11829406281617,2.06918543100357,0,0,Seoul3
1,2022-06-17,23.43333333,0.0,10.190207265796529,0.8682834506034851,23.057593037149875,0.8415376305580138,0,1,28.570789219216085,1.5314203202724401,0,0,35.11829406281617,2.06918543100357,0,0,Seoul3
1,2022-06-18,25.72083333,0.0,8.698344089564426,0.9975013732910156,23.057593037149875,0.8415376305580138,0,1,28.570789219216085,1.5314203202724401,0,0,35.11829406281617,2.06918543100357,0,0,Seoul3
1,2022-06-19,25.5375,0.0,10.167133250187732,0.7871848940849304,23.057593037149875,0.8415376305580138,0,0,28.570789219216085,1.5314203202724401,0,0,35.11829406281617,2.06918543100357,0,0,Seoul3
1,2022-06-20,25.29583333,0.0,8.05047829427882,0.8122208118438721,23.057593037149875,0.8415376305580138,0,0,28.570789219216085,1.5314203202724401,0,0,35.11829406281617,2.06918543100357,0,0,Seoul3
1,2022-06-21,24.88333333,0.0,9.235046673922957,0.7985319495201111,23.057593037149875,0.8415376305580138,0,0,28.570789219216085,1.5314203202724401,0,0,35.11829406281617,2.06918543100357,0,0,Seoul3
1,2022-06-22,25.71666667,0.0,9.751056763622653,0.6177257895469666,23.057593037149875,0.8415376305580138,0,0,28.570789219216085,1.5314203202724401,0,0,35.11829406281617,2.06918543100357,0,0,Seoul3
1,2022-06-23,25.7,0.0,9.767304537738818,0.7833285927772522,23.057593037149875,0.8415376305580138,0,0,28.570789219216085,1.5314203202724401,0,0,35.11829406281617,2.06918543100357,0,0,Seoul3
1,2022-06-24,25.74583333,6.9,14.545565107262897,1.1010793447494507,23.057593037149875,0.8415376305580138,0,1,28.570789219216085,1.5314203202724401,0,0,35.11829406281617,2.06918543100357,0,0,Seoul3
1,2022-06-25,26.03333333,0.0,5.299620758682845,1.0560271739959717,23.057593037149875,0.8415376305580138,0,1,28.570789219216085,1.5314203202724401,0,0,35.11829406281617,2.06918543100357,0,0,Seoul3
1,2022-06-26,26.9625,0.0,10.054549914338194,0.9806668758392334,23.057593037149875,0.8415376305580138,0,1,28.570789219216085,1.5314203202724401,0,0,35.11829406281617,2.06918543100357,0,0,Seoul3
1,2022-06-27,25.45416667,47.8,28.91961875672838,1.1878803968429565,23.057593037149875,0.8415376305580138,1,1,28.570789219216085,1.5314203202724401,1,0,35.11829406281617,2.06918543100357,0,0,Seoul3
1,2022-06-28,27.00833333,0.3,9.312980816989427,1.1909204721450806,23.057593037149875,0.8415376305580138,0,1,28.570789219216085,1.5314203202724401,0,0,35.11829406281617,2.06918543100357,0,0,Seoul3
1,2022-06-29,26.8,0.1,14.061438640653757,1.324378490447998,23.057593037149875,0.8415376305580138,0,1,28.570789219216085,1.5314203202724401,0,0,35.11829406281617,2.06918543100357,0,0,Seoul3
1,2022-06-30,27.96666667,0.0,9.050077707017238,1.35128653049469,23.057593037149875,0.8415376305580138,0,1,28.570789219216085,1.5314203202724401,0,0,35.11829406281617,2.06918543100357,0,0,Seoul3
1,2022-07-01,27.5375,0.0,7.454702050400162,1.3373184204101562,23.057593037149875,0.8415376305580138,0,1,28.570789219216085,1.5314203202724401,0,0,35.11829406281617,2.06918543100357,0,0,Seoul3
1,2022-07-02,27.94583333,0.0,8.079699139796524,1.271654486656189,23.057593037149875,0.8415376305580138,0,1,28.570789219216085,1.5314203202724401,0,0,35.11829406281617,2.06918543100357,0,0,Seoul3
2,2022-07-03,27.2125,0.0,7.170167461896632,0.6543395519256592,22.604292767702095,0.7602905839681625,0,0,29.331864392498627,1.341190654039387,0,0,38.94516243824856,1.9389595258235932,0,0,Seoul3
2,2022-07-04,27.38333333,0.0,6.270226852849817,0.7306145429611206,22.604292767702095,0.7602905839681625,0,0,29.331864392498627,1.341190654039387,0,0,38.94516243824856,1.9389595258235932,0,0,Seoul3
2,2022-07-05,26.16666667,0.0,7.4354811120449,0.8316807746887207,22.604292767702095,0.7602905839681625,0,1,29.331864392498627,1.341190654039387,0,0,38.94516243824856,1.9389595258235932,0,0,Seoul3
2,2022-07-06,26.675,0.0,7.616970118220118,0.9101569056510925,22.604292767702095,0.7602905839681625,0,1,29.331864392498627,1.341190654039387,0,0,38.94516243824856,1.9389595258235932,0,0,Seoul3
2,2022-07-07,28.40833333,0.0,8.984199487721064,0.8733656406402588,22.604292767702095,0.7602905839681625,0,1,29.331864392498627,1.341190654039387,0,0,38.94516243824856,1.9389595258235932,0,0,Seoul3
2,2022-07-08,28.625,0.0,6.360330697820558,0.7929543852806091,22.604292767702095,0.7602905839681625,0,1,29.331864392498627,1.341190654039387,0,0,38.94516243824856,1.9389595258235932,0,0,Seoul3
2,2022-07-09,27.1875,0.0,7.338999877854582,0.799274206161499,22.604292767702095,0.7602905839681625,0,1,29.331864392498627,1.341190654039387,0,0,38.94516243824856,1.9389595258235932,0,0,Seoul3
2,2022-07-10,25.86666667,0.0,8.70708725954751,0.781970202922821,22.604292767702095,0.7602905839681625,0,1,29.331864392498627,1.341190654039387,0,0,38.94516243824856,1.9389595258235932,0,0,Seoul3
2,2022-07-11,24.85,9.0,13.41785659205955,0.6002059578895569,22.604292767702095,0.7602905839681625,0,0,29.331864392498627,1.341190654039387,0,0,38.94516243824856,1.9389595258235932,0,0,Seoul3
2,2022-07-12,23.9,0.1,7.428301360251126,0.5637646317481995,22.604292767702095,0.7602905839681625,0,0,29.331864392498627,1.341190654039387,0,0,38.94516243824856,1.9389595258235932,0,0,Seoul3
2,2022-07-13,23.35416667,16.9,37.959225168964366,0.5031903386116028,22.604292767702095,0.7602905839681625,1,0,29.331864392498627,1.341190654039387,1,0,38.94516243824856,1.9389595258235932,0,0,Seoul3
2,2022-07-14,26.425,1.4,12.67842806863141,0.5124765038490295,22.604292767702095,0.7602905839681625,0,0,29.331864392498627,1.341190654039387,0,0,38.94516243824856,1.9389595258235932,0,0,Seoul3
2,2022-07-15,26.44583333,0.0,7.180935539877902,0.5287408828735352,22.604292767702095,0.7602905839681625,0,0,29.331864392498627,1.341190654039387,0,0,38.94516243824856,1.9389595258235932,0,0,Seoul3
2,2022-07-16,25.72916667,4.8,13.721291796106298,0.5119208693504333,22.604292767702095,0.7602905839681625,0,0,29.331864392498627,1.341190654039387,0,0,38.94516243824856,1.9389595258235932,0,0,Seoul3
2,2022-07-17,25.4125,0.0,6.345209221447243,0.50405353307724,22.604292767702095,0.7602905839681625,0,0,29.331864392498627,1.341190654039387,0,0,38.94516243824856,1.9389595258235932,0,0,Seoul3
2,2022-07-18,22.6375,69.4,51.44049719818469,0.6982219219207764,22.604292767702095,0.7602905839681625,1,0,29.331864392498627,1.341190654039387,1,0,38.94516243824856,1.9389595258235932,1,0,Seoul3
2,2022-07-19,24.90833333,1.2,12.38949694805953,0.7404636144638062,22.604292767702095,0.7602905839681625,0,0,29.331864392498627,1.341190654039387,0,0,38.94516243824856,1.9389595258235932,0,0,Seoul3
2,2022-07-20,27.325,0.0,10.874442017036722,0.8234012722969055,22.604292767702095,0.7602905839681625,0,1,29.331864392498627,1.341190654039387,0,0,38.94516243824856,1.9389595258235932,0,0,Seoul3
2,2022-07-21,26.36666667,3.9,13.636446822889269,0.8566421270370483,22.604292767702095,0.7602905839681625,0,1,29.331864392498627,1.341190654039387,0,0,38.94516243824856,1.9389595258235932,0,0,Seoul3
2,2022-07-22,24.31666667,2.4,8.382014567148447,0.8274956345558167,22.604292767702095,0.7602905839681625,0,1,29.331864392498627,1.341190654039387,0,0,38.94516243824856,1.9389595258235932,0,0,Seoul3
2,2022-07-23,23.62083333,0.0,7.4652253274126235,0.8150414824485779,22.604292767702095,0.7602905839681625,0,1,29.331864392498627,1.341190654039387,0,0,38.94516243824856,1.9389595258235932,0,0,Seoul3
2,2022-07-24,26.04166667,9.0,14.984796732491612,0.8333544135093689,22.604292767702095,0.7602905839681625,0,1,29.331864392498627,1.341190654039387,0,0,38.94516243824856,1.9389595258235932,0,0,Seoul3
2,2022-07-25,25.1875,0.0,8.043699658034711,0.8522355556488037,22.604292767702095,0.7602905839681625,0,1,29.331864392498627,1.341190654039387,0,0,38.94516243824856,1.9389595258235932,0,0,Seoul3
2,2022-07-26,24.64583333,0.0,7.312182800980341,0.8407768607139587,22.604292767702095,0.7602905839681625,0,1,29.331864392498627,1.341190654039387,0,0,38.94516243824856,1.9389595258235932,0,0,Seoul3
2,2022-07-27,24.5875,0.0,13.620127069533035,0.8421797156333923,22.604292767702095,0.7602905839681625,0,1,29.331864392498627,1.341190654039387,0,0,38.94516243824856,1.9389595258235932,0,0,Seoul3
2,2022-07-28,25.175,0.9,11.562341078415427,0.910805344581604,22.604292767702095,0.7602905839681625,0,1,29.331864392498627,1.341190654039387,0,0,38.94516243824856,1.9389595258235932,0,0,Seoul3
2,2022-07-29,26.5375,0.0,12.140873027709995,0.9683958888053894,22.604292767702095,0.7602905839681625,0,1,29.331864392498627,1.341190654039387,0,0,38.94516243824856,1.9389595258235932,0,0,Seoul3
2,2022-07-30,27.15,0.0,10.683691020592693,1.0611566305160522,22.604292767702095,0.7602905839681625,0,1,29.331864392498627,1.341190654039387,0,0,38.94516243824856,1.9389595258235932,0,0,Seoul3
2,2022-07-31,26.87083333,6.0,14.920369804177987,1.118442416191101,22.604292767702095,0.7602905839681625,0,1,29.331864392498627,1.341190654039387,0,0,38.94516243824856,1.9389595258235932,0,0,Seoul3
2,2022-08-01,28.25416667,0.0,14.27712300068861,0.8591684699058533,22.604292767702095,0.7602905839681625,0,1,29.331864392498627,1.341190654039387,0,0,38.94516243824856,1.9389595258235932,0,0,Seoul3
2,2022-08-02,28.3375,0.2,32.605326532579014,0.7923180460929871,22.604292767702095,0.7602905839681625,1,1,29.331864392498627,1.341190654039387,1,0,38.94516243824856,1.9389595258235932,0,0,Seoul3
2,2022-08-03,29.3375,0.0,24.918557214273193,0.728199303150177,22.604292767702095,0.7602905839681625,1,0,29.331864392498627,1.341190654039387,0,0,38.94516243824856,1.9389595258235932,0,0,Seoul3
2,2022-08-04,30.04583333,0.0,18.57236659769812,0.7469167709350586,22.604292767702095,0.7602905839681625,0,0,29.331864392498627,1.341190654039387,0,0,38.94516243824856,1.9389595258235932,0,0,Seoul3
2,2022-08-05,29.80416667,0.0,19.979651779521376,0.8259499073028564,22.604292767702095,0.7602905839681625,0,1,29.331864392498627,1.341190654039387,0,0,38.94516243824856,1.9389595258235932,0,0,Seoul3
2,2022-08-06,30.3375,0.0,16.899161597214196,0.8324110507965088,22.604292767702095,0.7602905839681625,0,1,29.331864392498627,1.341190654039387,0,0,38.94516243824856,1.9389595258235932,0,0,Seoul3
2,2022-08-07,30.58333333,0.0,11.140676850396252,0.7861390113830566,22.604292767702095,0.7602905839681625,0,1,29.331864392498627,1.341190654039387,0,0,38.94516243824856,1.9389595258235932,0,0,Seoul3
2,2022-08-08,29.7375,0.0,20.877325150393503,0.8108223080635071,22.604292767702095,0.7602905839681625,0,1,29.331864392498627,1.341190654039387,0,0,38.94516243824856,1.9389595258235932,0,0,Seoul3
2,2022-08-09,29.03333333,0.0,15.8347119531855,0.8398166298866272,22.604292767702095,0.7602905839681625,0,1,29.331864392498627,1.341190654039387,0,0,38.94516243824856,1.9389595258235932,0,0,Seoul3
2,2022-08-10,28.71666667,0.0,11.698206827753244,0.8011691570281982,22.604292767702095,0.7602905839681625,0,1,29.331864392498627,1.341190654039387,0,0,38.94516243824856,1.9389595258235932,0,0,Seoul3
2,2022-08-11,27.60416667,3.4,11.000946005095019,0.8372349739074707,22.604292767702095,0.7602905839681625,0,1,29.331864392498627,1.341190654039387,0,0,38.94516243824856,1.9389595258235932,0,0,Seoul3
2,2022-08-12,28.62083333,0.0,10.413860788263033,0.8395717144012451,22.604292767702095,0.7602905839681625,0,1,29.331864392498627,1.341190654039387,0,0,38.94516243824856,1.9389595258235932,0,0,Seoul3
2,2022-08-13,26.85,4.0,16.421655725999152,0.8195125460624695,22.604292767702095,0.7602905839681625,0,1,29.331864392498627,1.341190654039387,0,0,38.94516243824856,1.9389595258235932,0,0,Seoul3
2,2022-08-14,28.80416667,1.7,16.42821928674328,0.7765200138092041,22.604292767702095,0.7602905839681625,0,1,29.331864392498627,1.341190654039387,0,0,38.94516243824856,1.9389595258235932,0,0,Seoul3
2,2022-08-15,30.1375,0.0,27.154168400786595,0.7672264575958252,22.604292767702095,0.7602905839681625,1,1,29.331864392498627,1.341190654039387,0,0,38.94516243824856,1.9389595258235932,0,0,Seoul3
2,2022-08-16,26.6375,17.8,33.5210751664557,0.7902198433876038,22.604292767702095,0.7602905839681625,1,1,29.331864392498627,1.341190654039387,1,0,38.94516243824856,1.9389595258235932,0,0,Seoul3
2,2022-08-17,23.95416667,14.0,27.24561874294038,0.8058986663818359,22.604292767702095,0.7602905839681625,1,1,29.331864392498627,1.341190654039387,0,0,38.94516243824856,1.9389595258235932,0,0,Seoul3
2,2022-08-18,24.4875,0.7,12.374095399272546,0.8142138719558716,22.604292767702095,0.7602905839681625,0,1,29.331864392498627,1.341190654039387,0,0,38.94516243824856,1.9389595258235932,0,0,Seoul3
2,2022-08-19,26.92083333,0.0,15.1148681229663,0.7911661863327026,22.604292767702095,0.7602905839681625,0,1,29.331864392498627,1.341190654039387,0,0,38.94516243824856,1.9389595258235932,0,0,Seoul3
2,2022-08-20,26.52916667,15.5,14.09789415993928,0.7865914106369019,22.604292767702095,0.7602905839681625,0,1,29.331864392498627,1.341190654039387,0,0,38.94516243824856,1.9389595258235932,0,0,Seoul3
2,2022-08-21,24.79583333,0.0,7.257292322069227,0.7628138661384583,22.604292767702095,0.7602905839681625,0,1,29.331864392498627,1.341190654039387,0,0,38.94516243824856,1.9389595258235932,0,0,Seoul3
2,2022-08-22,24.35,0.0,10.126566981538074,0.6600282788276672,22.604292767702095,0.7602905839681625,0,0,29.331864392498627,1.341190654039387,0,0,38.94516243824856,1.9389595258235932,0,0,Seoul3
2,2022-08-23,25.71666667,2.7,17.410304818942237,0.6982054114341736,22.604292767702095,0.7602905839681625,0,0,29.331864392498627,1.341190654039387,0,0,38.94516243824856,1.9389595258235932,0,0,Seoul3
2,2022-08-24,21.70833333,38.3,30.8603733309269,0.8380537629127502,22.604292767702095,0.7602905839681625,1,1,29.331864392498627,1.341190654039387,1,0,38.94516243824856,1.9389595258235932,0,0,Seoul3
2,2022-08-25,23.8625,0.0,9.00854537992113,0.8377912640571594,22.604292767702095,0.7602905839681625,0,1,29.331864392498627,1.341190654039387,0,0,38.94516243824856,1.9389595258235932,0,0,Seoul3
2,2022-08-26,24.02916667,0.3,8.026649239152967,0.8360015749931335,22.604292767702095,0.7602905839681625,0,1,29.331864392498627,1.341190654039387,0,0,38.94516243824856,1.9389595258235932,0,0,Seoul3
2,2022-08-27,22.78333333,0.0,10.192448028594283,0.8385176062583923,22.604292767702095,0.7602905839681625,0,1,29.331864392498627,1.341190654039387,0,0,38.94516243824856,1.9389595258235932,0,0,Seoul3
2,2022-08-28,21.2625,0.0,13.508858822782493,0.8997052907943726,22.604292767702095,0.7602905839681625,0,1,29.331864392498627,1.341190654039387,0,0,38.94516243824856,1.9389595258235932,0,0,Seoul3
2,2022-08-29,22.44166667,0.0,9.500996942578471,0.8328582644462585,22.604292767702095,0.7602905839681625,0,1,29.331864392498627,1.341190654039387,0,0,38.94516243824856,1.9389595258235932,0,0,Seoul3
2,2022-08-30,21.20833333,12.6,14.25268650568689,0.729676365852356,22.604292767702095,0.7602905839681625,0,0,29.331864392498627,1.341190654039387,0,0,38.94516243824856,1.9389595258235932,0,0,Seoul3
2,2022-08-31,21.02083333,27.3,27.325530912954257,0.7197897434234619,22.604292767702095,0.7602905839681625,1,0,29.331864392498627,1.341190654039387,0,0,38.94516243824856,1.9389595258235932,0,0,Seoul3
2,2022-09-01,21.75416667,0.0,12.303449040615464,0.775692880153656,22.604292767702095,0.7602905839681625,0,1,29.331864392498627,1.341190654039387,0,0,38.94516243824856,1.9389595258235932,0,0,Seoul3
2,2022-09-02,21.24166667,14.1,18.872105843995968,0.7877499461174011,22.604292767702095,0.7602905839681625,0,1,29.331864392498627,1.341190654039387,0,0,38.94516243824856,1.9389595258235932,0,0,Seoul3
2,2022-09-03,21.82083333,22.6,33.36775413817257,0.8683413863182068,22.604292767702095,0.7602905839681625,1,1,29.331864392498627,1.341190654039387,1,0,38.94516243824856,1.9389595258235932,0,0,Seoul3
2,2022-09-04,24.77916667,9.4,33.3191845631209,0.9214430451393127,22.604292767702095,0.7602905839681625,1,1,29.331864392498627,1.341190654039387,1,0,38.94516243824856,1.9389595258235932,0,0,Seoul3
2,2022-09-05,25.725,29.1,43.48362269337916,1.0034598112106323,22.604292767702095,0.7602905839681625,1,1,29.331864392498627,1.341190654039387,1,0,38.94516243824856,1.9389595258235932,1,0,Seoul3
2,2022-09-06,23.96666667,132.4,62.53362437740712,2.086482524871826,22.604292767702095,0.7602905839681625,1,1,29.331864392498627,1.341190654039387,1,1,38.94516243824856,1.9389595258235932,1,1,Seoul3
2,2022-09-07,21.67083333,0.0,9.080827990723986,1.7333582639694214,22.604292767702095,0.7602905839681625,0,1,29.331864392498627,1.341190654039387,0,1,38.94516243824856,1.9389595258235932,0,0,Seoul3
2,2022-09-08,21.3,0.0,33.03693299228061,1.4874848127365112,22.604292767702095,0.7602905839681625,1,1,29.331864392498627,1.341190654039387,1,1,38.94516243824856,1.9389595258235932,0,0,Seoul3
2,2022-09-09,21.75833333,0.0,8.943044169633467,1.4422028064727783,22.604292767702095,0.7602905839681625,0,1,29.331864392498627,1.341190654039387,0,1,38.94516243824856,1.9389595258235932,0,0,Seoul3
2,2022-09-10,22.01666667,0.0,13.935085862662408,1.592273235321045,22.604292767702095,0.7602905839681625,0,1,29.331864392498627,1.341190654039387,0,1,38.94516243824856,1.9389595258235932,0,0,Seoul3
2,2022-09-11,22.82083333,0.0,8.239385647013606,1.7218998670578003,22.604292767702095,0.7602905839681625,0,1,29.331864392498627,1.341190654039387,0,1,38.94516243824856,1.9389595258235932,0,0,Seoul3
2,2022-09-12,22.3,0.0,21.262752286035827,1.8915075063705444,22.604292767702095,0.7602905839681625,0,1,29.331864392498627,1.341190654039387,0,1,38.94516243824856,1.9389595258235932,0,0,Seoul3
2,2022-09-13,23.48333333,0.0,14.350300354566173,1.939720630645752,22.604292767702095,0.7602905839681625,0,1,29.331864392498627,1.341190654039387,0,1,38.94516243824856,1.9389595258235932,0,1,Seoul3
2,2022-09-14,23.375,0.0,12.633847077342251,2.1348235607147217,22.604292767702095,0.7602905839681625,0,1,29.331864392498627,1.341190654039387,0,1,38.94516243824856,1.9389595258235932,0,1,Seoul3
2,2022-09-15,22.9125,0.0,10.596253287089455,2.1727774143218994,22.604292767702095,0.7602905839681625,0,1,29.331864392498627,1.341190654039387,0,1,38.94516243824856,1.9389595258235932,0,1,Seoul3
2,2022-09-16,23.25833333,0.0,6.712645370105231,2.0485644340515137,22.604292767702095,0.7602905839681625,0,1,29.331864392498627,1.341190654039387,0,1,38.94516243824856,1.9389595258235932,0,1,Seoul3
2,2022-09-17,24.31666667,0.0,12.799179670602339,1.9877485036849976,22.604292767702095,0.7602905839681625,0,1,29.331864392498627,1.341190654039387,0,1,38.94516243824856,1.9389595258235932,0,1,Seoul3
2,2022-09-18,25.35416667,13.6,27.31803602256801,1.834998607635498,22.604292767702095,0.7602905839681625,1,1,29.331864392498627,1.341190654039387,0,1,38.94516243824856,1.9389595258235932,0,0,Seoul3
2,2022-09-19,22.2375,63.5,62.635318875479626,1.8891388177871704,22.604292767702095,0.7602905839681625,1,1,29.331864392498627,1.341190654039387,1,1,38.94516243824856,1.9389595258235932,1,0,Seoul3
2,2022-09-20,18.70833333,0.0,6.482356964876006,0.9493990540504456,22.604292767702095,0.7602905839681625,0,1,29.331864392498627,1.341190654039387,0,0,38.94516243824856,1.9389595258235932,0,0,Seoul3
2,2022-09-21,16.91666667,0.0,7.2748811202204156,0.8278977274894714,22.604292767702095,0.7602905839681625,0,1,29.331864392498627,1.341190654039387,0,0,38.94516243824856,1.9389595258235932,0,0,Seoul3
2,2022-09-22,19.20416667,0.0,13.027089694438207,0.7717480659484863,22.604292767702095,0.7602905839681625,0,1,29.331864392498627,1.341190654039387,0,0,38.94516243824856,1.9389595258235932,0,0,Seoul3
2,2022-09-23,21.4875,0.0,11.139343471943345,0.7402967214584351,22.604292767702095,0.7602905839681625,0,0,29.331864392498627,1.341190654039387,0,0,38.94516243824856,1.9389595258235932,0,0,Seoul3
2,2022-09-24,18.36666667,0.0,14.295766852493525,0.822409451007843,22.604292767702095,0.7602905839681625,0,1,29.331864392498627,1.341190654039387,0,0,38.94516243824856,1.9389595258235932,0,0,Seoul3
2,2022-09-25,18.41666667,0.0,13.794016079288838,0.9360077381134033,22.604292767702095,0.7602905839681625,0,1,29.331864392498627,1.341190654039387,0,0,38.94516243824856,1.9389595258235932,0,0,Seoul3
2,2022-09-26,18.77083333,0.1,13.518098762180628,1.013792872428894,22.604292767702095,0.7602905839681625,0,1,29.331864392498627,1.341190654039387,0,0,38.94516243824856,1.9389595258235932,0,0,Seoul3
2,2022-09-27,20.05833333,0.0,26.412098337245645,0.9935415983200073,22.604292767702095,0.7602905839681625,1,1,29.331864392498627,1.341190654039387,0,0,38.94516243824856,1.9389595258235932,0,0,Seoul3
2,2022-09-28,19.9875,0.0,20.22717765479117,1.0201793909072876,22.604292767702095,0.7602905839681625,0,1,29.331864392498627,1.341190654039387,0,0,38.94516243824856,1.9389595258235932,0,0,Seoul3
2,2022-09-29,20.55,0.0,15.307507156536206,0.9642266035079956,22.604292767702095,0.7602905839681625,0,1,29.331864392498627,1.341190654039387,0,0,38.94516243824856,1.9389595258235932,0,0,Seoul3
2,2022-09-30,21.07916667,0.0,10.339681166933802,0.9534838795661926,22.604292767702095,0.7602905839681625,0,1,29.331864392498627,1.341190654039387,0,0,38.94516243824856,1.9389595258235932,0,0,Seoul3
3,2022-10-01,21.5625,0.0,17.59455004576894,0.6428596377372742,22.203826796925096,0.8423594623804088,0,0,28.23349303923522,1.0211536020040515,0,0,39.61934706620894,1.6725485098361965,0,0,Seoul3
3,2022-10-02,21.66666667,0.0,15.36867922791232,0.8341385126113892,22.203826796925096,0.8423594623804088,0,0,28.23349303923522,1.0211536020040515,0,0,39.61934706620894,1.6725485098361965,0,0,Seoul3
3,2022-10-03,24.45,2.1,12.186845512394891,0.659174919128418,22.203826796925096,0.8423594623804088,0,0,28.23349303923522,1.0211536020040515,0,0,39.61934706620894,1.6725485098361965,0,0,Seoul3
3,2022-10-04,21.65,24.9,24.161172626331783,0.8875946998596191,22.203826796925096,0.8423594623804088,1,1,28.23349303923522,1.0211536020040515,0,0,39.61934706620894,1.6725485098361965,0,0,Seoul3
3,2022-10-05,16.39583333,0.0,9.090714360012857,0.9474813938140869,22.203826796925096,0.8423594623804088,0,1,28.23349303923522,1.0211536020040515,0,0,39.61934706620894,1.6725485098361965,0,0,Seoul3
3,2022-10-06,16.7125,1.1,17.466237534159664,0.9820669293403625,22.203826796925096,0.8423594623804088,0,1,28.23349303923522,1.0211536020040515,0,0,39.61934706620894,1.6725485098361965,0,0,Seoul3
3,2022-10-07,16.14166667,0.0,14.24417057468712,0.9502264261245728,22.203826796925096,0.8423594623804088,0,1,28.23349303923522,1.0211536020040515,0,0,39.61934706620894,1.6725485098361965,0,0,Seoul3
3,2022-10-08,15.68333333,0.0,15.769642234829542,0.91094970703125,22.203826796925096,0.8423594623804088,0,1,28.23349303923522,1.0211536020040515,0,0,39.61934706620894,1.6725485098361965,0,0,Seoul3
3,2022-10-09,15.30833333,0.4,14.336664661795222,0.9139733910560608,22.203826796925096,0.8423594623804088,0,1,28.23349303923522,1.0211536020040515,0,0,39.61934706620894,1.6725485098361965,0,0,Seoul3
3,2022-10-10,14.8875,0.0,15.18080004729724,0.9247307777404785,22.203826796925096,0.8423594623804088,0,1,28.23349303923522,1.0211536020040515,0,0,39.61934706620894,1.6725485098361965,0,0,Seoul3
3,2022-10-11,13.7375,0.0,8.642293858781951,0.8763557076454163,22.203826796925096,0.8423594623804088,0,1,28.23349303923522,1.0211536020040515,0,0,39.61934706620894,1.6725485098361965,0,0,Seoul3
3,2022-10-12,15.24583333,0.0,11.279596830684868,0.8823550939559937,22.203826796925096,0.8423594623804088,0,1,28.23349303923522,1.0211536020040515,0,0,39.61934706620894,1.6725485098361965,0,0,Seoul3
3,2022-10-13,18.04166667,0.0,8.155617192752285,0.8525935411453247,22.203826796925096,0.8423594623804088,0,1,28.23349303923522,1.0211536020040515,0,0,39.61934706620894,1.6725485098361965,0,0,Seoul3
3,2022-10-14,17.24583333,0.0,12.406331218422554,0.8641314506530762,22.203826796925096,0.8423594623804088,0,1,28.23349303923522,1.0211536020040515,0,0,39.61934706620894,1.6725485098361965,0,0,Seoul3
3,2022-10-15,17.7625,0.0,8.189798615523117,0.8725044131278992,22.203826796925096,0.8423594623804088,0,1,28.23349303923522,1.0211536020040515,0,0,39.61934706620894,1.6725485098361965,0,0,Seoul3
3,2022-10-16,18.45416667,0.0,9.716123012640793,0.8359775543212891,22.203826796925096,0.8423594623804088,0,0,28.23349303923522,1.0211536020040515,0,0,39.61934706620894,1.6725485098361965,0,0,Seoul3
3,2022-10-17,17.02916667,0.0,17.56667562157494,0.9465680122375488,22.203826796925096,0.8423594623804088,0,1,28.23349303923522,1.0211536020040515,0,0,39.61934706620894,1.6725485098361965,0,0,Seoul3
3,2022-10-18,11.69583333,0.0,16.57558561410324,0.9447259306907654,22.203826796925096,0.8423594623804088,0,1,28.23349303923522,1.0211536020040515,0,0,39.61934706620894,1.6725485098361965,0,0,Seoul3
3,2022-10-19,11.3,0.0,15.684613523224728,1.0453678369522095,22.203826796925096,0.8423594623804088,0,1,28.23349303923522,1.0211536020040515,0,1,39.61934706620894,1.6725485098361965,0,0,Seoul3
3,2022-10-20,13.57083333,0.0,20.073589376011313,1.073015570640564,22.203826796925096,0.8423594623804088,0,1,28.23349303923522,1.0211536020040515,0,1,39.61934706620894,1.6725485098361965,0,0,Seoul3
3,2022-10-21,15.05833333,0.0,15.486188144360604,1.1641087532043457,22.203826796925096,0.8423594623804088,0,1,28.23349303923522,1.0211536020040515,0,1,39.61934706620894,1.6725485098361965,0,0,Seoul3
3,2022-10-22,17.67083333,0.0,14.95003202827381,1.129079818725586,22.203826796925096,0.8423594623804088,0,1,28.23349303923522,1.0211536020040515,0,1,39.61934706620894,1.6725485098361965,0,0,Seoul3
3,2022-10-23,15.45416667,0.0,11.632988172035093,1.1009535789489746,22.203826796925096,0.8423594623804088,0,1,28.23349303923522,1.0211536020040515,0,1,39.61934706620894,1.6725485098361965,0,0,Seoul3
3,2022-10-24,12.55416667,0.0,15.594347195396413,1.0260186195373535,22.203826796925096,0.8423594623804088,0,1,28.23349303923522,1.0211536020040515,0,1,39.61934706620894,1.6725485098361965,0,0,Seoul3
3,2022-10-25,11.91666667,0.0,21.159914401957245,1.0767751932144165,22.203826796925096,0.8423594623804088,0,1,28.23349303923522,1.0211536020040515,0,1,39.61934706620894,1.6725485098361965,0,0,Seoul3
3,2022-10-26,13.7375,0.0,16.118249338506534,1.0837714672088623,22.203826796925096,0.8423594623804088,0,1,28.23349303923522,1.0211536020040515,0,1,39.61934706620894,1.6725485098361965,0,0,Seoul3
3,2022-10-27,15.225,0.0,15.360780613039573,1.1015527248382568,22.203826796925096,0.8423594623804088,0,1,28.23349303923522,1.0211536020040515,0,1,39.61934706620894,1.6725485098361965,0,0,Seoul3
3,2022-10-28,14.36666667,0.2,19.68877758730504,1.1412373781204224,22.203826796925096,0.8423594623804088,0,1,28.23349303923522,1.0211536020040515,0,1,39.61934706620894,1.6725485098361965,0,0,Seoul3
3,2022-10-29,14.375,0.0,13.968350316635936,1.19010329246521,22.203826796925096,0.8423594623804088,0,1,28.23349303923522,1.0211536020040515,0,1,39.61934706620894,1.6725485098361965,0,0,Seoul3
3,2022-10-30,13.48333333,1.7,18.231914572087717,1.2024096250534058,22.203826796925096,0.8423594623804088,0,1,28.23349303923522,1.0211536020040515,0,1,39.61934706620894,1.6725485098361965,0,0,Seoul3
3,2022-10-31,14.40833333,0.0,11.128022922105943,1.1828348636627197,22.203826796925096,0.8423594623804088,0,1,28.23349303923522,1.0211536020040515,0,1,39.61934706620894,1.6725485098361965,0,0,Seoul3
3,2022-11-01,15.14166667,0.0,11.265529372280815,1.1319257020950317,22.203826796925096,0.8423594623804088,0,1,28.23349303923522,1.0211536020040515,0,1,39.61934706620894,1.6725485098361965,0,0,Seoul3
3,2022-11-02,14.84583333,0.0,10.141260294812573,1.182594656944275,22.203826796925096,0.8423594623804088,0,1,28.23349303923522,1.0211536020040515,0,1,39.61934706620894,1.6725485098361965,0,0,Seoul3
3,2022-11-03,14.36666667,0.0,10.566915169423835,1.1197097301483154,22.203826796925096,0.8423594623804088,0,1,28.23349303923522,1.0211536020040515,0,1,39.61934706620894,1.6725485098361965,0,0,Seoul3
3,2022-11-04,10.58333333,0.0,9.803918721595906,1.0654128789901733,22.203826796925096,0.8423594623804088,0,1,28.23349303923522,1.0211536020040515,0,1,39.61934706620894,1.6725485098361965,0,0,Seoul3
3,2022-11-05,8.8375,0.0,14.50465443236549,1.0541704893112183,22.203826796925096,0.8423594623804088,0,1,28.23349303923522,1.0211536020040515,0,1,39.61934706620894,1.6725485098361965,0,0,Seoul3
3,2022-11-06,10.16666667,0.0,18.17183861717662,1.093739628791809,22.203826796925096,0.8423594623804088,0,1,28.23349303923522,1.0211536020040515,0,1,39.61934706620894,1.6725485098361965,0,0,Seoul3
3,2022-11-07,11.1375,0.0,14.073188553611667,1.1052401065826416,22.203826796925096,0.8423594623804088,0,1,28.23349303923522,1.0211536020040515,0,1,39.61934706620894,1.6725485098361965,0,0,Seoul3
3,2022-11-08,13.2375,0.0,14.084858215422258,0.9723231792449951,22.203826796925096,0.8423594623804088,0,1,28.23349303923522,1.0211536020040515,0,0,39.61934706620894,1.6725485098361965,0,0,Seoul3
3,2022-11-09,13.34166667,0.0,14.334787484716314,0.9696546792984009,22.203826796925096,0.8423594623804088,0,1,28.23349303923522,1.0211536020040515,0,0,39.61934706620894,1.6725485098361965,0,0,Seoul3
3,2022-11-10,14.60416667,0.0,7.447047498121192,0.9249894022941589,22.203826796925096,0.8423594623804088,0,1,28.23349303923522,1.0211536020040515,0,0,39.61934706620894,1.6725485098361965,0,0,Seoul3
3,2022-11-11,14.6625,0.0,12.92315523941823,0.866284191608429,22.203826796925096,0.8423594623804088,0,1,28.23349303923522,1.0211536020040515,0,0,39.61934706620894,1.6725485098361965,0,0,Seoul3
3,2022-11-12,17.28333333,0.0,9.452478461692202,0.8910617232322693,22.203826796925096,0.8423594623804088,0,1,28.23349303923522,1.0211536020040515,0,0,39.61934706620894,1.6725485098361965,0,0,Seoul3
3,2022-11-13,17.2,17.8,17.54235212469226,0.8539729118347168,22.203826796925096,0.8423594623804088,0,1,28.23349303923522,1.0211536020040515,0,0,39.61934706620894,1.6725485098361965,0,0,Seoul3
3,2022-11-14,12.28333333,0.0,16.131844989932453,0.7616374492645264,22.203826796925096,0.8423594623804088,0,0,28.23349303923522,1.0211536020040515,0,0,39.61934706620894,1.6725485098361965,0,0,Seoul3
3,2022-11-15,10.2375,0.0,6.812623869284475,0.6587070226669312,22.203826796925096,0.8423594623804088,0,0,28.23349303923522,1.0211536020040515,0,0,39.61934706620894,1.6725485098361965,0,0,Seoul3
3,2022-11-16,10.96666667,0.0,9.91193473220503,0.6233243346214294,22.203826796925096,0.8423594623804088,0,0,28.23349303923522,1.0211536020040515,0,0,39.61934706620894,1.6725485098361965,0,0,Seoul3
3,2022-11-17,11.125,0.0,8.947378208969383,0.6344709992408752,22.203826796925096,0.8423594623804088,0,0,28.23349303923522,1.0211536020040515,0,0,39.61934706620894,1.6725485098361965,0,0,Seoul3
3,2022-11-18,11.77083333,0.0,11.884945372459445,0.6584604978561401,22.203826796925096,0.8423594623804088,0,0,28.23349303923522,1.0211536020040515,0,0,39.61934706620894,1.6725485098361965,0,0,Seoul3
3,2022-11-19,13.95833333,0.0,8.604689218959852,0.6566970348358154,22.203826796925096,0.8423594623804088,0,0,28.23349303923522,1.0211536020040515,0,0,39.61934706620894,1.6725485098361965,0,0,Seoul3
3,2022-11-20,14.1875,0.0,11.700210024441718,0.6672861576080322,22.203826796925096,0.8423594623804088,0,0,28.23349303923522,1.0211536020040515,0,0,39.61934706620894,1.6725485098361965,0,0,Seoul3
3,2022-11-21,14.19583333,0.0,10.766822819989704,0.7087557911872864,22.203826796925096,0.8423594623804088,0,0,28.23349303923522,1.0211536020040515,0,0,39.61934706620894,1.6725485098361965,0,0,Seoul3
3,2022-11-22,14.15,2.3,11.665719023669636,0.7513113021850586,22.203826796925096,0.8423594623804088,0,0,28.23349303923522,1.0211536020040515,0,0,39.61934706620894,1.6725485098361965,0,0,Seoul3
3,2022-11-23,13.59166667,0.9,11.3861173741253,0.7371861338615417,22.203826796925096,0.8423594623804088,0,0,28.23349303923522,1.0211536020040515,0,0,39.61934706620894,1.6725485098361965,0,0,Seoul3
3,2022-11-24,11.3625,0.0,11.740174062686386,0.7694346308708191,22.203826796925096,0.8423594623804088,0,0,28.23349303923522,1.0211536020040515,0,0,39.61934706620894,1.6725485098361965,0,0,Seoul3
3,2022-11-25,12.2625,0.0,12.312189580862555,0.7796132564544678,22.203826796925096,0.8423594623804088,0,0,28.23349303923522,1.0211536020040515,0,0,39.61934706620894,1.6725485098361965,0,0,Seoul3
3,2022-11-26,13.81666667,0.0,8.079614130460438,0.7478642463684082,22.203826796925096,0.8423594623804088,0,0,28.23349303923522,1.0211536020040515,0,0,39.61934706620894,1.6725485098361965,0,0,Seoul3
3,2022-11-27,10.37083333,0.0,9.96634415367021,0.6720054149627686,22.203826796925096,0.8423594623804088,0,0,28.23349303923522,1.0211536020040515,0,0,39.61934706620894,1.6725485098361965,0,0,Seoul3
3,2022-11-28,16.04583333,0.0,10.335601466559327,0.6402371525764465,22.203826796925096,0.8423594623804088,0,0,28.23349303923522,1.0211536020040515,0,0,39.61934706620894,1.6725485098361965,0,0,Seoul3
3,2022-11-29,15.12916667,23.9,23.331877605082163,0.8180577754974365,22.203826796925096,0.8423594623804088,1,0,28.23349303923522,1.0211536020040515,0,0,39.61934706620894,1.6725485098361965,0,0,Seoul3
3,2022-11-30,2.416666667,0.0,11.486465928873676,0.8333669900894165,22.203826796925096,0.8423594623804088,0,0,28.23349303923522,1.0211536020040515,0,0,39.61934706620894,1.6725485098361965,0,0,Seoul3
3,2022-12-01,-0.166666667,0.0,11.488772641260775,0.8589882850646973,22.203826796925096,0.8423594623804088,0,1,28.23349303923522,1.0211536020040515,0,0,39.61934706620894,1.6725485098361965,0,0,Seoul3
3,2022-12-02,0.933333333,0.0,15.871291658801903,0.8849965333938599,22.203826796925096,0.8423594623804088,0,1,28.23349303923522,1.0211536020040515,0,0,39.61934706620894,1.6725485098361965,0,0,Seoul3
3,2022-12-03,5.3875,0.0,13.07814104253753,0.8689790368080139,22.203826796925096,0.8423594623804088,0,1,28.23349303923522,1.0211536020040515,0,0,39.61934706620894,1.6725485098361965,0,0,Seoul3
3,2022-12-04,5.216666667,0.0,9.628664447022373,0.8154282569885254,22.203826796925096,0.8423594623804088,0,0,28.23349303923522,1.0211536020040515,0,0,39.61934706620894,1.6725485098361965,0,0,Seoul3
3,2022-12-05,1.9,0.0,11.909117636971617,0.8293783068656921,22.203826796925096,0.8423594623804088,0,0,28.23349303923522,1.0211536020040515,0,0,39.61934706620894,1.6725485098361965,0,0,Seoul3
3,2022-12-06,2.745833333,0.0,13.657574152885319,0.7899348735809326,22.203826796925096,0.8423594623804088,0,0,28.23349303923522,1.0211536020040515,0,0,39.61934706620894,1.6725485098361965,0,0,Seoul3
3,2022-12-07,5.7375,0.0,9.265425575795097,0.7979795336723328,22.203826796925096,0.8423594623804088,0,0,28.23349303923522,1.0211536020040515,0,0,39.61934706620894,1.6725485098361965,0,0,Seoul3
3,2022-12-08,6.516666667,0.0,10.327735721236472,0.8165349960327148,22.203826796925096,0.8423594623804088,0,0,28.23349303923522,1.0211536020040515,0,0,39.61934706620894,1.6725485098361965,0,0,Seoul3
3,2022-12-09,7.9625,0.0,8.246510245254337,0.8226094245910645,22.203826796925096,0.8423594623804088,0,0,28.23349303923522,1.0211536020040515,0,0,39.61934706620894,1.6725485098361965,0,0,Seoul3
3,2022-12-10,8.025,0.0,8.663432826460546,0.8162232637405396,22.203826796925096,0.8423594623804088,0,0,28.23349303923522,1.0211536020040515,0,0,39.61934706620894,1.6725485098361965,0,0,Seoul3
3,2022-12-11,6.270833333,0.0,11.644910725290424,0.8140984773635864,22.203826796925096,0.8423594623804088,0,0,28.23349303923522,1.0211536020040515,0,0,39.61934706620894,1.6725485098361965,0,0,Seoul3
3,2022-12-12,6.7875,2.7,14.752305248723157,0.8121647834777832,22.203826796925096,0.8423594623804088,0,0,28.23349303923522,1.0211536020040515,0,0,39.61934706620894,1.6725485098361965,0,0,Seoul3
3,2022-12-13,6.058333333,0.0,9.069292722023619,0.6551945805549622,22.203826796925096,0.8423594623804088,0,0,28.23349303923522,1.0211536020040515,0,0,39.61934706620894,1.6725485098361965,0,0,Seoul3
3,2022-12-14,-1.495833333,0.0,11.364037583316705,0.6236187815666199,22.203826796925096,0.8423594623804088,0,0,28.23349303923522,1.0211536020040515,0,0,39.61934706620894,1.6725485098361965,0,0,Seoul3
3,2022-12-15,-0.0125,0.0,16.465931276091467,0.625519335269928,22.203826796925096,0.8423594623804088,0,0,28.23349303923522,1.0211536020040515,0,0,39.61934706620894,1.6725485098361965,0,0,Seoul3
3,2022-12-16,1.704166667,0.0,13.789926687484657,0.6658378839492798,22.203826796925096,0.8423594623804088,0,0,28.23349303923522,1.0211536020040515,0,0,39.61934706620894,1.6725485098361965,0,0,Seoul3
3,2022-12-17,-0.683333333,0.0,8.824489279416133,0.6361077427864075,22.203826796925096,0.8423594623804088,0,0,28.23349303923522,1.0211536020040515,0,0,39.61934706620894,1.6725485098361965,0,0,Seoul3
3,2022-12-18,-4.4875,0.0,10.32675885211109,0.6553704142570496,22.203826796925096,0.8423594623804088,0,0,28.23349303923522,1.0211536020040515,0,0,39.61934706620894,1.6725485098361965,0,0,Seoul3
3,2022-12-19,-2.204166667,0.0,10.701689136541704,0.6186588406562805,22.203826796925096,0.8423594623804088,0,0,28.23349303923522,1.0211536020040515,0,0,39.61934706620894,1.6725485098361965,0,0,Seoul3
3,2022-12-20,0.5375,0.0,13.559470504246864,0.6189590692520142,22.203826796925096,0.8423594623804088,0,0,28.23349303923522,1.0211536020040515,0,0,39.61934706620894,1.6725485098361965,0,0,Seoul3
3,2022-12-21,2.766666667,7.0,16.93276846079207,0.6291463971138,22.203826796925096,0.8423594623804088,0,0,28.23349303923522,1.0211536020040515,0,0,39.61934706620894,1.6725485098361965,0,0,Seoul3
3,2022-12-22,-0.441666667,0.0,8.514665790822981,0.6108673214912415,22.203826796925096,0.8423594623804088,0,0,28.23349303923522,1.0211536020040515,0,0,39.61934706620894,1.6725485098361965,0,0,Seoul3
3,2022-12-23,-4.295833333,0.0,10.030639665115954,0.5968072414398193,22.203826796925096,0.8423594623804088,0,0,28.23349303923522,1.0211536020040515,0,0,39.61934706620894,1.6725485098361965,0,0,Seoul3
3,2022-12-24,-3.320833333,0.0,10.716301007775774,0.6010295152664185,22.203826796925096,0.8423594623804088,0,0,28.23349303923522,1.0211536020040515,0,0,39.61934706620894,1.6725485098361965,0,0,Seoul3
3,2022-12-25,0.491666667,0.0,10.376095412434733,0.5597267746925354,22.203826796925096,0.8423594623804088,0,0,28.23349303923522,1.0211536020040515,0,0,39.61934706620894,1.6725485098361965,0,0,Seoul3
3,2022-12-26,0.870833333,0.0,10.637535550516583,0.5134915709495544,22.203826796925096,0.8423594623804088,0,0,28.23349303923522,1.0211536020040515,0,0,39.61934706620894,1.6725485098361965,0,0,Seoul3
3,2022-12-27,2.304166667,0.0,9.479821916019297,0.5103179812431335,22.203826796925096,0.8423594623804088,0,0,28.23349303923522,1.0211536020040515,0,0,39.61934706620894,1.6725485098361965,0,0,Seoul3
3,2022-12-28,2.516666667,0.0,12.050802640846838,0.48126327991485596,22.203826796925096,0.8423594623804088,0,0,28.23349303923522,1.0211536020040515,0,0,39.61934706620894,1.6725485098361965,0,0,Seoul3
3,2022-12-29,0.708333333,0.0,12.986788277157224,0.43718862533569336,22.203826796925096,0.8423594623804088,0,0,28.23349303923522,1.0211536020040515,0,0,39.61934706620894,1.6725485098361965,0,0,Seoul3
4,2022-12-30,1.5875,0.0,8.15778524802582,0.3069264590740204,23.644565544294593,0.8564804315566994,0,0,31.231852296911452,1.1076758712530141,0,0,41.27206501367514,2.00572396159172,0,0,Seoul3
4,2022-12-31,2.033333333,0.0,8.480724378589661,0.31941545009613037,23.644565544294593,0.8564804315566994,0,0,31.231852296911452,1.1076758712530141,0,0,41.27206501367514,2.00572396159172,0,0,Seoul3
4,2023-01-01,4.045833333,0.0,7.29485259080188,0.3395463526248932,23.644565544294593,0.8564804315566994,0,0,31.231852296911452,1.1076758712530141,0,0,41.27206501367514,2.00572396159172,0,0,Seoul3
4,2023-01-02,1.5125,0.0,8.34872054484708,0.37008175253868103,23.644565544294593,0.8564804315566994,0,0,31.231852296911452,1.1076758712530141,0,0,41.27206501367514,2.00572396159172,0,0,Seoul3
4,2023-01-03,0.716666667,0.0,10.85101622644842,0.3286687731742859,23.644565544294593,0.8564804315566994,0,0,31.231852296911452,1.1076758712530141,0,0,41.27206501367514,2.00572396159172,0,0,Seoul3
4,2023-01-04,1.404166667,0.0,15.718938627297414,0.4192122519016266,23.644565544294593,0.8564804315566994,0,0,31.231852296911452,1.1076758712530141,0,0,41.27206501367514,2.00572396159172,0,0,Seoul3
4,2023-01-05,3.304166667,0.0,18.584826851751515,0.5237399339675903,23.644565544294593,0.8564804315566994,0,0,31.231852296911452,1.1076758712530141,0,0,41.27206501367514,2.00572396159172,0,0,Seoul3
4,2023-01-06,3.870833333,0.0,13.387297983166647,0.5722124576568604,23.644565544294593,0.8564804315566994,0,0,31.231852296911452,1.1076758712530141,0,0,41.27206501367514,2.00572396159172,0,0,Seoul3
4,2023-01-07,5.283333333,0.1,7.861495460515071,0.5562866926193237,23.644565544294593,0.8564804315566994,0,0,31.231852296911452,1.1076758712530141,0,0,41.27206501367514,2.00572396159172,0,0,Seoul3
4,2023-01-08,4.654166667,0.0,10.662314607279106,0.5528974533081055,23.644565544294593,0.8564804315566994,0,0,31.231852296911452,1.1076758712530141,0,0,41.27206501367514,2.00572396159172,0,0,Seoul3
4,2023-01-09,7.2875,0.0,14.181260013786485,0.6008137464523315,23.644565544294593,0.8564804315566994,0,0,31.231852296911452,1.1076758712530141,0,0,41.27206501367514,2.00572396159172,0,0,Seoul3
4,2023-01-10,5.908333333,0.0,10.197847241928844,0.6655707955360413,23.644565544294593,0.8564804315566994,0,0,31.231852296911452,1.1076758712530141,0,0,41.27206501367514,2.00572396159172,0,0,Seoul3
4,2023-01-11,7.608333333,0.0,18.45022648620177,0.7318207025527954,23.644565544294593,0.8564804315566994,0,0,31.231852296911452,1.1076758712530141,0,0,41.27206501367514,2.00572396159172,0,0,Seoul3
4,2023-01-12,9.5125,0.0,15.31285821114216,0.7776271104812622,23.644565544294593,0.8564804315566994,0,0,31.231852296911452,1.1076758712530141,0,0,41.27206501367514,2.00572396159172,0,0,Seoul3
4,2023-01-13,13.825,39.4,40.77211399152962,1.0417693853378296,23.644565544294593,0.8564804315566994,1,1,31.231852296911452,1.1076758712530141,1,0,41.27206501367514,2.00572396159172,0,0,Seoul3
4,2023-01-14,9.741666667,0.7,16.59070179183446,1.1574305295944214,23.644565544294593,0.8564804315566994,0,1,31.231852296911452,1.1076758712530141,0,1,41.27206501367514,2.00572396159172,0,0,Seoul3
4,2023-01-15,5.425,1.1,13.449633507453477,1.0741066932678223,23.644565544294593,0.8564804315566994,0,1,31.231852296911452,1.1076758712530141,0,0,41.27206501367514,2.00572396159172,0,0,Seoul3
4,2023-01-16,0.8125,0.0,14.015252622813124,1.0983790159225464,23.644565544294593,0.8564804315566994,0,1,31.231852296911452,1.1076758712530141,0,0,41.27206501367514,2.00572396159172,0,0,Seoul3
4,2023-01-17,0.191666667,0.0,18.763368864058968,1.0965734720230103,23.644565544294593,0.8564804315566994,0,1,31.231852296911452,1.1076758712530141,0,0,41.27206501367514,2.00572396159172,0,0,Seoul3
4,2023-01-18,1.504166667,0.0,14.223278319857284,1.0558407306671143,23.644565544294593,0.8564804315566994,0,1,31.231852296911452,1.1076758712530141,0,0,41.27206501367514,2.00572396159172,0,0,Seoul3
4,2023-01-19,1.729166667,0.0,10.187926649250901,1.0053209066390991,23.644565544294593,0.8564804315566994,0,1,31.231852296911452,1.1076758712530141,0,0,41.27206501367514,2.00572396159172,0,0,Seoul3
4,2023-01-20,2.275,0.0,9.815074106249298,0.9668319821357727,23.644565544294593,0.8564804315566994,0,1,31.231852296911452,1.1076758712530141,0,0,41.27206501367514,2.00572396159172,0,0,Seoul3
4,2023-01-21,-1.420833333,0.0,15.26078202205227,1.0203596353530884,23.644565544294593,0.8564804315566994,0,1,31.231852296911452,1.1076758712530141,0,0,41.27206501367514,2.00572396159172,0,0,Seoul3
4,2023-01-22,1.666666667,0.0,13.246234216776502,1.0640804767608643,23.644565544294593,0.8564804315566994,0,1,31.231852296911452,1.1076758712530141,0,0,41.27206501367514,2.00572396159172,0,0,Seoul3
4,2023-01-23,4.6375,0.0,19.14714289296824,1.0878627300262451,23.644565544294593,0.8564804315566994,0,1,31.231852296911452,1.1076758712530141,0,0,41.27206501367514,2.00572396159172,0,0,Seoul3
4,2023-01-24,-5.766666667,0.0,18.437507437211195,1.120131015777588,23.644565544294593,0.8564804315566994,0,1,31.231852296911452,1.1076758712530141,0,1,41.27206501367514,2.00572396159172,0,0,Seoul3
4,2023-01-25,-7.875,0.0,14.812743145024458,1.136152982711792,23.644565544294593,0.8564804315566994,0,1,31.231852296911452,1.1076758712530141,0,1,41.27206501367514,2.00572396159172,0,0,Seoul3
4,2023-01-26,-2.279166667,0.0,13.695884610608084,1.0918142795562744,23.644565544294593,0.8564804315566994,0,1,31.231852296911452,1.1076758712530141,0,0,41.27206501367514,2.00572396159172,0,0,Seoul3
4,2023-01-27,-1.804166667,0.0,14.950183818226227,0.8717740178108215,23.644565544294593,0.8564804315566994,0,1,31.231852296911452,1.1076758712530141,0,0,41.27206501367514,2.00572396159172,0,0,Seoul3
4,2023-01-28,-3.854166667,0.0,15.721655777471826,0.8135946393013,23.644565544294593,0.8564804315566994,0,0,31.231852296911452,1.1076758712530141,0,0,41.27206501367514,2.00572396159172,0,0,Seoul3
4,2023-01-29,0.595833333,0.0,12.324113945441509,0.8194084763526917,23.644565544294593,0.8564804315566994,0,0,31.231852296911452,1.1076758712530141,0,0,41.27206501367514,2.00572396159172,0,0,Seoul3
4,2023-01-30,1.654166667,0.0,16.513024057058143,0.872969925403595,23.644565544294593,0.8564804315566994,0,1,31.231852296911452,1.1076758712530141,0,0,41.27206501367514,2.00572396159172,0,0,Seoul3
4,2023-01-31,3.575,0.0,13.629222379942764,0.8561569452285767,23.644565544294593,0.8564804315566994,0,0,31.231852296911452,1.1076758712530141,0,0,41.27206501367514,2.00572396159172,0,0,Seoul3
4,2023-02-01,7.616666667,0.0,23.947327608073117,0.994721531867981,23.644565544294593,0.8564804315566994,1,1,31.231852296911452,1.1076758712530141,0,0,41.27206501367514,2.00572396159172,0,0,Seoul3
4,2023-02-02,2.454166667,0.0,11.81927711858551,0.9902562499046326,23.644565544294593,0.8564804315566994,0,1,31.231852296911452,1.1076758712530141,0,0,41.27206501367514,2.00572396159172,0,0,Seoul3
4,2023-02-03,3.879166667,0.0,14.871417787268106,0.9720449447631836,23.644565544294593,0.8564804315566994,0,1,31.231852296911452,1.1076758712530141,0,0,41.27206501367514,2.00572396159172,0,0,Seoul3
4,2023-02-04,2.2875,0.0,9.490363289024469,0.9064452052116394,23.644565544294593,0.8564804315566994,0,1,31.231852296911452,1.1076758712530141,0,0,41.27206501367514,2.00572396159172,0,0,Seoul3
4,2023-02-05,3.758333333,0.0,15.223268110210675,0.8711891174316406,23.644565544294593,0.8564804315566994,0,1,31.231852296911452,1.1076758712530141,0,0,41.27206501367514,2.00572396159172,0,0,Seoul3
4,2023-02-06,5.6375,0.0,14.901237924333929,0.9087379574775696,23.644565544294593,0.8564804315566994,0,1,31.231852296911452,1.1076758712530141,0,0,41.27206501367514,2.00572396159172,0,0,Seoul3
4,2023-02-07,6.829166667,0.0,9.491609696766435,0.871315598487854,23.644565544294593,0.8564804315566994,0,1,31.231852296911452,1.1076758712530141,0,0,41.27206501367514,2.00572396159172,0,0,Seoul3
4,2023-02-08,6.141666667,0.0,13.476324603303624,0.9484907388687134,23.644565544294593,0.8564804315566994,0,1,31.231852296911452,1.1076758712530141,0,0,41.27206501367514,2.00572396159172,0,0,Seoul3
4,2023-02-09,5.141666667,0.0,12.92209166582861,1.0015534162521362,23.644565544294593,0.8564804315566994,0,1,31.231852296911452,1.1076758712530141,0,0,41.27206501367514,2.00572396159172,0,0,Seoul3
4,2023-02-10,5.170833333,23.3,30.335993142656594,1.0293272733688354,23.644565544294593,0.8564804315566994,1,1,31.231852296911452,1.1076758712530141,0,0,41.27206501367514,2.00572396159172,0,0,Seoul3
4,2023-02-11,5.770833333,0.0,16.947013981955635,1.030458927154541,23.644565544294593,0.8564804315566994,0,1,31.231852296911452,1.1076758712530141,0,0,41.27206501367514,2.00572396159172,0,0,Seoul3
4,2023-02-12,6.479166667,0.0,17.97600954223938,1.0021331310272217,23.644565544294593,0.8564804315566994,0,1,31.231852296911452,1.1076758712530141,0,0,41.27206501367514,2.00572396159172,0,0,Seoul3
4,2023-02-13,6.445833333,1.3,15.509594906799888,0.9118873476982117,23.644565544294593,0.8564804315566994,0,1,31.231852296911452,1.1076758712530141,0,0,41.27206501367514,2.00572396159172,0,0,Seoul3
4,2023-02-14,4.25,0.0,12.599750459843198,0.9773833155632019,23.644565544294593,0.8564804315566994,0,1,31.231852296911452,1.1076758712530141,0,0,41.27206501367514,2.00572396159172,0,0,Seoul3
4,2023-02-15,2.1125,0.4,20.508984919988315,0.9796676635742188,23.644565544294593,0.8564804315566994,0,1,31.231852296911452,1.1076758712530141,0,0,41.27206501367514,2.00572396159172,0,0,Seoul3
4,2023-02-16,4.254166667,0.0,9.744404563782357,1.010862112045288,23.644565544294593,0.8564804315566994,0,1,31.231852296911452,1.1076758712530141,0,0,41.27206501367514,2.00572396159172,0,0,Seoul3
4,2023-02-17,5.383333333,0.0,9.327841105890817,1.018185019493103,23.644565544294593,0.8564804315566994,0,1,31.231852296911452,1.1076758712530141,0,0,41.27206501367514,2.00572396159172,0,0,Seoul3
4,2023-02-18,7.183333333,3.0,14.391630981348056,1.0962388515472412,23.644565544294593,0.8564804315566994,0,1,31.231852296911452,1.1076758712530141,0,0,41.27206501367514,2.00572396159172,0,0,Seoul3
4,2023-02-19,8.595833333,0.0,12.428179372284845,1.10295832157135,23.644565544294593,0.8564804315566994,0,1,31.231852296911452,1.1076758712530141,0,0,41.27206501367514,2.00572396159172,0,0,Seoul3
4,2023-02-20,3.083333333,0.0,8.290365777818756,1.0172654390335083,23.644565544294593,0.8564804315566994,0,1,31.231852296911452,1.1076758712530141,0,0,41.27206501367514,2.00572396159172,0,0,Seoul3
4,2023-02-21,0.729166667,0.0,19.64191579849134,1.057010293006897,23.644565544294593,0.8564804315566994,0,1,31.231852296911452,1.1076758712530141,0,0,41.27206501367514,2.00572396159172,0,0,Seoul3
4,2023-02-22,3.866666667,0.0,18.851658509470198,1.1424520015716553,23.644565544294593,0.8564804315566994,0,1,31.231852296911452,1.1076758712530141,0,1,41.27206501367514,2.00572396159172,0,0,Seoul3
4,2023-02-23,8.104166667,0.0,16.825016318772477,1.1563310623168945,23.644565544294593,0.8564804315566994,0,1,31.231852296911452,1.1076758712530141,0,1,41.27206501367514,2.00572396159172,0,0,Seoul3
4,2023-02-24,7.383333333,0.0,11.351142441798542,1.0020549297332764,23.644565544294593,0.8564804315566994,0,1,31.231852296911452,1.1076758712530141,0,0,41.27206501367514,2.00572396159172,0,0,Seoul3
4,2023-02-25,3.225,0.0,9.07596459358862,0.9007352590560913,23.644565544294593,0.8564804315566994,0,1,31.231852296911452,1.1076758712530141,0,0,41.27206501367514,2.00572396159172,0,0,Seoul3
4,2023-02-26,3.979166667,0.0,10.781835732241221,0.783942699432373,23.644565544294593,0.8564804315566994,0,0,31.231852296911452,1.1076758712530141,0,0,41.27206501367514,2.00572396159172,0,0,Seoul3
4,2023-02-27,6.5,0.0,18.873169873597654,0.7666487097740173,23.644565544294593,0.8564804315566994,0,0,31.231852296911452,1.1076758712530141,0,0,41.27206501367514,2.00572396159172,0,0,Seoul3
4,2023-02-28,9.041666667,0.0,15.585467113315032,0.786749541759491,23.644565544294593,0.8564804315566994,0,0,31.231852296911452,1.1076758712530141,0,0,41.27206501367514,2.00572396159172,0,0,Seoul3
4,2023-03-01,9.491666667,0.0,12.939553748854351,0.6825482249259949,23.644565544294593,0.8564804315566994,0,0,31.231852296911452,1.1076758712530141,0,0,41.27206501367514,2.00572396159172,0,0,Seoul3
4,2023-03-02,4.695833333,0.0,16.95825813931305,0.66176837682724,23.644565544294593,0.8564804315566994,0,0,31.231852296911452,1.1076758712530141,0,0,41.27206501367514,2.00572396159172,0,0,Seoul3
4,2023-03-03,6.5125,0.0,14.089599620395083,0.7129184603691101,23.644565544294593,0.8564804315566994,0,0,31.231852296911452,1.1076758712530141,0,0,41.27206501367514,2.00572396159172,0,0,Seoul3
4,2023-03-04,9.070833333,0.0,16.531735178956676,0.7361697554588318,23.644565544294593,0.8564804315566994,0,0,31.231852296911452,1.1076758712530141,0,0,41.27206501367514,2.00572396159172,0,0,Seoul3
4,2023-03-05,8.416666667,0.0,13.56426327445132,0.7762969732284546,23.644565544294593,0.8564804315566994,0,0,31.231852296911452,1.1076758712530141,0,0,41.27206501367514,2.00572396159172,0,0,Seoul3
4,2023-03-06,11.00833333,0.0,13.624463940866846,0.8171005249023438,23.644565544294593,0.8564804315566994,0,0,31.231852296911452,1.1076758712530141,0,0,41.27206501367514,2.00572396159172,0,0,Seoul3
4,2023-03-07,13.375,0.0,20.29171115888986,0.7875630855560303,23.644565544294593,0.8564804315566994,0,0,31.231852296911452,1.1076758712530141,0,0,41.27206501367514,2.00572396159172,0,0,Seoul3
4,2023-03-08,15.07083333,0.0,18.954860201931133,0.8781116604804993,23.644565544294593,0.8564804315566994,0,1,31.231852296911452,1.1076758712530141,0,0,41.27206501367514,2.00572396159172,0,0,Seoul3
4,2023-03-09,15.42083333,0.0,18.636329733618133,0.8485723733901978,23.644565544294593,0.8564804315566994,0,0,31.231852296911452,1.1076758712530141,0,0,41.27206501367514,2.00572396159172,0,0,Seoul3
4,2023-03-10,13.18333333,0.0,11.300960946900247,0.91672682762146,23.644565544294593,0.8564804315566994,0,1,31.231852296911452,1.1076758712530141,0,0,41.27206501367514,2.00572396159172,0,0,Seoul3
4,2023-03-11,15.4125,0.0,17.59435098313548,0.9024030566215515,23.644565544294593,0.8564804315566994,0,1,31.231852296911452,1.1076758712530141,0,0,41.27206501367514,2.00572396159172,0,0,Seoul3
4,2023-03-12,11.29583333,15.9,32.72619681998694,0.9717951416969299,23.644565544294593,0.8564804315566994,1,1,31.231852296911452,1.1076758712530141,1,0,41.27206501367514,2.00572396159172,0,0,Seoul3
4,2023-03-13,4.3625,0.0,14.794752783383847,0.8774874210357666,23.644565544294593,0.8564804315566994,0,1,31.231852296911452,1.1076758712530141,0,0,41.27206501367514,2.00572396159172,0,0,Seoul3
4,2023-03-14,9.841666667,0.0,16.43770563905508,0.8222206830978394,23.644565544294593,0.8564804315566994,0,0,31.231852296911452,1.1076758712530141,0,0,41.27206501367514,2.00572396159172,0,0,Seoul3
4,2023-03-15,13.875,0.0,15.035090523243959,0.7928882241249084,23.644565544294593,0.8564804315566994,0,0,31.231852296911452,1.1076758712530141,0,0,41.27206501367514,2.00572396159172,0,0,Seoul3
4,2023-03-16,11.2625,0.0,10.64788715114038,0.7194114923477173,23.644565544294593,0.8564804315566994,0,0,31.231852296911452,1.1076758712530141,0,0,41.27206501367514,2.00572396159172,0,0,Seoul3
4,2023-03-17,8.591666667,0.0,15.457347149702953,0.7589882016181946,23.644565544294593,0.8564804315566994,0,0,31.231852296911452,1.1076758712530141,0,0,41.27206501367514,2.00572396159172,0,0,Seoul3
4,2023-03-18,9.6125,0.0,10.338234488834772,0.7312658429145813,23.644565544294593,0.8564804315566994,0,0,31.231852296911452,1.1076758712530141,0,0,41.27206501367514,2.00572396159172,0,0,Seoul3
4,2023-03-19,10.225,0.0,14.195095454749579,0.7255417108535767,23.644565544294593,0.8564804315566994,0,0,31.231852296911452,1.1076758712530141,0,0,41.27206501367514,2.00572396159172,0,0,Seoul3
4,2023-03-20,11.77916667,0.0,14.53796092981367,0.7039164304733276,23.644565544294593,0.8564804315566994,0,0,31.231852296911452,1.1076758712530141,0,0,41.27206501367514,2.00572396159172,0,0,Seoul3
4,2023-03-21,14.17916667,0.0,14.892407245026122,0.6828135848045349,23.644565544294593,0.8564804315566994,0,0,31.231852296911452,1.1076758712530141,0,0,41.27206501367514,2.00572396159172,0,0,Seoul3
4,2023-03-22,15.85416667,0.0,12.186480760991408,0.6423470973968506,23.644565544294593,0.8564804315566994,0,0,31.231852296911452,1.1076758712530141,0,0,41.27206501367514,2.00572396159172,0,0,Seoul3
4,2023-03-23,14.2375,52.4,42.18260746905574,0.8504655361175537,23.644565544294593,0.8564804315566994,1,0,31.231852296911452,1.1076758712530141,1,0,41.27206501367514,2.00572396159172,1,0,Seoul3
4,2023-03-24,11.94166667,0.0,19.9406141982154,0.9190166592597961,23.644565544294593,0.8564804315566994,0,1,31.231852296911452,1.1076758712530141,0,0,41.27206501367514,2.00572396159172,0,0,Seoul3
4,2023-03-25,10.0625,0.0,11.359641181660336,0.8811394572257996,23.644565544294593,0.8564804315566994,0,1,31.231852296911452,1.1076758712530141,0,0,41.27206501367514,2.00572396159172,0,0,Seoul3
4,2023-03-26,10.63333333,0.0,16.224330140772878,0.8525487780570984,23.644565544294593,0.8564804315566994,0,0,31.231852296911452,1.1076758712530141,0,0,41.27206501367514,2.00572396159172,0,0,Seoul3
4,2023-03-27,9.754166667,0.0,15.215152040889347,0.856391429901123,23.644565544294593,0.8564804315566994,0,0,31.231852296911452,1.1076758712530141,0,0,41.27206501367514,2.00572396159172,0,0,Seoul3
4,2023-03-28,11.29583333,0.0,23.116093124602457,0.8870618939399719,23.644565544294593,0.8564804315566994,0,1,31.231852296911452,1.1076758712530141,0,0,41.27206501367514,2.00572396159172,0,0,Seoul3
4,2023-03-29,12.0875,0.0,11.379279984802334,0.878911554813385,23.644565544294593,0.8564804315566994,0,1,31.231852296911452,1.1076758712530141,0,0,41.27206501367514,2.00572396159172,0,0,Seoul3
5,2023-03-30,14.22083333,0.0,16.578925495307587,0.7645478248596191,23.885973463832094,0.806170281767845,0,0,31.68839404109806,1.0483825564384461,0,0,43.55110466595892,1.8219145667552947,0,0,Seoul3
5,2023-03-31,16.08333333,0.0,11.690928834691585,0.772896409034729,23.885973463832094,0.806170281767845,0,0,31.68839404109806,1.0483825564384461,0,0,43.55110466595892,1.8219145667552947,0,0,Seoul3
5,2023-04-01,13.55416667,0.0,10.734758445899992,0.8042018413543701,23.885973463832094,0.806170281767845,0,0,31.68839404109806,1.0483825564384461,0,0,43.55110466595892,1.8219145667552947,0,0,Seoul3
5,2023-04-02,13.54166667,0.0,9.071698554022117,0.8583078980445862,23.885973463832094,0.806170281767845,0,1,31.68839404109806,1.0483825564384461,0,0,43.55110466595892,1.8219145667552947,0,0,Seoul3
5,2023-04-03,13.05833333,0.0,11.316187262133377,0.9107217192649841,23.885973463832094,0.806170281767845,0,1,31.68839404109806,1.0483825564384461,0,0,43.55110466595892,1.8219145667552947,0,0,Seoul3
5,2023-04-04,14.14583333,0.3,23.05946842927462,0.9906865358352661,23.885973463832094,0.806170281767845,0,1,31.68839404109806,1.0483825564384461,0,0,43.55110466595892,1.8219145667552947,0,0,Seoul3
5,2023-04-05,14.82916667,22.9,31.373795914962383,1.087685465812683,23.885973463832094,0.806170281767845,1,1,31.68839404109806,1.0483825564384461,0,1,43.55110466595892,1.8219145667552947,0,0,Seoul3
5,2023-04-06,14.96666667,0.0,13.89515341863099,0.8282256722450256,23.885973463832094,0.806170281767845,0,1,31.68839404109806,1.0483825564384461,0,0,43.55110466595892,1.8219145667552947,0,0,Seoul3
5,2023-04-07,12.89583333,7.2,19.39972742969284,0.8663424849510193,23.885973463832094,0.806170281767845,0,1,31.68839404109806,1.0483825564384461,0,0,43.55110466595892,1.8219145667552947,0,0,Seoul3
5,2023-04-08,10.53333333,0.0,13.988477877138195,0.9004631042480469,23.885973463832094,0.806170281767845,0,1,31.68839404109806,1.0483825564384461,0,0,43.55110466595892,1.8219145667552947,0,0,Seoul3
5,2023-04-09,12.96666667,0.0,15.003284421887068,0.8699061870574951,23.885973463832094,0.806170281767845,0,1,31.68839404109806,1.0483825564384461,0,0,43.55110466595892,1.8219145667552947,0,0,Seoul3
5,2023-04-10,14.25,0.0,16.981452420235634,0.832876980304718,23.885973463832094,0.806170281767845,0,1,31.68839404109806,1.0483825564384461,0,0,43.55110466595892,1.8219145667552947,0,0,Seoul3
5,2023-04-11,17.77916667,0.0,20.812682637491825,0.8049662113189697,23.885973463832094,0.806170281767845,0,0,31.68839404109806,1.0483825564384461,0,0,43.55110466595892,1.8219145667552947,0,0,Seoul3
5,2023-04-12,14.525,0.0,11.482295629682204,0.7859722971916199,23.885973463832094,0.806170281767845,0,0,31.68839404109806,1.0483825564384461,0,0,43.55110466595892,1.8219145667552947,0,0,Seoul3
5,2023-04-13,14.6125,0.0,23.596936989067398,0.7343956828117371,23.885973463832094,0.806170281767845,0,0,31.68839404109806,1.0483825564384461,0,0,43.55110466595892,1.8219145667552947,0,0,Seoul3
5,2023-04-14,14.63333333,0.5,11.864989469784613,0.7144635319709778,23.885973463832094,0.806170281767845,0,0,31.68839404109806,1.0483825564384461,0,0,43.55110466595892,1.8219145667552947,0,0,Seoul3
5,2023-04-15,12.2875,5.4,17.267244128721508,0.7705876231193542,23.885973463832094,0.806170281767845,0,0,31.68839404109806,1.0483825564384461,0,0,43.55110466595892,1.8219145667552947,0,0,Seoul3
5,2023-04-16,10.01666667,5.8,20.43501050050541,0.7603599429130554,23.885973463832094,0.806170281767845,0,0,31.68839404109806,1.0483825564384461,0,0,43.55110466595892,1.8219145667552947,0,0,Seoul3
5,2023-04-17,12.35,0.0,15.160715605215495,0.7900189757347107,23.885973463832094,0.806170281767845,0,0,31.68839404109806,1.0483825564384461,0,0,43.55110466595892,1.8219145667552947,0,0,Seoul3
5,2023-04-18,16.07083333,2.4,20.57181089718497,0.755871593952179,23.885973463832094,0.806170281767845,0,0,31.68839404109806,1.0483825564384461,0,0,43.55110466595892,1.8219145667552947,0,0,Seoul3
5,2023-04-19,17.05833333,0.0,15.784505963127096,0.7417839169502258,23.885973463832094,0.806170281767845,0,0,31.68839404109806,1.0483825564384461,0,0,43.55110466595892,1.8219145667552947,0,0,Seoul3
5,2023-04-20,19.34166667,0.0,16.108804964793293,0.667702853679657,23.885973463832094,0.806170281767845,0,0,31.68839404109806,1.0483825564384461,0,0,43.55110466595892,1.8219145667552947,0,0,Seoul3
5,2023-04-21,15.72083333,0.0,10.024377480579505,0.6525870561599731,23.885973463832094,0.806170281767845,0,0,31.68839404109806,1.0483825564384461,0,0,43.55110466595892,1.8219145667552947,0,0,Seoul3
5,2023-04-22,13.0875,0.0,20.93486046477636,0.6689051985740662,23.885973463832094,0.806170281767845,0,0,31.68839404109806,1.0483825564384461,0,0,43.55110466595892,1.8219145667552947,0,0,Seoul3
5,2023-04-23,12.2125,0.0,16.05916915970539,0.6638430953025818,23.885973463832094,0.806170281767845,0,0,31.68839404109806,1.0483825564384461,0,0,43.55110466595892,1.8219145667552947,0,0,Seoul3
5,2023-04-24,12.34583333,0.0,16.238428783898826,0.7345222234725952,23.885973463832094,0.806170281767845,0,0,31.68839404109806,1.0483825564384461,0,0,43.55110466595892,1.8219145667552947,0,0,Seoul3
5,2023-04-25,9.7875,9.7,26.98389563924246,0.7339096069335938,23.885973463832094,0.806170281767845,1,0,31.68839404109806,1.0483825564384461,0,0,43.55110466595892,1.8219145667552947,0,0,Seoul3
5,2023-04-26,13.1625,0.0,13.1416743548941,0.6676255464553833,23.885973463832094,0.806170281767845,0,0,31.68839404109806,1.0483825564384461,0,0,43.55110466595892,1.8219145667552947,0,0,Seoul3
5,2023-04-27,13.70833333,0.0,13.529190196672348,0.6701098084449768,23.885973463832094,0.806170281767845,0,0,31.68839404109806,1.0483825564384461,0,0,43.55110466595892,1.8219145667552947,0,0,Seoul3
5,2023-04-28,16.325,0.0,18.3734594804017,0.7169925570487976,23.885973463832094,0.806170281767845,0,0,31.68839404109806,1.0483825564384461,0,0,43.55110466595892,1.8219145667552947,0,0,Seoul3
5,2023-04-29,17.00416667,3.5,20.89594297781852,0.7308343052864075,23.885973463832094,0.806170281767845,0,0,31.68839404109806,1.0483825564384461,0,0,43.55110466595892,1.8219145667552947,0,0,Seoul3
5,2023-04-30,15.7375,0.0,14.088149462049941,0.7714450359344482,23.885973463832094,0.806170281767845,0,0,31.68839404109806,1.0483825564384461,0,0,43.55110466595892,1.8219145667552947,0,0,Seoul3
5,2023-05-01,16.0625,0.0,14.738860484129477,0.8079706430435181,23.885973463832094,0.806170281767845,0,1,31.68839404109806,1.0483825564384461,0,0,43.55110466595892,1.8219145667552947,0,0,Seoul3
5,2023-05-02,15.3375,0.0,15.174401538959327,0.7931095957756042,23.885973463832094,0.806170281767845,0,0,31.68839404109806,1.0483825564384461,0,0,43.55110466595892,1.8219145667552947,0,0,Seoul3
5,2023-05-03,16.76666667,0.0,13.994036604445656,0.7336484789848328,23.885973463832094,0.806170281767845,0,0,31.68839404109806,1.0483825564384461,0,0,43.55110466595892,1.8219145667552947,0,0,Seoul3
5,2023-05-04,18.07083333,1.0,15.881122193706284,0.7678007483482361,23.885973463832094,0.806170281767845,0,0,31.68839404109806,1.0483825564384461,0,0,43.55110466595892,1.8219145667552947,0,0,Seoul3
5,2023-05-05,17.9625,37.0,40.93558651200077,0.8010322451591492,23.885973463832094,0.806170281767845,1,0,31.68839404109806,1.0483825564384461,1,0,43.55110466595892,1.8219145667552947,0,0,Seoul3
5,2023-05-06,13.71666667,63.6,49.838797379841225,0.9410309791564941,23.885973463832094,0.806170281767845,1,1,31.68839404109806,1.0483825564384461,1,0,43.55110466595892,1.8219145667552947,1,0,Seoul3
5,2023-05-07,11.74583333,3.2,11.918841331350313,0.9650583863258362,23.885973463832094,0.806170281767845,0,1,31.68839404109806,1.0483825564384461,0,0,43.55110466595892,1.8219145667552947,0,0,Seoul3
5,2023-05-08,13.47916667,0.0,8.951807925590582,0.9230238795280457,23.885973463832094,0.806170281767845,0,1,31.68839404109806,1.0483825564384461,0,0,43.55110466595892,1.8219145667552947,0,0,Seoul3
5,2023-05-09,15.94166667,0.0,18.930752919789125,0.94692462682724,23.885973463832094,0.806170281767845,0,1,31.68839404109806,1.0483825564384461,0,0,43.55110466595892,1.8219145667552947,0,0,Seoul3
5,2023-05-10,18.25833333,0.0,10.84473921349081,0.9327408075332642,23.885973463832094,0.806170281767845,0,1,31.68839404109806,1.0483825564384461,0,0,43.55110466595892,1.8219145667552947,0,0,Seoul3
5,2023-05-11,15.59166667,0.0,7.403224437938599,0.9227697253227234,23.885973463832094,0.806170281767845,0,1,31.68839404109806,1.0483825564384461,0,0,43.55110466595892,1.8219145667552947,0,0,Seoul3
5,2023-05-12,17.0,0.0,11.302926120405537,0.9442971348762512,23.885973463832094,0.806170281767845,0,1,31.68839404109806,1.0483825564384461,0,0,43.55110466595892,1.8219145667552947,0,0,Seoul3
5,2023-05-13,14.93333333,2.7,10.856211032004055,0.8765523433685303,23.885973463832094,0.806170281767845,0,1,31.68839404109806,1.0483825564384461,0,0,43.55110466595892,1.8219145667552947,0,0,Seoul3
5,2023-05-14,17.27083333,0.0,8.793923067536316,0.9070580005645752,23.885973463832094,0.806170281767845,0,1,31.68839404109806,1.0483825564384461,0,0,43.55110466595892,1.8219145667552947,0,0,Seoul3
5,2023-05-15,19.31666667,0.0,7.741085901563853,0.8955965638160706,23.885973463832094,0.806170281767845,0,1,31.68839404109806,1.0483825564384461,0,0,43.55110466595892,1.8219145667552947,0,0,Seoul3
5,2023-05-16,22.26666667,0.0,10.196985827028767,0.8905579447746277,23.885973463832094,0.806170281767845,0,1,31.68839404109806,1.0483825564384461,0,0,43.55110466595892,1.8219145667552947,0,0,Seoul3
5,2023-05-17,23.68333333,0.0,12.430386742241975,1.0011152029037476,23.885973463832094,0.806170281767845,0,1,31.68839404109806,1.0483825564384461,0,0,43.55110466595892,1.8219145667552947,0,0,Seoul3
5,2023-05-18,18.05,11.7,19.1953310259462,1.047384262084961,23.885973463832094,0.806170281767845,0,1,31.68839404109806,1.0483825564384461,0,0,43.55110466595892,1.8219145667552947,0,0,Seoul3
5,2023-05-19,16.7625,13.2,17.28092520823925,0.8922740817070007,23.885973463832094,0.806170281767845,0,1,31.68839404109806,1.0483825564384461,0,0,43.55110466595892,1.8219145667552947,0,0,Seoul3
5,2023-05-20,17.72083333,0.0,9.025431950405823,0.5760880708694458,23.885973463832094,0.806170281767845,0,0,31.68839404109806,1.0483825564384461,0,0,43.55110466595892,1.8219145667552947,0,0,Seoul3
5,2023-05-21,21.1375,0.0,10.6910869613537,0.5841876864433289,23.885973463832094,0.806170281767845,0,0,31.68839404109806,1.0483825564384461,0,0,43.55110466595892,1.8219145667552947,0,0,Seoul3
5,2023-05-22,17.075,0.0,10.161528487436946,0.6380804181098938,23.885973463832094,0.806170281767845,0,0,31.68839404109806,1.0483825564384461,0,0,43.55110466595892,1.8219145667552947,0,0,Seoul3
5,2023-05-23,17.25416667,0.0,9.072739622713513,0.6531107425689697,23.885973463832094,0.806170281767845,0,0,31.68839404109806,1.0483825564384461,0,0,43.55110466595892,1.8219145667552947,0,0,Seoul3
5,2023-05-24,17.17916667,0.0,9.742819510345615,0.570468008518219,23.885973463832094,0.806170281767845,0,0,31.68839404109806,1.0483825564384461,0,0,43.55110466595892,1.8219145667552947,0,0,Seoul3
5,2023-05-25,17.8,0.0,7.892155118581101,0.6754155158996582,23.885973463832094,0.806170281767845,0,0,31.68839404109806,1.0483825564384461,0,0,43.55110466595892,1.8219145667552947,0,0,Seoul3
5,2023-05-26,19.7625,0.0,7.533739529695246,0.5981386303901672,23.885973463832094,0.806170281767845,0,0,31.68839404109806,1.0483825564384461,0,0,43.55110466595892,1.8219145667552947,0,0,Seoul3
5,2023-05-27,21.74583333,0.0,6.9136320046141355,0.5724100470542908,23.885973463832094,0.806170281767845,0,0,31.68839404109806,1.0483825564384461,0,0,43.55110466595892,1.8219145667552947,0,0,Seoul3
5,2023-05-28,21.59583333,2.4,9.785416189693098,0.5240768790245056,23.885973463832094,0.806170281767845,0,0,31.68839404109806,1.0483825564384461,0,0,43.55110466595892,1.8219145667552947,0,0,Seoul3
5,2023-05-29,20.25,59.0,74.70636030096712,0.683049738407135,23.885973463832094,0.806170281767845,1,0,31.68839404109806,1.0483825564384461,1,0,43.55110466595892,1.8219145667552947,1,0,Seoul3
5,2023-05-30,18.24583333,1.4,8.747703665018443,0.7000628709793091,23.885973463832094,0.806170281767845,0,0,31.68839404109806,1.0483825564384461,0,0,43.55110466595892,1.8219145667552947,0,0,Seoul3
5,2023-05-31,18.5375,0.0,10.423082953182805,0.6403031349182129,23.885973463832094,0.806170281767845,0,0,31.68839404109806,1.0483825564384461,0,0,43.55110466595892,1.8219145667552947,0,0,Seoul3
5,2023-06-01,16.1625,18.0,21.815446495467217,0.7386278510093689,23.885973463832094,0.806170281767845,0,0,31.68839404109806,1.0483825564384461,0,0,43.55110466595892,1.8219145667552947,0,0,Seoul3
5,2023-06-02,21.75,12.0,20.100985483968504,0.7653496265411377,23.885973463832094,0.806170281767845,0,0,31.68839404109806,1.0483825564384461,0,0,43.55110466595892,1.8219145667552947,0,0,Seoul3
5,2023-06-03,20.52083333,0.0,8.103304294439162,0.6952955722808838,23.885973463832094,0.806170281767845,0,0,31.68839404109806,1.0483825564384461,0,0,43.55110466595892,1.8219145667552947,0,0,Seoul3
5,2023-06-04,22.225,0.0,9.806233237914192,0.5699544548988342,23.885973463832094,0.806170281767845,0,0,31.68839404109806,1.0483825564384461,0,0,43.55110466595892,1.8219145667552947,0,0,Seoul3
5,2023-06-05,22.9125,0.0,8.018905583533758,0.5864599943161011,23.885973463832094,0.806170281767845,0,0,31.68839404109806,1.0483825564384461,0,0,43.55110466595892,1.8219145667552947,0,0,Seoul3
5,2023-06-06,20.9,0.0,7.7362179995014655,0.6091448664665222,23.885973463832094,0.806170281767845,0,0,31.68839404109806,1.0483825564384461,0,0,43.55110466595892,1.8219145667552947,0,0,Seoul3
5,2023-06-07,22.44166667,0.0,10.666293049245681,0.647556722164154,23.885973463832094,0.806170281767845,0,0,31.68839404109806,1.0483825564384461,0,0,43.55110466595892,1.8219145667552947,0,0,Seoul3
5,2023-06-08,21.49583333,0.0,9.69948253329164,0.7312028408050537,23.885973463832094,0.806170281767845,0,0,31.68839404109806,1.0483825564384461,0,0,43.55110466595892,1.8219145667552947,0,0,Seoul3
5,2023-06-09,21.80416667,0.0,16.167299475029438,0.7914120554924011,23.885973463832094,0.806170281767845,0,0,31.68839404109806,1.0483825564384461,0,0,43.55110466595892,1.8219145667552947,0,0,Seoul3
5,2023-06-10,22.1125,0.0,10.910659808821073,0.7464981079101562,23.885973463832094,0.806170281767845,0,0,31.68839404109806,1.0483825564384461,0,0,43.55110466595892,1.8219145667552947,0,0,Seoul3
5,2023-06-11,21.975,0.0,9.160822995564605,0.725294291973114,23.885973463832094,0.806170281767845,0,0,31.68839404109806,1.0483825564384461,0,0,43.55110466595892,1.8219145667552947,0,0,Seoul3
5,2023-06-12,21.66666667,0.1,11.008344328993763,0.559109628200531,23.885973463832094,0.806170281767845,0,0,31.68839404109806,1.0483825564384461,0,0,43.55110466595892,1.8219145667552947,0,0,Seoul3
5,2023-06-13,22.34583333,0.0,7.688973170786167,0.5529683232307434,23.885973463832094,0.806170281767845,0,0,31.68839404109806,1.0483825564384461,0,0,43.55110466595892,1.8219145667552947,0,0,Seoul3
5,2023-06-14,20.7375,3.6,17.037554812596472,0.5514234304428101,23.885973463832094,0.806170281767845,0,0,31.68839404109806,1.0483825564384461,0,0,43.55110466595892,1.8219145667552947,0,0,Seoul3
5,2023-06-15,19.42083333,2.4,15.66411218935373,0.5512992143630981,23.885973463832094,0.806170281767845,0,0,31.68839404109806,1.0483825564384461,0,0,43.55110466595892,1.8219145667552947,0,0,Seoul3
5,2023-06-16,23.20416667,0.0,11.783041901969519,0.5042563080787659,23.885973463832094,0.806170281767845,0,0,31.68839404109806,1.0483825564384461,0,0,43.55110466595892,1.8219145667552947,0,0,Seoul3
5,2023-06-17,25.10833333,0.0,9.48617976593249,0.4984668791294098,23.885973463832094,0.806170281767845,0,0,31.68839404109806,1.0483825564384461,0,0,43.55110466595892,1.8219145667552947,0,0,Seoul3
5,2023-06-18,25.70416667,0.0,9.102814401157623,0.5004875063896179,23.885973463832094,0.806170281767845,0,0,31.68839404109806,1.0483825564384461,0,0,43.55110466595892,1.8219145667552947,0,0,Seoul3
5,2023-06-19,23.09166667,0.0,9.972654297925695,0.5331849455833435,23.885973463832094,0.806170281767845,0,0,31.68839404109806,1.0483825564384461,0,0,43.55110466595892,1.8219145667552947,0,0,Seoul3
5,2023-06-20,21.37916667,0.0,9.248585437626248,0.5602102875709534,23.885973463832094,0.806170281767845,0,0,31.68839404109806,1.0483825564384461,0,0,43.55110466595892,1.8219145667552947,0,0,Seoul3
5,2023-06-21,20.8125,14.5,19.722023803181916,0.670578122138977,23.885973463832094,0.806170281767845,0,0,31.68839404109806,1.0483825564384461,0,0,43.55110466595892,1.8219145667552947,0,0,Seoul3
5,2023-06-22,22.36666667,0.0,7.848876693372411,0.6951515674591064,23.885973463832094,0.806170281767845,0,0,31.68839404109806,1.0483825564384461,0,0,43.55110466595892,1.8219145667552947,0,0,Seoul3
5,2023-06-23,22.49166667,0.0,11.748642945948815,0.7120591402053833,23.885973463832094,0.806170281767845,0,0,31.68839404109806,1.0483825564384461,0,0,43.55110466595892,1.8219145667552947,0,0,Seoul3
5,2023-06-24,21.35,0.0,8.598903551185757,0.7361184358596802,23.885973463832094,0.806170281767845,0,0,31.68839404109806,1.0483825564384461,0,0,43.55110466595892,1.8219145667552947,0,0,Seoul3
5,2023-06-25,22.05,15.0,18.150994284944584,0.8090716004371643,23.885973463832094,0.806170281767845,0,1,31.68839404109806,1.0483825564384461,0,0,43.55110466595892,1.8219145667552947,0,0,Seoul3
5,2023-06-26,23.61666667,23.6,28.518618011465687,0.9053483605384827,23.885973463832094,0.806170281767845,1,1,31.68839404109806,1.0483825564384461,0,0,43.55110466595892,1.8219145667552947,0,0,Seoul3
5,2023-06-27,26.675,3.0,13.40085243522407,0.8787022829055786,23.885973463832094,0.806170281767845,0,1,31.68839404109806,1.0483825564384461,0,0,43.55110466595892,1.8219145667552947,0,0,Seoul3
6,2023-06-28,23.36666667,18.3,26.18245875666013,0.4158655107021332,23.079242461490804,0.7255014151334761,1,0,31.17093479771753,1.0313932090997697,0,0,43.26947201454254,2.0024524641037,0,0,Seoul3
6,2023-06-29,25.35833333,13.6,23.156301146684537,0.43876194953918457,23.079242461490804,0.7255014151334761,1,0,31.17093479771753,1.0313932090997697,0,0,43.26947201454254,2.0024524641037,0,0,Seoul3
6,2023-06-30,23.325,17.3,26.80544864564379,0.6120447516441345,23.079242461490804,0.7255014151334761,1,0,31.17093479771753,1.0313932090997697,0,0,43.26947201454254,2.0024524641037,0,0,Seoul3
6,2023-07-01,23.1125,0.0,9.055663926842264,0.7177278995513916,23.079242461490804,0.7255014151334761,0,0,31.17093479771753,1.0313932090997697,0,0,43.26947201454254,2.0024524641037,0,0,Seoul3
6,2023-07-02,25.41666667,0.0,10.73947411873914,0.8085129261016846,23.079242461490804,0.7255014151334761,0,1,31.17093479771753,1.0313932090997697,0,0,43.26947201454254,2.0024524641037,0,0,Seoul3
6,2023-07-03,24.77916667,0.0,8.100403648279428,0.8798544406890869,23.079242461490804,0.7255014151334761,0,1,31.17093479771753,1.0313932090997697,0,0,43.26947201454254,2.0024524641037,0,0,Seoul3
6,2023-07-04,24.025,0.3,8.326823937894602,0.8572978973388672,23.079242461490804,0.7255014151334761,0,1,31.17093479771753,1.0313932090997697,0,0,43.26947201454254,2.0024524641037,0,0,Seoul3
6,2023-07-05,27.28333333,14.3,19.345937808255993,0.8229914903640747,23.079242461490804,0.7255014151334761,0,1,31.17093479771753,1.0313932090997697,0,0,43.26947201454254,2.0024524641037,0,0,Seoul3
6,2023-07-06,26.84583333,0.0,15.473190055924533,0.9181478023529053,23.079242461490804,0.7255014151334761,0,1,31.17093479771753,1.0313932090997697,0,0,43.26947201454254,2.0024524641037,0,0,Seoul3
6,2023-07-07,21.95,43.6,26.99952859077583,0.9312816858291626,23.079242461490804,0.7255014151334761,1,1,31.17093479771753,1.0313932090997697,0,0,43.26947201454254,2.0024524641037,0,0,Seoul3
6,2023-07-08,21.55833333,5.9,11.406115759752751,0.911798894405365,23.079242461490804,0.7255014151334761,0,1,31.17093479771753,1.0313932090997697,0,0,43.26947201454254,2.0024524641037,0,0,Seoul3
6,2023-07-09,24.44166667,0.0,6.850216867839003,0.9917749762535095,23.079242461490804,0.7255014151334761,0,1,31.17093479771753,1.0313932090997697,0,0,43.26947201454254,2.0024524641037,0,0,Seoul3
6,2023-07-10,26.3625,0.0,6.772141265270093,0.8907361030578613,23.079242461490804,0.7255014151334761,0,1,31.17093479771753,1.0313932090997697,0,0,43.26947201454254,2.0024524641037,0,0,Seoul3
6,2023-07-11,24.43333333,24.9,18.928702910990747,0.9792765378952026,23.079242461490804,0.7255014151334761,0,1,31.17093479771753,1.0313932090997697,0,0,43.26947201454254,2.0024524641037,0,0,Seoul3
6,2023-07-12,26.3,2.7,9.636452466726372,0.9128588438034058,23.079242461490804,0.7255014151334761,0,1,31.17093479771753,1.0313932090997697,0,0,43.26947201454254,2.0024524641037,0,0,Seoul3
6,2023-07-13,25.7875,1.2,8.680268268542154,0.8704015612602234,23.079242461490804,0.7255014151334761,0,1,31.17093479771753,1.0313932090997697,0,0,43.26947201454254,2.0024524641037,0,0,Seoul3
6,2023-07-14,25.94166667,13.6,14.211667464792965,0.7123146653175354,23.079242461490804,0.7255014151334761,0,0,31.17093479771753,1.0313932090997697,0,0,43.26947201454254,2.0024524641037,0,0,Seoul3
6,2023-07-15,27.3875,1.6,11.172960180968886,0.6770085692405701,23.079242461490804,0.7255014151334761,0,0,31.17093479771753,1.0313932090997697,0,0,43.26947201454254,2.0024524641037,0,0,Seoul3
6,2023-07-16,24.21666667,53.1,34.476952906285646,0.7678847908973694,23.079242461490804,0.7255014151334761,1,1,31.17093479771753,1.0313932090997697,1,0,43.26947201454254,2.0024524641037,0,0,Seoul3
6,2023-07-17,27.02083333,14.0,22.334840977524813,0.7924299836158752,23.079242461490804,0.7255014151334761,0,1,31.17093479771753,1.0313932090997697,0,0,43.26947201454254,2.0024524641037,0,0,Seoul3
6,2023-07-18,24.68333333,85.2,50.12069905488917,1.0440216064453125,23.079242461490804,0.7255014151334761,1,1,31.17093479771753,1.0313932090997697,1,1,43.26947201454254,2.0024524641037,1,0,Seoul3
6,2023-07-19,23.7375,1.5,13.127398463433389,1.064532995223999,23.079242461490804,0.7255014151334761,0,1,31.17093479771753,1.0313932090997697,0,1,43.26947201454254,2.0024524641037,0,0,Seoul3
6,2023-07-20,24.4,0.0,8.299534778224817,1.0059927701950073,23.079242461490804,0.7255014151334761,0,1,31.17093479771753,1.0313932090997697,0,0,43.26947201454254,2.0024524641037,0,0,Seoul3
6,2023-07-21,24.44583333,0.0,8.274050319576837,0.8748257756233215,23.079242461490804,0.7255014151334761,0,1,31.17093479771753,1.0313932090997697,0,0,43.26947201454254,2.0024524641037,0,0,Seoul3
6,2023-07-22,24.4375,0.0,9.068415863779869,0.8917386531829834,23.079242461490804,0.7255014151334761,0,1,31.17093479771753,1.0313932090997697,0,0,43.26947201454254,2.0024524641037,0,0,Seoul3
6,2023-07-23,26.85,0.0,10.693108704604109,0.9497758150100708,23.079242461490804,0.7255014151334761,0,1,31.17093479771753,1.0313932090997697,0,0,43.26947201454254,2.0024524641037,0,0,Seoul3
6,2023-07-24,26.88333333,2.7,17.206761681505576,1.1142234802246094,23.079242461490804,0.7255014151334761,0,1,31.17093479771753,1.0313932090997697,0,1,43.26947201454254,2.0024524641037,0,0,Seoul3
6,2023-07-25,27.3375,0.0,9.760455497088449,1.1521791219711304,23.079242461490804,0.7255014151334761,0,1,31.17093479771753,1.0313932090997697,0,1,43.26947201454254,2.0024524641037,0,0,Seoul3
6,2023-07-26,27.2625,2.3,14.484274823712232,1.344613790512085,23.079242461490804,0.7255014151334761,0,1,31.17093479771753,1.0313932090997697,0,1,43.26947201454254,2.0024524641037,0,0,Seoul3
6,2023-07-27,27.94166667,0.0,10.552024067792532,1.4459539651870728,23.079242461490804,0.7255014151334761,0,1,31.17093479771753,1.0313932090997697,0,1,43.26947201454254,2.0024524641037,0,0,Seoul3
6,2023-07-28,28.72916667,0.0,11.26922536016793,1.566713571548462,23.079242461490804,0.7255014151334761,0,1,31.17093479771753,1.0313932090997697,0,1,43.26947201454254,2.0024524641037,0,0,Seoul3
6,2023-07-29,28.60416667,0.0,14.078554400573374,1.6536825895309448,23.079242461490804,0.7255014151334761,0,1,31.17093479771753,1.0313932090997697,0,1,43.26947201454254,2.0024524641037,0,0,Seoul3
6,2023-07-30,28.39583333,0.0,11.295076519955716,1.4786186218261719,23.079242461490804,0.7255014151334761,0,1,31.17093479771753,1.0313932090997697,0,1,43.26947201454254,2.0024524641037,0,0,Seoul3
6,2023-07-31,28.09583333,0.0,19.99376252486893,1.342286229133606,23.079242461490804,0.7255014151334761,0,1,31.17093479771753,1.0313932090997697,0,1,43.26947201454254,2.0024524641037,0,0,Seoul3
6,2023-08-01,28.25,0.0,20.037845769617253,0.6307461857795715,23.079242461490804,0.7255014151334761,0,0,31.17093479771753,1.0313932090997697,0,0,43.26947201454254,2.0024524641037,0,0,Seoul3
6,2023-08-02,28.25833333,0.0,17.054698000503684,0.6537684798240662,23.079242461490804,0.7255014151334761,0,0,31.17093479771753,1.0313932090997697,0,0,43.26947201454254,2.0024524641037,0,0,Seoul3
6,2023-08-03,29.04166667,0.0,16.97880052516794,0.7265220284461975,23.079242461490804,0.7255014151334761,0,1,31.17093479771753,1.0313932090997697,0,0,43.26947201454254,2.0024524641037,0,0,Seoul3
6,2023-08-04,28.85416667,0.0,14.048130616406853,0.7772043943405151,23.079242461490804,0.7255014151334761,0,1,31.17093479771753,1.0313932090997697,0,0,43.26947201454254,2.0024524641037,0,0,Seoul3
6,2023-08-05,29.12916667,0.0,19.776548993315952,0.8470955491065979,23.079242461490804,0.7255014151334761,0,1,31.17093479771753,1.0313932090997697,0,0,43.26947201454254,2.0024524641037,0,0,Seoul3
6,2023-08-06,29.14583333,0.0,15.255238055978117,0.9018035531044006,23.079242461490804,0.7255014151334761,0,1,31.17093479771753,1.0313932090997697,0,0,43.26947201454254,2.0024524641037,0,0,Seoul3
6,2023-08-07,27.70833333,0.0,20.26722282868441,0.9035722017288208,23.079242461490804,0.7255014151334761,0,1,31.17093479771753,1.0313932090997697,0,0,43.26947201454254,2.0024524641037,0,0,Seoul3
6,2023-08-08,26.31666667,0.0,18.4782103113374,0.9196516275405884,23.079242461490804,0.7255014151334761,0,1,31.17093479771753,1.0313932090997697,0,0,43.26947201454254,2.0024524641037,0,0,Seoul3
6,2023-08-09,24.05416667,31.1,28.211808050399984,0.891553521156311,23.079242461490804,0.7255014151334761,1,1,31.17093479771753,1.0313932090997697,0,0,43.26947201454254,2.0024524641037,0,0,Seoul3
6,2023-08-10,25.01666667,151.9,63.88229558782169,1.8924567699432373,23.079242461490804,0.7255014151334761,1,1,31.17093479771753,1.0313932090997697,1,1,43.26947201454254,2.0024524641037,1,0,Seoul3
6,2023-08-11,26.77083333,0.0,13.266735468321153,1.9991142749786377,23.079242461490804,0.7255014151334761,0,1,31.17093479771753,1.0313932090997697,0,1,43.26947201454254,2.0024524641037,0,0,Seoul3
6,2023-08-12,26.09583333,0.0,12.644940880669264,2.006863832473755,23.079242461490804,0.7255014151334761,0,1,31.17093479771753,1.0313932090997697,0,1,43.26947201454254,2.0024524641037,0,1,Seoul3
6,2023-08-13,25.54166667,0.0,9.921680261435274,1.988067388534546,23.079242461490804,0.7255014151334761,0,1,31.17093479771753,1.0313932090997697,0,1,43.26947201454254,2.0024524641037,0,0,Seoul3
6,2023-08-14,26.075,0.0,9.97967658087237,1.9817991256713867,23.079242461490804,0.7255014151334761,0,1,31.17093479771753,1.0313932090997697,0,1,43.26947201454254,2.0024524641037,0,0,Seoul3
6,2023-08-15,25.61666667,0.0,12.938802216269435,1.9635077714920044,23.079242461490804,0.7255014151334761,0,1,31.17093479771753,1.0313932090997697,0,1,43.26947201454254,2.0024524641037,0,0,Seoul3
6,2023-08-16,24.89166667,0.0,13.062960347785761,1.9489258527755737,23.079242461490804,0.7255014151334761,0,1,31.17093479771753,1.0313932090997697,0,1,43.26947201454254,2.0024524641037,0,0,Seoul3
6,2023-08-17,24.6125,0.0,16.494576250677177,1.9422333240509033,23.079242461490804,0.7255014151334761,0,1,31.17093479771753,1.0313932090997697,0,1,43.26947201454254,2.0024524641037,0,0,Seoul3
6,2023-08-18,24.54583333,24.3,29.467713407263318,2.016603708267212,23.079242461490804,0.7255014151334761,1,1,31.17093479771753,1.0313932090997697,0,1,43.26947201454254,2.0024524641037,0,1,Seoul3
6,2023-08-19,25.87916667,46.0,42.04326354894052,2.1525959968566895,23.079242461490804,0.7255014151334761,1,1,31.17093479771753,1.0313932090997697,1,1,43.26947201454254,2.0024524641037,0,1,Seoul3
6,2023-08-20,27.24166667,1.8,16.55535369697008,2.2648510932922363,23.079242461490804,0.7255014151334761,0,1,31.17093479771753,1.0313932090997697,0,1,43.26947201454254,2.0024524641037,0,1,Seoul3
6,2023-08-21,27.9,0.0,12.218442336882655,2.3579318523406982,23.079242461490804,0.7255014151334761,0,1,31.17093479771753,1.0313932090997697,0,1,43.26947201454254,2.0024524641037,0,1,Seoul3
6,2023-08-22,28.15833333,0.0,21.10324981276648,2.5028741359710693,23.079242461490804,0.7255014151334761,0,1,31.17093479771753,1.0313932090997697,0,1,43.26947201454254,2.0024524641037,0,1,Seoul3
6,2023-08-23,27.80416667,0.1,15.071714529119618,2.4997246265411377,23.079242461490804,0.7255014151334761,0,1,31.17093479771753,1.0313932090997697,0,1,43.26947201454254,2.0024524641037,0,1,Seoul3
6,2023-08-24,25.175,105.2,48.853995089015456,1.6900651454925537,23.079242461490804,0.7255014151334761,1,1,31.17093479771753,1.0313932090997697,1,1,43.26947201454254,2.0024524641037,1,0,Seoul3
6,2023-08-25,26.04583333,5.3,20.322943530126395,1.760751485824585,23.079242461490804,0.7255014151334761,0,1,31.17093479771753,1.0313932090997697,0,1,43.26947201454254,2.0024524641037,0,0,Seoul3
6,2023-08-26,25.93333333,0.0,9.040674437614488,1.7197099924087524,23.079242461490804,0.7255014151334761,0,1,31.17093479771753,1.0313932090997697,0,1,43.26947201454254,2.0024524641037,0,0,Seoul3
6,2023-08-27,25.325,0.0,8.853878979563781,1.7133212089538574,23.079242461490804,0.7255014151334761,0,1,31.17093479771753,1.0313932090997697,0,1,43.26947201454254,2.0024524641037,0,0,Seoul3
6,2023-08-28,25.07083333,0.7,11.183710744141832,1.6736527681350708,23.079242461490804,0.7255014151334761,0,1,31.17093479771753,1.0313932090997697,0,1,43.26947201454254,2.0024524641037,0,0,Seoul3
6,2023-08-29,26.2625,0.2,16.621129666769487,1.6863094568252563,23.079242461490804,0.7255014151334761,0,1,31.17093479771753,1.0313932090997697,0,1,43.26947201454254,2.0024524641037,0,0,Seoul3
6,2023-08-30,26.53333333,0.0,13.878969124807178,1.671043872833252,23.079242461490804,0.7255014151334761,0,1,31.17093479771753,1.0313932090997697,0,1,43.26947201454254,2.0024524641037,0,0,Seoul3
6,2023-08-31,25.4875,35.8,31.874686142422696,1.6724848747253418,23.079242461490804,0.7255014151334761,1,1,31.17093479771753,1.0313932090997697,1,1,43.26947201454254,2.0024524641037,0,0,Seoul3
6,2023-09-01,23.40416667,17.3,21.224436000508142,1.5931427478790283,23.079242461490804,0.7255014151334761,0,1,31.17093479771753,1.0313932090997697,0,1,43.26947201454254,2.0024524641037,0,0,Seoul3
6,2023-09-02,23.84166667,6.5,18.0154932398248,1.4395514726638794,23.079242461490804,0.7255014151334761,0,1,31.17093479771753,1.0313932090997697,0,1,43.26947201454254,2.0024524641037,0,0,Seoul3
6,2023-09-03,24.90833333,0.0,13.508025099758953,1.5091221332550049,23.079242461490804,0.7255014151334761,0,1,31.17093479771753,1.0313932090997697,0,1,43.26947201454254,2.0024524641037,0,0,Seoul3
6,2023-09-04,25.20833333,2.1,20.78327599501287,1.645484209060669,23.079242461490804,0.7255014151334761,0,1,31.17093479771753,1.0313932090997697,0,1,43.26947201454254,2.0024524641037,0,0,Seoul3
6,2023-09-05,25.15,0.0,14.119162843571669,1.7061764001846313,23.079242461490804,0.7255014151334761,0,1,31.17093479771753,1.0313932090997697,0,1,43.26947201454254,2.0024524641037,0,0,Seoul3
6,2023-09-06,24.675,0.0,14.338263405133361,1.795772910118103,23.079242461490804,0.7255014151334761,0,1,31.17093479771753,1.0313932090997697,0,1,43.26947201454254,2.0024524641037,0,0,Seoul3
6,2023-09-07,23.62083333,0.0,11.545546012525088,0.9961024522781372,23.079242461490804,0.7255014151334761,0,1,31.17093479771753,1.0313932090997697,0,0,43.26947201454254,2.0024524641037,0,0,Seoul3
6,2023-09-08,23.05833333,0.0,12.91084025776209,1.0318889617919922,23.079242461490804,0.7255014151334761,0,1,31.17093479771753,1.0313932090997697,0,1,43.26947201454254,2.0024524641037,0,0,Seoul3
6,2023-09-09,21.9125,0.0,12.904663913389236,1.0831788778305054,23.079242461490804,0.7255014151334761,0,1,31.17093479771753,1.0313932090997697,0,1,43.26947201454254,2.0024524641037,0,0,Seoul3
6,2023-09-10,22.49583333,0.0,14.703574832076471,1.1824820041656494,23.079242461490804,0.7255014151334761,0,1,31.17093479771753,1.0313932090997697,0,1,43.26947201454254,2.0024524641037,0,0,Seoul3
6,2023-09-11,23.87083333,0.0,11.487200749807398,1.219316840171814,23.079242461490804,0.7255014151334761,0,1,31.17093479771753,1.0313932090997697,0,1,43.26947201454254,2.0024524641037,0,0,Seoul3
6,2023-09-12,25.02916667,0.0,12.603097254827993,1.1023427248001099,23.079242461490804,0.7255014151334761,0,1,31.17093479771753,1.0313932090997697,0,1,43.26947201454254,2.0024524641037,0,0,Seoul3
6,2023-09-13,24.0875,43.0,39.34264999925812,1.328887939453125,23.079242461490804,0.7255014151334761,1,1,31.17093479771753,1.0313932090997697,1,1,43.26947201454254,2.0024524641037,0,0,Seoul3
6,2023-09-14,22.25833333,17.9,23.17634768313276,1.315533995628357,23.079242461490804,0.7255014151334761,1,1,31.17093479771753,1.0313932090997697,0,1,43.26947201454254,2.0024524641037,0,0,Seoul3
6,2023-09-15,23.29583333,3.9,21.820702597222137,1.2879834175109863,23.079242461490804,0.7255014151334761,0,1,31.17093479771753,1.0313932090997697,0,1,43.26947201454254,2.0024524641037,0,0,Seoul3
6,2023-09-16,22.99166667,19.6,23.268783850696394,1.249216914176941,23.079242461490804,0.7255014151334761,1,1,31.17093479771753,1.0313932090997697,0,1,43.26947201454254,2.0024524641037,0,0,Seoul3
6,2023-09-17,23.425,61.9,49.10822786285462,1.9160834550857544,23.079242461490804,0.7255014151334761,1,1,31.17093479771753,1.0313932090997697,1,1,43.26947201454254,2.0024524641037,1,0,Seoul3
6,2023-09-18,24.78333333,0.8,15.758288192476176,1.9252574443817139,23.079242461490804,0.7255014151334761,0,1,31.17093479771753,1.0313932090997697,0,1,43.26947201454254,2.0024524641037,0,0,Seoul3
6,2023-09-19,24.79583333,0.0,16.862404911424193,1.9495291709899902,23.079242461490804,0.7255014151334761,0,1,31.17093479771753,1.0313932090997697,0,1,43.26947201454254,2.0024524641037,0,0,Seoul3
6,2023-09-20,22.20833333,32.5,44.372252432583906,1.941729187965393,23.079242461490804,0.7255014151334761,1,1,31.17093479771753,1.0313932090997697,1,1,43.26947201454254,2.0024524641037,1,0,Seoul3
6,2023-09-21,19.9125,66.4,41.364926586769435,2.064889669418335,23.079242461490804,0.7255014151334761,1,1,31.17093479771753,1.0313932090997697,1,1,43.26947201454254,2.0024524641037,0,1,Seoul3
6,2023-09-22,20.04166667,0.0,10.14650924139066,2.114863634109497,23.079242461490804,0.7255014151334761,0,1,31.17093479771753,1.0313932090997697,0,1,43.26947201454254,2.0024524641037,0,1,Seoul3
6,2023-09-23,20.17083333,0.0,9.591527884211139,2.030168056488037,23.079242461490804,0.7255014151334761,0,1,31.17093479771753,1.0313932090997697,0,1,43.26947201454254,2.0024524641037,0,1,Seoul3
6,2023-09-24,21.42916667,0.5,12.866254009864866,2.0570812225341797,23.079242461490804,0.7255014151334761,0,1,31.17093479771753,1.0313932090997697,0,1,43.26947201454254,2.0024524641037,0,1,Seoul3
6,2023-09-25,21.77916667,0.0,12.523684515628815,2.098064661026001,23.079242461490804,0.7255014151334761,0,1,31.17093479771753,1.0313932090997697,0,1,43.26947201454254,2.0024524641037,0,1,Seoul3
