fold,Date,temp_value,precip_value,GC_Score,CS_Score,GC_thr_0.95,CS_thr_0.95,GC_Anomaly_0.95,CS_Anomaly_0.95,GC_thr_0.975,CS_thr_0.975,GC_Anomaly_0.975,CS_Anomaly_0.975,GC_thr_0.99,CS_thr_0.99,GC_Anomaly_0.99,CS_Anomaly_0.99,dataset
0,2022-01-01,-4.3,0.0,19.442667200604852,0.3338868319988251,28.564797804661954,1.1684268712997437,0,0,32.51258972201296,1.2084929794073105,0,0,40.32019555804881,1.2333889400959015,0,0,Seoul_Tancheon_WWTP
0,2022-01-02,-1.3,0.3,19.453057384334052,0.33218327164649963,28.564797804661954,1.1684268712997437,0,0,32.51258972201296,1.2084929794073105,0,0,40.32019555804881,1.2333889400959015,0,0,Seoul_Tancheon_WWTP
0,2022-01-03,-1.9,0.0,15.807941695580489,0.3114846646785736,28.564797804661954,1.1684268712997437,0,0,32.51258972201296,1.2084929794073105,0,0,40.32019555804881,1.2333889400959015,0,0,Seoul_Tancheon_WWTP
0,2022-01-04,-2.5,0.0,18.6900074135194,0.3257891535758972,28.564797804661954,1.1684268712997437,0,0,32.51258972201296,1.2084929794073105,0,0,40.32019555804881,1.2333889400959015,0,0,Seoul_Tancheon_WWTP
0,2022-01-05,-2.8,0.0,19.9153200997145,0.3399907648563385,28.564797804661954,1.1684268712997437,0,0,32.51258972201296,1.2084929794073105,0,0,40.32019555804881,1.2333889400959015,0,0,Seoul_Tancheon_WWTP
0,2022-01-06,-2.2,0.0,24.59133248954989,0.34517815709114075,28.564797804661954,1.1684268712997437,0,0,32.51258972201296,1.2084929794073105,0,0,40.32019555804881,1.2333889400959015,0,0,Seoul_Tancheon_WWTP
0,2022-01-07,-1.6,0.0,17.934064803728063,0.32854968309402466,28.564797804661954,1.1684268712997437,0,0,32.51258972201296,1.2084929794073105,0,0,40.32019555804881,1.2333889400959015,0,0,Seoul_Tancheon_WWTP
0,2022-01-08,0.3,0.0,20.79848951665126,0.3287781774997711,28.564797804661954,1.1684268712997437,0,0,32.51258972201296,1.2084929794073105,0,0,40.32019555804881,1.2333889400959015,0,0,Seoul_Tancheon_WWTP
0,2022-01-09,1.3,0.0,22.155867145790122,0.3446964919567108,28.564797804661954,1.1684268712997437,0,0,32.51258972201296,1.2084929794073105,0,0,40.32019555804881,1.2333889400959015,0,0,Seoul_Tancheon_WWTP
0,2022-01-10,0.5,0.9,16.76024721703589,0.3487374782562256,28.564797804661954,1.1684268712997437,0,0,32.51258972201296,1.2084929794073105,0,0,40.32019555804881,1.2333889400959015,0,0,Seoul_Tancheon_WWTP
0,2022-01-11,-7.4,0.2,21.793131772861145,0.33150386810302734,28.564797804661954,1.1684268712997437,0,0,32.51258972201296,1.2084929794073105,0,0,40.32019555804881,1.2333889400959015,0,0,Seoul_Tancheon_WWTP
0,2022-01-12,-7.7,0.0,18.243136746039404,0.32266756892204285,28.564797804661954,1.1684268712997437,0,0,32.51258972201296,1.2084929794073105,0,0,40.32019555804881,1.2333889400959015,0,0,Seoul_Tancheon_WWTP
0,2022-01-13,-6.4,0.0,25.19305288183399,0.3586404621601105,28.564797804661954,1.1684268712997437,0,0,32.51258972201296,1.2084929794073105,0,0,40.32019555804881,1.2333889400959015,0,0,Seoul_Tancheon_WWTP
0,2022-01-14,-4.8,0.0,23.13152431725206,0.3847046494483948,28.564797804661954,1.1684268712997437,0,0,32.51258972201296,1.2084929794073105,0,0,40.32019555804881,1.2333889400959015,0,0,Seoul_Tancheon_WWTP
0,2022-01-15,-1.0,0.0,22.761374333638273,0.4067584276199341,28.564797804661954,1.1684268712997437,0,0,32.51258972201296,1.2084929794073105,0,0,40.32019555804881,1.2333889400959015,0,0,Seoul_Tancheon_WWTP
0,2022-01-16,-2.0,0.0,20.686302135001984,0.4102979004383087,28.564797804661954,1.1684268712997437,0,0,32.51258972201296,1.2084929794073105,0,0,40.32019555804881,1.2333889400959015,0,0,Seoul_Tancheon_WWTP
0,2022-01-17,-5.8,0.5,28.48344760780544,0.44970592856407166,28.564797804661954,1.1684268712997437,0,0,32.51258972201296,1.2084929794073105,0,0,40.32019555804881,1.2333889400959015,0,0,Seoul_Tancheon_WWTP
0,2022-01-18,-5.6,0.0,32.280311989824185,0.4766791760921478,28.564797804661954,1.1684268712997437,1,0,32.51258972201296,1.2084929794073105,0,0,40.32019555804881,1.2333889400959015,0,0,Seoul_Tancheon_WWTP
0,2022-01-19,-5.3,1.7,20.455793731882828,0.49155935645103455,28.564797804661954,1.1684268712997437,0,0,32.51258972201296,1.2084929794073105,0,0,40.32019555804881,1.2333889400959015,0,0,Seoul_Tancheon_WWTP
0,2022-01-20,-5.0,0.0,23.867040820509693,0.5044940710067749,28.564797804661954,1.1684268712997437,0,0,32.51258972201296,1.2084929794073105,0,0,40.32019555804881,1.2333889400959015,0,0,Seoul_Tancheon_WWTP
0,2022-01-21,-2.7,0.0,28.918035771011656,0.5769340395927429,28.564797804661954,1.1684268712997437,1,0,32.51258972201296,1.2084929794073105,0,0,40.32019555804881,1.2333889400959015,0,0,Seoul_Tancheon_WWTP
0,2022-01-22,0.3,0.0,29.281718077841532,0.6267478466033936,28.564797804661954,1.1684268712997437,1,0,32.51258972201296,1.2084929794073105,0,0,40.32019555804881,1.2333889400959015,0,0,Seoul_Tancheon_WWTP
0,2022-01-23,2.0,0.0,16.62902480512485,0.6054198741912842,28.564797804661954,1.1684268712997437,0,0,32.51258972201296,1.2084929794073105,0,0,40.32019555804881,1.2333889400959015,0,0,Seoul_Tancheon_WWTP
0,2022-01-24,4.6,0.0,20.163437417221267,0.6174336671829224,28.564797804661954,1.1684268712997437,0,0,32.51258972201296,1.2084929794073105,0,0,40.32019555804881,1.2333889400959015,0,0,Seoul_Tancheon_WWTP
0,2022-01-25,2.8,0.7,22.280234374595995,0.6604256629943848,28.564797804661954,1.1684268712997437,0,0,32.51258972201296,1.2084929794073105,0,0,40.32019555804881,1.2333889400959015,0,0,Seoul_Tancheon_WWTP
0,2022-01-26,1.3,0.0,17.78684368930095,0.6733103394508362,28.564797804661954,1.1684268712997437,0,0,32.51258972201296,1.2084929794073105,0,0,40.32019555804881,1.2333889400959015,0,0,Seoul_Tancheon_WWTP
0,2022-01-27,-1.1,0.0,16.84341285484518,0.6517367362976074,28.564797804661954,1.1684268712997437,0,0,32.51258972201296,1.2084929794073105,0,0,40.32019555804881,1.2333889400959015,0,0,Seoul_Tancheon_WWTP
0,2022-01-28,-2.7,0.0,15.598064448094876,0.6163995862007141,28.564797804661954,1.1684268712997437,0,0,32.51258972201296,1.2084929794073105,0,0,40.32019555804881,1.2333889400959015,0,0,Seoul_Tancheon_WWTP
0,2022-01-29,-3.6,0.0,19.81594526393044,0.5908328294754028,28.564797804661954,1.1684268712997437,0,0,32.51258972201296,1.2084929794073105,0,0,40.32019555804881,1.2333889400959015,0,0,Seoul_Tancheon_WWTP
0,2022-01-30,-2.8,0.0,19.024399770206983,0.5602107644081116,28.564797804661954,1.1684268712997437,0,0,32.51258972201296,1.2084929794073105,0,0,40.32019555804881,1.2333889400959015,0,0,Seoul_Tancheon_WWTP
0,2022-01-31,-0.7,1.2,21.67088925642625,0.5709763765335083,28.564797804661954,1.1684268712997437,0,0,32.51258972201296,1.2084929794073105,0,0,40.32019555804881,1.2333889400959015,0,0,Seoul_Tancheon_WWTP
0,2022-02-01,-1.3,1.7,47.08993166891004,0.585751473903656,28.564797804661954,1.1684268712997437,1,0,32.51258972201296,1.2084929794073105,1,0,40.32019555804881,1.2333889400959015,1,0,Seoul_Tancheon_WWTP
0,2022-02-02,-3.4,0.0,22.710281285392945,0.601992130279541,28.564797804661954,1.1684268712997437,0,0,32.51258972201296,1.2084929794073105,0,0,40.32019555804881,1.2333889400959015,0,0,Seoul_Tancheon_WWTP
0,2022-02-03,-3.4,0.0,20.03829792551749,0.605073869228363,28.564797804661954,1.1684268712997437,0,0,32.51258972201296,1.2084929794073105,0,0,40.32019555804881,1.2333889400959015,0,0,Seoul_Tancheon_WWTP
0,2022-02-04,-5.2,0.0,20.12065540328321,0.5443530678749084,28.564797804661954,1.1684268712997437,0,0,32.51258972201296,1.2084929794073105,0,0,40.32019555804881,1.2333889400959015,0,0,Seoul_Tancheon_WWTP
0,2022-02-05,-6.6,0.0,19.68784089846215,0.5028185248374939,28.564797804661954,1.1684268712997437,0,0,32.51258972201296,1.2084929794073105,0,0,40.32019555804881,1.2333889400959015,0,0,Seoul_Tancheon_WWTP
0,2022-02-06,-3.9,0.0,21.39839933305175,0.5133600234985352,28.564797804661954,1.1684268712997437,0,0,32.51258972201296,1.2084929794073105,0,0,40.32019555804881,1.2333889400959015,0,0,Seoul_Tancheon_WWTP
0,2022-02-07,-2.5,0.0,20.090704469584267,0.5273768901824951,28.564797804661954,1.1684268712997437,0,0,32.51258972201296,1.2084929794073105,0,0,40.32019555804881,1.2333889400959015,0,0,Seoul_Tancheon_WWTP
0,2022-02-08,-0.1,0.0,16.724030555370756,0.46231791377067566,28.564797804661954,1.1684268712997437,0,0,32.51258972201296,1.2084929794073105,0,0,40.32019555804881,1.2333889400959015,0,0,Seoul_Tancheon_WWTP
0,2022-02-09,1.0,0.0,17.661285595251115,0.4377681016921997,28.564797804661954,1.1684268712997437,0,0,32.51258972201296,1.2084929794073105,0,0,40.32019555804881,1.2333889400959015,0,0,Seoul_Tancheon_WWTP
0,2022-02-10,1.4,0.0,18.235816297104254,0.4017421007156372,28.564797804661954,1.1684268712997437,0,0,32.51258972201296,1.2084929794073105,0,0,40.32019555804881,1.2333889400959015,0,0,Seoul_Tancheon_WWTP
0,2022-02-11,2.9,0.0,24.40914439211324,0.42207950353622437,28.564797804661954,1.1684268712997437,0,0,32.51258972201296,1.2084929794073105,0,0,40.32019555804881,1.2333889400959015,0,0,Seoul_Tancheon_WWTP
0,2022-02-12,4.8,0.0,17.265926545941,0.4190652668476105,28.564797804661954,1.1684268712997437,0,0,32.51258972201296,1.2084929794073105,0,0,40.32019555804881,1.2333889400959015,0,0,Seoul_Tancheon_WWTP
0,2022-02-13,4.8,0.0,20.10103023753811,0.4225010573863983,28.564797804661954,1.1684268712997437,0,0,32.51258972201296,1.2084929794073105,0,0,40.32019555804881,1.2333889400959015,0,0,Seoul_Tancheon_WWTP
0,2022-02-14,2.5,1.7,17.754758886124165,0.46649375557899475,28.564797804661954,1.1684268712997437,0,0,32.51258972201296,1.2084929794073105,0,0,40.32019555804881,1.2333889400959015,0,0,Seoul_Tancheon_WWTP
0,2022-02-15,-4.7,0.0,27.469693289654284,0.459183931350708,28.564797804661954,1.1684268712997437,0,0,32.51258972201296,1.2084929794073105,0,0,40.32019555804881,1.2333889400959015,0,0,Seoul_Tancheon_WWTP
0,2022-02-16,-7.3,0.0,22.18736879730543,0.5283142924308777,28.564797804661954,1.1684268712997437,0,0,32.51258972201296,1.2084929794073105,0,0,40.32019555804881,1.2333889400959015,0,0,Seoul_Tancheon_WWTP
0,2022-02-17,-6.2,0.0,17.449628892309565,0.5292966365814209,28.564797804661954,1.1684268712997437,0,0,32.51258972201296,1.2084929794073105,0,0,40.32019555804881,1.2333889400959015,0,0,Seoul_Tancheon_WWTP
0,2022-02-18,-1.2,0.0,20.112655095327817,0.5407769083976746,28.564797804661954,1.1684268712997437,0,0,32.51258972201296,1.2084929794073105,0,0,40.32019555804881,1.2333889400959015,0,0,Seoul_Tancheon_WWTP
0,2022-02-19,-1.7,0.1,20.793339064200573,0.5549789071083069,28.564797804661954,1.1684268712997437,0,0,32.51258972201296,1.2084929794073105,0,0,40.32019555804881,1.2333889400959015,0,0,Seoul_Tancheon_WWTP
0,2022-02-20,-4.8,0.0,19.302973660122426,0.5389112830162048,28.564797804661954,1.1684268712997437,0,0,32.51258972201296,1.2084929794073105,0,0,40.32019555804881,1.2333889400959015,0,0,Seoul_Tancheon_WWTP
0,2022-02-21,-3.0,0.1,19.121855394283713,0.5134923458099365,28.564797804661954,1.1684268712997437,0,0,32.51258972201296,1.2084929794073105,0,0,40.32019555804881,1.2333889400959015,0,0,Seoul_Tancheon_WWTP
0,2022-02-22,-4.5,0.0,17.917075157165364,0.4996574819087982,28.564797804661954,1.1684268712997437,0,0,32.51258972201296,1.2084929794073105,0,0,40.32019555804881,1.2333889400959015,0,0,Seoul_Tancheon_WWTP
0,2022-02-23,-5.6,0.0,21.65865121515182,0.5100355744361877,28.564797804661954,1.1684268712997437,0,0,32.51258972201296,1.2084929794073105,0,0,40.32019555804881,1.2333889400959015,0,0,Seoul_Tancheon_WWTP
0,2022-02-24,-2.4,0.0,25.46572154716271,0.5447449088096619,28.564797804661954,1.1684268712997437,0,0,32.51258972201296,1.2084929794073105,0,0,40.32019555804881,1.2333889400959015,0,0,Seoul_Tancheon_WWTP
0,2022-02-25,3.0,0.0,22.23999248585237,0.5196303725242615,28.564797804661954,1.1684268712997437,0,0,32.51258972201296,1.2084929794073105,0,0,40.32019555804881,1.2333889400959015,0,0,Seoul_Tancheon_WWTP
0,2022-02-26,5.4,1.1,21.834288721190692,0.5492076277732849,28.564797804661954,1.1684268712997437,0,0,32.51258972201296,1.2084929794073105,0,0,40.32019555804881,1.2333889400959015,0,0,Seoul_Tancheon_WWTP
0,2022-02-27,3.7,0.0,27.40528568065394,0.5566073656082153,28.564797804661954,1.1684268712997437,0,0,32.51258972201296,1.2084929794073105,0,0,40.32019555804881,1.2333889400959015,0,0,Seoul_Tancheon_WWTP
0,2022-02-28,6.8,0.0,17.930822845386775,0.5085676908493042,28.564797804661954,1.1684268712997437,0,0,32.51258972201296,1.2084929794073105,0,0,40.32019555804881,1.2333889400959015,0,0,Seoul_Tancheon_WWTP
0,2022-03-01,5.8,2.3,16.071814784139278,0.4826236665248871,28.564797804661954,1.1684268712997437,0,0,32.51258972201296,1.2084929794073105,0,0,40.32019555804881,1.2333889400959015,0,0,Seoul_Tancheon_WWTP
0,2022-03-02,3.5,0.0,19.071283088982526,0.4477153718471527,28.564797804661954,1.1684268712997437,0,0,32.51258972201296,1.2084929794073105,0,0,40.32019555804881,1.2333889400959015,0,0,Seoul_Tancheon_WWTP
0,2022-03-03,5.8,0.0,19.146486038898697,0.4555240571498871,28.564797804661954,1.1684268712997437,0,0,32.51258972201296,1.2084929794073105,0,0,40.32019555804881,1.2333889400959015,0,0,Seoul_Tancheon_WWTP
0,2022-03-04,6.9,0.0,40.08331072549626,0.4744180738925934,28.564797804661954,1.1684268712997437,1,0,32.51258972201296,1.2084929794073105,1,0,40.32019555804881,1.2333889400959015,0,0,Seoul_Tancheon_WWTP
0,2022-03-05,2.3,0.0,21.390594316811637,0.49100494384765625,28.564797804661954,1.1684268712997437,0,0,32.51258972201296,1.2084929794073105,0,0,40.32019555804881,1.2333889400959015,0,0,Seoul_Tancheon_WWTP
0,2022-03-06,1.4,0.0,22.129997966031283,0.508013129234314,28.564797804661954,1.1684268712997437,0,0,32.51258972201296,1.2084929794073105,0,0,40.32019555804881,1.2333889400959015,0,0,Seoul_Tancheon_WWTP
0,2022-03-07,2.8,0.0,20.754473132304035,0.5332715511322021,28.564797804661954,1.1684268712997437,0,0,32.51258972201296,1.2084929794073105,0,0,40.32019555804881,1.2333889400959015,0,0,Seoul_Tancheon_WWTP
0,2022-03-08,6.0,0.0,17.732874540584383,0.5535526275634766,28.564797804661954,1.1684268712997437,0,0,32.51258972201296,1.2084929794073105,0,0,40.32019555804881,1.2333889400959015,0,0,Seoul_Tancheon_WWTP
0,2022-03-09,7.1,0.0,24.467082388686357,0.5486568212509155,28.564797804661954,1.1684268712997437,0,0,32.51258972201296,1.2084929794073105,0,0,40.32019555804881,1.2333889400959015,0,0,Seoul_Tancheon_WWTP
0,2022-03-10,9.3,0.0,21.245547862490774,0.5078850388526917,28.564797804661954,1.1684268712997437,0,0,32.51258972201296,1.2084929794073105,0,0,40.32019555804881,1.2333889400959015,0,0,Seoul_Tancheon_WWTP
0,2022-03-11,11.2,0.0,27.86380294721427,0.5512388944625854,28.564797804661954,1.1684268712997437,0,0,32.51258972201296,1.2084929794073105,0,0,40.32019555804881,1.2333889400959015,0,0,Seoul_Tancheon_WWTP
0,2022-03-12,12.8,2.6,16.907501936337948,0.5727578401565552,28.564797804661954,1.1684268712997437,0,0,32.51258972201296,1.2084929794073105,0,0,40.32019555804881,1.2333889400959015,0,0,Seoul_Tancheon_WWTP
0,2022-03-13,11.7,42.1,32.58721883489578,0.8796161413192749,28.564797804661954,1.1684268712997437,1,0,32.51258972201296,1.2084929794073105,1,0,40.32019555804881,1.2333889400959015,0,0,Seoul_Tancheon_WWTP
0,2022-03-14,8.2,8.7,19.802972907167856,0.9443591833114624,28.564797804661954,1.1684268712997437,0,0,32.51258972201296,1.2084929794073105,0,0,40.32019555804881,1.2333889400959015,0,0,Seoul_Tancheon_WWTP
0,2022-03-15,7.2,0.0,15.654195497306038,0.9522918462753296,28.564797804661954,1.1684268712997437,0,0,32.51258972201296,1.2084929794073105,0,0,40.32019555804881,1.2333889400959015,0,0,Seoul_Tancheon_WWTP
0,2022-03-16,10.3,0.0,18.662629453060607,0.9590021967887878,28.564797804661954,1.1684268712997437,0,0,32.51258972201296,1.2084929794073105,0,0,40.32019555804881,1.2333889400959015,0,0,Seoul_Tancheon_WWTP
0,2022-03-17,10.7,1.2,14.755084453310026,0.9463886022567749,28.564797804661954,1.1684268712997437,0,0,32.51258972201296,1.2084929794073105,0,0,40.32019555804881,1.2333889400959015,0,0,Seoul_Tancheon_WWTP
0,2022-03-18,7.5,0.0,28.08849174419911,0.9932633638381958,28.564797804661954,1.1684268712997437,0,0,32.51258972201296,1.2084929794073105,0,0,40.32019555804881,1.2333889400959015,0,0,Seoul_Tancheon_WWTP
0,2022-03-19,3.4,14.6,18.93707505305946,1.0391671657562256,28.564797804661954,1.1684268712997437,0,0,32.51258972201296,1.2084929794073105,0,0,40.32019555804881,1.2333889400959015,0,0,Seoul_Tancheon_WWTP
0,2022-03-20,5.4,0.0,16.016192158240322,1.0638679265975952,28.564797804661954,1.1684268712997437,0,0,32.51258972201296,1.2084929794073105,0,0,40.32019555804881,1.2333889400959015,0,0,Seoul_Tancheon_WWTP
0,2022-03-21,5.0,0.0,18.220204076634566,1.0836418867111206,28.564797804661954,1.1684268712997437,0,0,32.51258972201296,1.2084929794073105,0,0,40.32019555804881,1.2333889400959015,0,0,Seoul_Tancheon_WWTP
0,2022-03-22,7.1,0.0,16.45299551294751,1.1333318948745728,28.564797804661954,1.1684268712997437,0,0,32.51258972201296,1.2084929794073105,0,0,40.32019555804881,1.2333889400959015,0,0,Seoul_Tancheon_WWTP
0,2022-03-23,6.2,0.0,21.204194653279114,1.1350940465927124,28.564797804661954,1.1684268712997437,0,0,32.51258972201296,1.2084929794073105,0,0,40.32019555804881,1.2333889400959015,0,0,Seoul_Tancheon_WWTP
0,2022-03-24,8.2,0.0,22.35901561647698,1.1192352771759033,28.564797804661954,1.1684268712997437,0,0,32.51258972201296,1.2084929794073105,0,0,40.32019555804881,1.2333889400959015,0,0,Seoul_Tancheon_WWTP
0,2022-03-25,12.0,10.9,24.23700454002529,1.043018102645874,28.564797804661954,1.1684268712997437,0,0,32.51258972201296,1.2084929794073105,0,0,40.32019555804881,1.2333889400959015,0,0,Seoul_Tancheon_WWTP
0,2022-03-26,11.8,19.8,24.623693147980934,1.291190266609192,28.564797804661954,1.1684268712997437,0,1,32.51258972201296,1.2084929794073105,0,1,40.32019555804881,1.2333889400959015,0,1,Seoul_Tancheon_WWTP
0,2022-03-27,8.1,0.0,18.86313909364946,1.0062344074249268,28.564797804661954,1.1684268712997437,0,0,32.51258972201296,1.2084929794073105,0,0,40.32019555804881,1.2333889400959015,0,0,Seoul_Tancheon_WWTP
0,2022-03-28,8.2,0.0,17.400524942372098,0.9569255113601685,28.564797804661954,1.1684268712997437,0,0,32.51258972201296,1.2084929794073105,0,0,40.32019555804881,1.2333889400959015,0,0,Seoul_Tancheon_WWTP
0,2022-03-29,9.7,0.0,16.805701996221018,0.9598559737205505,28.564797804661954,1.1684268712997437,0,0,32.51258972201296,1.2084929794073105,0,0,40.32019555804881,1.2333889400959015,0,0,Seoul_Tancheon_WWTP
0,2022-03-30,10.8,0.4,18.919522959970315,0.9842764139175415,28.564797804661954,1.1684268712997437,0,0,32.51258972201296,1.2084929794073105,0,0,40.32019555804881,1.2333889400959015,0,0,Seoul_Tancheon_WWTP
0,2022-03-31,10.9,0.0,18.47743224006474,0.9860463738441467,28.564797804661954,1.1684268712997437,0,0,32.51258972201296,1.2084929794073105,0,0,40.32019555804881,1.2333889400959015,0,0,Seoul_Tancheon_WWTP
1,2022-04-01,9.2,0.0,28.010175124359783,0.8073904514312744,32.293676168789354,1.193903613090515,0,0,39.39185040231454,1.3298502326011652,0,0,47.58435402889985,1.3933951699733733,0,0,Seoul_Tancheon_WWTP
1,2022-04-02,8.2,0.0,22.237372469444782,0.7581836581230164,32.293676168789354,1.193903613090515,0,0,39.39185040231454,1.3298502326011652,0,0,47.58435402889985,1.3933951699733733,0,0,Seoul_Tancheon_WWTP
1,2022-04-03,9.6,0.0,25.876254603735067,0.7742259502410889,32.293676168789354,1.193903613090515,0,0,39.39185040231454,1.3298502326011652,0,0,47.58435402889985,1.3933951699733733,0,0,Seoul_Tancheon_WWTP
1,2022-04-04,10.3,0.0,25.51315525828607,0.7819751501083374,32.293676168789354,1.193903613090515,0,0,39.39185040231454,1.3298502326011652,0,0,47.58435402889985,1.3933951699733733,0,0,Seoul_Tancheon_WWTP
1,2022-04-05,10.3,0.0,24.55729376200009,0.8771270513534546,32.293676168789354,1.193903613090515,0,0,39.39185040231454,1.3298502326011652,0,0,47.58435402889985,1.3933951699733733,0,0,Seoul_Tancheon_WWTP
1,2022-04-06,11.7,0.0,21.90982662476187,0.8725554347038269,32.293676168789354,1.193903613090515,0,0,39.39185040231454,1.3298502326011652,0,0,47.58435402889985,1.3933951699733733,0,0,Seoul_Tancheon_WWTP
1,2022-04-07,10.9,0.0,24.14255826973696,0.8621091246604919,32.293676168789354,1.193903613090515,0,0,39.39185040231454,1.3298502326011652,0,0,47.58435402889985,1.3933951699733733,0,0,Seoul_Tancheon_WWTP
1,2022-04-08,12.9,0.0,27.645174889509256,0.8265060186386108,32.293676168789354,1.193903613090515,0,0,39.39185040231454,1.3298502326011652,0,0,47.58435402889985,1.3933951699733733,0,0,Seoul_Tancheon_WWTP
1,2022-04-09,17.8,0.5,27.221133104852143,0.5419037342071533,32.293676168789354,1.193903613090515,0,0,39.39185040231454,1.3298502326011652,0,0,47.58435402889985,1.3933951699733733,0,0,Seoul_Tancheon_WWTP
1,2022-04-10,18.2,0.0,23.7455791540979,0.5559412837028503,32.293676168789354,1.193903613090515,0,0,39.39185040231454,1.3298502326011652,0,0,47.58435402889985,1.3933951699733733,0,0,Seoul_Tancheon_WWTP
1,2022-04-11,19.6,0.0,23.060355819440748,0.6236171126365662,32.293676168789354,1.193903613090515,0,0,39.39185040231454,1.3298502326011652,0,0,47.58435402889985,1.3933951699733733,0,0,Seoul_Tancheon_WWTP
1,2022-04-12,19.3,0.5,21.69609755208521,0.6916303634643555,32.293676168789354,1.193903613090515,0,0,39.39185040231454,1.3298502326011652,0,0,47.58435402889985,1.3933951699733733,0,0,Seoul_Tancheon_WWTP
1,2022-04-13,13.1,1.3,23.886271900210335,0.7567871809005737,32.293676168789354,1.193903613090515,0,0,39.39185040231454,1.3298502326011652,0,0,47.58435402889985,1.3933951699733733,0,0,Seoul_Tancheon_WWTP
1,2022-04-14,13.2,0.0,26.314336738695225,0.8458471894264221,32.293676168789354,1.193903613090515,0,0,39.39185040231454,1.3298502326011652,0,0,47.58435402889985,1.3933951699733733,0,0,Seoul_Tancheon_WWTP
1,2022-04-15,13.3,0.0,20.54905030816791,0.8087267279624939,32.293676168789354,1.193903613090515,0,0,39.39185040231454,1.3298502326011652,0,0,47.58435402889985,1.3933951699733733,0,0,Seoul_Tancheon_WWTP
1,2022-04-16,13.2,0.0,22.564853074013158,0.8194034695625305,32.293676168789354,1.193903613090515,0,0,39.39185040231454,1.3298502326011652,0,0,47.58435402889985,1.3933951699733733,0,0,Seoul_Tancheon_WWTP
1,2022-04-17,14.0,0.0,29.01277634451777,0.8133898377418518,32.293676168789354,1.193903613090515,0,0,39.39185040231454,1.3298502326011652,0,0,47.58435402889985,1.3933951699733733,0,0,Seoul_Tancheon_WWTP
1,2022-04-18,15.2,0.0,20.912387556759374,0.7849600315093994,32.293676168789354,1.193903613090515,0,0,39.39185040231454,1.3298502326011652,0,0,47.58435402889985,1.3933951699733733,0,0,Seoul_Tancheon_WWTP
1,2022-04-19,15.2,0.0,23.308385194234237,0.7526615262031555,32.293676168789354,1.193903613090515,0,0,39.39185040231454,1.3298502326011652,0,0,47.58435402889985,1.3933951699733733,0,0,Seoul_Tancheon_WWTP
1,2022-04-20,15.7,0.0,25.56877899856108,0.7841551303863525,32.293676168789354,1.193903613090515,0,0,39.39185040231454,1.3298502326011652,0,0,47.58435402889985,1.3933951699733733,0,0,Seoul_Tancheon_WWTP
1,2022-04-21,16.3,0.0,55.45303526664097,0.8073049187660217,32.293676168789354,1.193903613090515,1,0,39.39185040231454,1.3298502326011652,1,0,47.58435402889985,1.3933951699733733,1,0,Seoul_Tancheon_WWTP
1,2022-04-22,15.0,0.0,30.24714528954628,0.8526625037193298,32.293676168789354,1.193903613090515,0,0,39.39185040231454,1.3298502326011652,0,0,47.58435402889985,1.3933951699733733,0,0,Seoul_Tancheon_WWTP
1,2022-04-23,17.7,0.0,24.862534132083177,0.7830260992050171,32.293676168789354,1.193903613090515,0,0,39.39185040231454,1.3298502326011652,0,0,47.58435402889985,1.3933951699733733,0,0,Seoul_Tancheon_WWTP
1,2022-04-24,18.5,0.3,25.214298056443326,0.7680492401123047,32.293676168789354,1.193903613090515,0,0,39.39185040231454,1.3298502326011652,0,0,47.58435402889985,1.3933951699733733,0,0,Seoul_Tancheon_WWTP
1,2022-04-25,20.0,1.3,32.02508147272158,0.8072687983512878,32.293676168789354,1.193903613090515,0,0,39.39185040231454,1.3298502326011652,0,0,47.58435402889985,1.3933951699733733,0,0,Seoul_Tancheon_WWTP
1,2022-04-26,21.9,1.0,22.879919013226925,0.8845424056053162,32.293676168789354,1.193903613090515,0,0,39.39185040231454,1.3298502326011652,0,0,47.58435402889985,1.3933951699733733,0,0,Seoul_Tancheon_WWTP
1,2022-04-27,17.7,0.0,29.236852727419546,0.8498136401176453,32.293676168789354,1.193903613090515,0,0,39.39185040231454,1.3298502326011652,0,0,47.58435402889985,1.3933951699733733,0,0,Seoul_Tancheon_WWTP
1,2022-04-28,18.2,0.0,30.794574540592112,0.8269379138946533,32.293676168789354,1.193903613090515,0,0,39.39185040231454,1.3298502326011652,0,0,47.58435402889985,1.3933951699733733,0,0,Seoul_Tancheon_WWTP
1,2022-04-29,13.4,15.5,27.22575625970412,0.9395362734794617,32.293676168789354,1.193903613090515,0,0,39.39185040231454,1.3298502326011652,0,0,47.58435402889985,1.3933951699733733,0,0,Seoul_Tancheon_WWTP
1,2022-04-30,13.0,0.0,20.028295115652206,0.9801326394081116,32.293676168789354,1.193903613090515,0,0,39.39185040231454,1.3298502326011652,0,0,47.58435402889985,1.3933951699733733,0,0,Seoul_Tancheon_WWTP
1,2022-05-01,13.4,0.0,23.096914318339945,0.9622707366943359,32.293676168789354,1.193903613090515,0,0,39.39185040231454,1.3298502326011652,0,0,47.58435402889985,1.3933951699733733,0,0,Seoul_Tancheon_WWTP
1,2022-05-02,14.2,0.0,21.886924365005143,0.9577057957649231,32.293676168789354,1.193903613090515,0,0,39.39185040231454,1.3298502326011652,0,0,47.58435402889985,1.3933951699733733,0,0,Seoul_Tancheon_WWTP
1,2022-05-03,14.8,0.0,26.397495467524696,0.9735244512557983,32.293676168789354,1.193903613090515,0,0,39.39185040231454,1.3298502326011652,0,0,47.58435402889985,1.3933951699733733,0,0,Seoul_Tancheon_WWTP
1,2022-05-04,17.8,0.0,26.61895887876664,0.9786278605461121,32.293676168789354,1.193903613090515,0,0,39.39185040231454,1.3298502326011652,0,0,47.58435402889985,1.3933951699733733,0,0,Seoul_Tancheon_WWTP
1,2022-05-05,18.9,0.0,24.365226685820776,0.951183557510376,32.293676168789354,1.193903613090515,0,0,39.39185040231454,1.3298502326011652,0,0,47.58435402889985,1.3933951699733733,0,0,Seoul_Tancheon_WWTP
1,2022-05-06,19.6,0.0,34.701100471477744,0.9281994104385376,32.293676168789354,1.193903613090515,1,0,39.39185040231454,1.3298502326011652,0,0,47.58435402889985,1.3933951699733733,0,0,Seoul_Tancheon_WWTP
1,2022-05-07,18.4,0.5,44.758750357572254,0.9082643985748291,32.293676168789354,1.193903613090515,1,0,39.39185040231454,1.3298502326011652,1,0,47.58435402889985,1.3933951699733733,0,0,Seoul_Tancheon_WWTP
1,2022-05-08,15.3,2.0,52.93783995017519,0.8957887291908264,32.293676168789354,1.193903613090515,1,0,39.39185040231454,1.3298502326011652,1,0,47.58435402889985,1.3933951699733733,1,0,Seoul_Tancheon_WWTP
1,2022-05-09,17.9,0.0,24.870548610233822,0.8516448736190796,32.293676168789354,1.193903613090515,0,0,39.39185040231454,1.3298502326011652,0,0,47.58435402889985,1.3933951699733733,0,0,Seoul_Tancheon_WWTP
1,2022-05-10,19.9,0.0,50.91807063112033,0.8676259517669678,32.293676168789354,1.193903613090515,1,0,39.39185040231454,1.3298502326011652,1,0,47.58435402889985,1.3933951699733733,1,0,Seoul_Tancheon_WWTP
1,2022-05-11,19.7,0.0,54.107952748823394,0.83961421251297,32.293676168789354,1.193903613090515,1,0,39.39185040231454,1.3298502326011652,1,0,47.58435402889985,1.3933951699733733,1,0,Seoul_Tancheon_WWTP
1,2022-05-12,20.9,0.0,21.970827053256773,0.7500518560409546,32.293676168789354,1.193903613090515,0,0,39.39185040231454,1.3298502326011652,0,0,47.58435402889985,1.3933951699733733,0,0,Seoul_Tancheon_WWTP
1,2022-05-13,19.4,0.0,23.78628777396862,0.5513686537742615,32.293676168789354,1.193903613090515,0,0,39.39185040231454,1.3298502326011652,0,0,47.58435402889985,1.3933951699733733,0,0,Seoul_Tancheon_WWTP
1,2022-05-14,15.7,0.0,19.847807871489856,0.5764408111572266,32.293676168789354,1.193903613090515,0,0,39.39185040231454,1.3298502326011652,0,0,47.58435402889985,1.3933951699733733,0,0,Seoul_Tancheon_WWTP
1,2022-05-15,16.2,0.0,53.59156926948285,0.6452986001968384,32.293676168789354,1.193903613090515,1,0,39.39185040231454,1.3298502326011652,1,0,47.58435402889985,1.3933951699733733,1,0,Seoul_Tancheon_WWTP
1,2022-05-16,17.3,0.0,24.924104774172328,0.6535093188285828,32.293676168789354,1.193903613090515,0,0,39.39185040231454,1.3298502326011652,0,0,47.58435402889985,1.3933951699733733,0,0,Seoul_Tancheon_WWTP
1,2022-05-17,20.0,0.0,27.373838355465484,0.6976126432418823,32.293676168789354,1.193903613090515,0,0,39.39185040231454,1.3298502326011652,0,0,47.58435402889985,1.3933951699733733,0,0,Seoul_Tancheon_WWTP
1,2022-05-18,20.0,1.5,35.15864465047457,0.7475951910018921,32.293676168789354,1.193903613090515,1,0,39.39185040231454,1.3298502326011652,0,0,47.58435402889985,1.3933951699733733,0,0,Seoul_Tancheon_WWTP
1,2022-05-19,19.9,0.0,25.53611316214264,0.7118664979934692,32.293676168789354,1.193903613090515,0,0,39.39185040231454,1.3298502326011652,0,0,47.58435402889985,1.3933951699733733,0,0,Seoul_Tancheon_WWTP
1,2022-05-20,20.6,0.0,24.16164581328388,0.7364257574081421,32.293676168789354,1.193903613090515,0,0,39.39185040231454,1.3298502326011652,0,0,47.58435402889985,1.3933951699733733,0,0,Seoul_Tancheon_WWTP
1,2022-05-21,20.1,0.0,23.701129140380683,0.7172361016273499,32.293676168789354,1.193903613090515,0,0,39.39185040231454,1.3298502326011652,0,0,47.58435402889985,1.3933951699733733,0,0,Seoul_Tancheon_WWTP
1,2022-05-22,20.3,0.0,25.408634152157063,0.7329164743423462,32.293676168789354,1.193903613090515,0,0,39.39185040231454,1.3298502326011652,0,0,47.58435402889985,1.3933951699733733,0,0,Seoul_Tancheon_WWTP
1,2022-05-23,23.0,0.0,20.595470652842977,0.6928731203079224,32.293676168789354,1.193903613090515,0,0,39.39185040231454,1.3298502326011652,0,0,47.58435402889985,1.3933951699733733,0,0,Seoul_Tancheon_WWTP
1,2022-05-24,22.9,0.0,25.38490584197022,0.6742624640464783,32.293676168789354,1.193903613090515,0,0,39.39185040231454,1.3298502326011652,0,0,47.58435402889985,1.3933951699733733,0,0,Seoul_Tancheon_WWTP
1,2022-05-25,21.0,3.5,25.421361075525883,0.6293280124664307,32.293676168789354,1.193903613090515,0,0,39.39185040231454,1.3298502326011652,0,0,47.58435402889985,1.3933951699733733,0,0,Seoul_Tancheon_WWTP
1,2022-05-26,18.7,0.0,20.487961029786288,0.6136216521263123,32.293676168789354,1.193903613090515,0,0,39.39185040231454,1.3298502326011652,0,0,47.58435402889985,1.3933951699733733,0,0,Seoul_Tancheon_WWTP
1,2022-05-27,20.0,0.0,26.70087138837329,0.638929545879364,32.293676168789354,1.193903613090515,0,0,39.39185040231454,1.3298502326011652,0,0,47.58435402889985,1.3933951699733733,0,0,Seoul_Tancheon_WWTP
1,2022-05-28,22.3,0.0,61.06591529203796,0.6641995310783386,32.293676168789354,1.193903613090515,1,0,39.39185040231454,1.3298502326011652,1,0,47.58435402889985,1.3933951699733733,1,0,Seoul_Tancheon_WWTP
1,2022-05-29,23.1,0.0,56.0843408892263,0.6933103799819946,32.293676168789354,1.193903613090515,1,0,39.39185040231454,1.3298502326011652,1,0,47.58435402889985,1.3933951699733733,1,0,Seoul_Tancheon_WWTP
1,2022-05-30,20.8,0.0,25.107046075175337,0.624783992767334,32.293676168789354,1.193903613090515,0,0,39.39185040231454,1.3298502326011652,0,0,47.58435402889985,1.3933951699733733,0,0,Seoul_Tancheon_WWTP
1,2022-05-31,20.7,0.0,54.032014573585684,0.6051710247993469,32.293676168789354,1.193903613090515,1,0,39.39185040231454,1.3298502326011652,1,0,47.58435402889985,1.3933951699733733,1,0,Seoul_Tancheon_WWTP
1,2022-06-01,22.1,0.0,48.74937477612218,0.5612271428108215,32.293676168789354,1.193903613090515,1,0,39.39185040231454,1.3298502326011652,1,0,47.58435402889985,1.3933951699733733,1,0,Seoul_Tancheon_WWTP
1,2022-06-02,21.5,0.0,24.354918301444616,0.5643914341926575,32.293676168789354,1.193903613090515,0,0,39.39185040231454,1.3298502326011652,0,0,47.58435402889985,1.3933951699733733,0,0,Seoul_Tancheon_WWTP
1,2022-06-03,24.5,0.0,30.16849838089449,0.5958320498466492,32.293676168789354,1.193903613090515,0,0,39.39185040231454,1.3298502326011652,0,0,47.58435402889985,1.3933951699733733,0,0,Seoul_Tancheon_WWTP
1,2022-06-04,25.6,0.0,51.025023901863335,0.6319733262062073,32.293676168789354,1.193903613090515,1,0,39.39185040231454,1.3298502326011652,1,0,47.58435402889985,1.3933951699733733,1,0,Seoul_Tancheon_WWTP
1,2022-06-05,22.7,0.0,47.9552758863216,0.6750668883323669,32.293676168789354,1.193903613090515,1,0,39.39185040231454,1.3298502326011652,1,0,47.58435402889985,1.3933951699733733,1,0,Seoul_Tancheon_WWTP
1,2022-06-06,19.7,4.3,26.37565642257891,0.6182965040206909,32.293676168789354,1.193903613090515,0,0,39.39185040231454,1.3298502326011652,0,0,47.58435402889985,1.3933951699733733,0,0,Seoul_Tancheon_WWTP
1,2022-06-07,20.6,0.0,27.098083235503296,0.5917959213256836,32.293676168789354,1.193903613090515,0,0,39.39185040231454,1.3298502326011652,0,0,47.58435402889985,1.3933951699733733,0,0,Seoul_Tancheon_WWTP
1,2022-06-08,21.2,0.0,20.720959992510004,0.5103735327720642,32.293676168789354,1.193903613090515,0,0,39.39185040231454,1.3298502326011652,0,0,47.58435402889985,1.3933951699733733,0,0,Seoul_Tancheon_WWTP
1,2022-06-09,20.9,2.6,27.142514498494535,0.491720587015152,32.293676168789354,1.193903613090515,0,0,39.39185040231454,1.3298502326011652,0,0,47.58435402889985,1.3933951699733733,0,0,Seoul_Tancheon_WWTP
1,2022-06-10,20.9,1.2,30.650317913633607,0.5015625953674316,32.293676168789354,1.193903613090515,0,0,39.39185040231454,1.3298502326011652,0,0,47.58435402889985,1.3933951699733733,0,0,Seoul_Tancheon_WWTP
1,2022-06-11,24.6,0.0,55.309620236910206,0.4503362476825714,32.293676168789354,1.193903613090515,1,0,39.39185040231454,1.3298502326011652,1,0,47.58435402889985,1.3933951699733733,1,0,Seoul_Tancheon_WWTP
1,2022-06-12,24.6,0.0,53.43970558733362,0.44338420033454895,32.293676168789354,1.193903613090515,1,0,39.39185040231454,1.3298502326011652,1,0,47.58435402889985,1.3933951699733733,1,0,Seoul_Tancheon_WWTP
1,2022-06-13,23.6,18.0,60.060935743630594,0.6301150918006897,32.293676168789354,1.193903613090515,1,0,39.39185040231454,1.3298502326011652,1,0,47.58435402889985,1.3933951699733733,1,0,Seoul_Tancheon_WWTP
1,2022-06-14,21.5,0.0,19.11770437222093,0.6164364814758301,32.293676168789354,1.193903613090515,0,0,39.39185040231454,1.3298502326011652,0,0,47.58435402889985,1.3933951699733733,0,0,Seoul_Tancheon_WWTP
1,2022-06-15,17.5,18.5,31.06772131011534,0.7605108618736267,32.293676168789354,1.193903613090515,0,0,39.39185040231454,1.3298502326011652,0,0,47.58435402889985,1.3933951699733733,0,0,Seoul_Tancheon_WWTP
1,2022-06-16,20.3,0.7,15.627482721225622,0.6773098111152649,32.293676168789354,1.193903613090515,0,0,39.39185040231454,1.3298502326011652,0,0,47.58435402889985,1.3933951699733733,0,0,Seoul_Tancheon_WWTP
1,2022-06-17,22.5,0.0,19.120062255046772,0.6684092879295349,32.293676168789354,1.193903613090515,0,0,39.39185040231454,1.3298502326011652,0,0,47.58435402889985,1.3933951699733733,0,0,Seoul_Tancheon_WWTP
1,2022-06-18,23.3,0.0,27.78556051034613,0.7353854179382324,32.293676168789354,1.193903613090515,0,0,39.39185040231454,1.3298502326011652,0,0,47.58435402889985,1.3933951699733733,0,0,Seoul_Tancheon_WWTP
1,2022-06-19,23.4,0.0,26.630239546640613,0.7432615756988525,32.293676168789354,1.193903613090515,0,0,39.39185040231454,1.3298502326011652,0,0,47.58435402889985,1.3933951699733733,0,0,Seoul_Tancheon_WWTP
1,2022-06-20,25.2,0.0,19.6608556118443,0.6605878472328186,32.293676168789354,1.193903613090515,0,0,39.39185040231454,1.3298502326011652,0,0,47.58435402889985,1.3933951699733733,0,0,Seoul_Tancheon_WWTP
1,2022-06-21,26.5,0.0,23.366230254634072,0.6455750465393066,32.293676168789354,1.193903613090515,0,0,39.39185040231454,1.3298502326011652,0,0,47.58435402889985,1.3933951699733733,0,0,Seoul_Tancheon_WWTP
1,2022-06-22,25.9,0.0,24.583392176514263,0.6926434636116028,32.293676168789354,1.193903613090515,0,0,39.39185040231454,1.3298502326011652,0,0,47.58435402889985,1.3933951699733733,0,0,Seoul_Tancheon_WWTP
1,2022-06-23,24.3,103.0,51.834183693698634,1.8713390827178955,32.293676168789354,1.193903613090515,1,1,39.39185040231454,1.3298502326011652,1,1,47.58435402889985,1.3933951699733733,1,1,Seoul_Tancheon_WWTP
1,2022-06-24,22.6,19.1,52.42388218188688,2.0822880268096924,32.293676168789354,1.193903613090515,1,1,39.39185040231454,1.3298502326011652,1,1,47.58435402889985,1.3933951699733733,1,1,Seoul_Tancheon_WWTP
1,2022-06-25,26.0,0.0,23.07418592180075,2.0003814697265625,32.293676168789354,1.193903613090515,0,1,39.39185040231454,1.3298502326011652,0,1,47.58435402889985,1.3933951699733733,0,1,Seoul_Tancheon_WWTP
1,2022-06-26,26.5,0.0,27.624790723885624,1.848145842552185,32.293676168789354,1.193903613090515,0,1,39.39185040231454,1.3298502326011652,0,1,47.58435402889985,1.3933951699733733,0,1,Seoul_Tancheon_WWTP
1,2022-06-27,26.8,6.1,23.006874032273352,1.5652360916137695,32.293676168789354,1.193903613090515,0,1,39.39185040231454,1.3298502326011652,0,1,47.58435402889985,1.3933951699733733,0,1,Seoul_Tancheon_WWTP
1,2022-06-28,26.9,6.3,33.79498745914901,1.4584193229675293,32.293676168789354,1.193903613090515,1,1,39.39185040231454,1.3298502326011652,0,1,47.58435402889985,1.3933951699733733,0,1,Seoul_Tancheon_WWTP
1,2022-06-29,25.1,37.8,43.181760919008966,1.630058765411377,32.293676168789354,1.193903613090515,1,1,39.39185040231454,1.3298502326011652,1,1,47.58435402889985,1.3933951699733733,0,1,Seoul_Tancheon_WWTP
2,2022-06-30,22.3,176.2,129.88881495485265,3.236943483352661,31.65491733851213,1.1454168736934662,1,1,37.19477251492562,1.279455745220185,1,1,47.36232965692386,1.3522476279735565,1,1,Seoul_Tancheon_WWTP
2,2022-07-01,26.6,0.0,26.06274880239694,3.391822576522827,31.65491733851213,1.1454168736934662,0,1,37.19477251492562,1.279455745220185,0,1,47.36232965692386,1.3522476279735565,0,1,Seoul_Tancheon_WWTP
2,2022-07-02,28.8,0.0,27.95747421527966,3.3410823345184326,31.65491733851213,1.1454168736934662,0,1,37.19477251492562,1.279455745220185,0,1,47.36232965692386,1.3522476279735565,0,1,Seoul_Tancheon_WWTP
2,2022-07-03,29.3,0.0,21.250626230371356,3.3207919597625732,31.65491733851213,1.1454168736934662,0,1,37.19477251492562,1.279455745220185,0,1,47.36232965692386,1.3522476279735565,0,1,Seoul_Tancheon_WWTP
2,2022-07-04,29.3,0.0,17.365949782635525,3.3103995323181152,31.65491733851213,1.1454168736934662,0,1,37.19477251492562,1.279455745220185,0,1,47.36232965692386,1.3522476279735565,0,1,Seoul_Tancheon_WWTP
2,2022-07-05,29.2,0.0,19.31437173059367,3.2760298252105713,31.65491733851213,1.1454168736934662,0,1,37.19477251492562,1.279455745220185,0,1,47.36232965692386,1.3522476279735565,0,1,Seoul_Tancheon_WWTP
2,2022-07-06,29.5,16.1,48.90196875104567,3.308565616607666,31.65491733851213,1.1454168736934662,1,1,37.19477251492562,1.279455745220185,1,1,47.36232965692386,1.3522476279735565,1,1,Seoul_Tancheon_WWTP
2,2022-07-07,28.2,0.0,18.833919503848797,2.4735960960388184,31.65491733851213,1.1454168736934662,0,1,37.19477251492562,1.279455745220185,0,1,47.36232965692386,1.3522476279735565,0,1,Seoul_Tancheon_WWTP
2,2022-07-08,25.8,1.7,25.25116826063941,2.2919180393218994,31.65491733851213,1.1454168736934662,0,1,37.19477251492562,1.279455745220185,0,1,47.36232965692386,1.3522476279735565,0,1,Seoul_Tancheon_WWTP
2,2022-07-09,26.9,0.1,18.15965243754487,2.2823500633239746,31.65491733851213,1.1454168736934662,0,1,37.19477251492562,1.279455745220185,0,1,47.36232965692386,1.3522476279735565,0,1,Seoul_Tancheon_WWTP
2,2022-07-10,29.2,0.0,18.87347236383722,2.2864973545074463,31.65491733851213,1.1454168736934662,0,1,37.19477251492562,1.279455745220185,0,1,47.36232965692386,1.3522476279735565,0,1,Seoul_Tancheon_WWTP
2,2022-07-11,27.0,9.0,35.65106338733712,2.3819267749786377,31.65491733851213,1.1454168736934662,1,1,37.19477251492562,1.279455745220185,0,1,47.36232965692386,1.3522476279735565,0,1,Seoul_Tancheon_WWTP
2,2022-07-12,26.8,0.0,19.577881387642787,2.4354054927825928,31.65491733851213,1.1454168736934662,0,1,37.19477251492562,1.279455745220185,0,1,47.36232965692386,1.3522476279735565,0,1,Seoul_Tancheon_WWTP
2,2022-07-13,25.0,114.5,51.66342817064415,3.258735418319702,31.65491733851213,1.1454168736934662,1,1,37.19477251492562,1.279455745220185,1,1,47.36232965692386,1.3522476279735565,1,1,Seoul_Tancheon_WWTP
2,2022-07-14,25.7,0.9,18.544153941304646,1.3605824708938599,31.65491733851213,1.1454168736934662,0,1,37.19477251492562,1.279455745220185,0,1,47.36232965692386,1.3522476279735565,0,1,Seoul_Tancheon_WWTP
2,2022-07-15,26.0,0.0,17.831392908754527,1.3004487752914429,31.65491733851213,1.1454168736934662,0,1,37.19477251492562,1.279455745220185,0,1,47.36232965692386,1.3522476279735565,0,0,Seoul_Tancheon_WWTP
2,2022-07-16,24.8,34.0,51.505244366726714,1.4366079568862915,31.65491733851213,1.1454168736934662,1,1,37.19477251492562,1.279455745220185,1,1,47.36232965692386,1.3522476279735565,1,1,Seoul_Tancheon_WWTP
2,2022-07-17,25.5,0.0,15.382519483340705,1.4317582845687866,31.65491733851213,1.1454168736934662,0,1,37.19477251492562,1.279455745220185,0,1,47.36232965692386,1.3522476279735565,0,1,Seoul_Tancheon_WWTP
2,2022-07-18,26.8,0.0,18.294662372754317,1.5413169860839844,31.65491733851213,1.1454168736934662,0,1,37.19477251492562,1.279455745220185,0,1,47.36232965692386,1.3522476279735565,0,1,Seoul_Tancheon_WWTP
2,2022-07-19,27.4,0.0,17.63520132854075,1.5574792623519897,31.65491733851213,1.1454168736934662,0,1,37.19477251492562,1.279455745220185,0,1,47.36232965692386,1.3522476279735565,0,1,Seoul_Tancheon_WWTP
2,2022-07-20,27.1,1.1,18.05556378415521,1.4938350915908813,31.65491733851213,1.1454168736934662,0,1,37.19477251492562,1.279455745220185,0,1,47.36232965692386,1.3522476279735565,0,1,Seoul_Tancheon_WWTP
2,2022-07-21,23.2,10.4,23.654360303344724,1.432543396949768,31.65491733851213,1.1454168736934662,0,1,37.19477251492562,1.279455745220185,0,1,47.36232965692386,1.3522476279735565,0,1,Seoul_Tancheon_WWTP
2,2022-07-22,25.1,5.2,29.799109721278246,1.3742586374282837,31.65491733851213,1.1454168736934662,0,1,37.19477251492562,1.279455745220185,0,1,47.36232965692386,1.3522476279735565,0,1,Seoul_Tancheon_WWTP
2,2022-07-23,24.8,9.9,21.77378650326466,1.350799798965454,31.65491733851213,1.1454168736934662,0,1,37.19477251492562,1.279455745220185,0,1,47.36232965692386,1.3522476279735565,0,0,Seoul_Tancheon_WWTP
2,2022-07-24,25.0,1.2,22.0866676866978,1.385754108428955,31.65491733851213,1.1454168736934662,0,1,37.19477251492562,1.279455745220185,0,1,47.36232965692386,1.3522476279735565,0,1,Seoul_Tancheon_WWTP
2,2022-07-25,27.5,0.0,17.792257977979908,1.4486207962036133,31.65491733851213,1.1454168736934662,0,1,37.19477251492562,1.279455745220185,0,1,47.36232965692386,1.3522476279735565,0,1,Seoul_Tancheon_WWTP
2,2022-07-26,28.9,0.0,21.740895180328053,1.5367578268051147,31.65491733851213,1.1454168736934662,0,1,37.19477251492562,1.279455745220185,0,1,47.36232965692386,1.3522476279735565,0,1,Seoul_Tancheon_WWTP
2,2022-07-27,29.3,0.0,19.65354945669147,0.7723996639251709,31.65491733851213,1.1454168736934662,0,0,37.19477251492562,1.279455745220185,0,0,47.36232965692386,1.3522476279735565,0,0,Seoul_Tancheon_WWTP
2,2022-07-28,29.7,0.0,16.680878431829456,0.7548002600669861,31.65491733851213,1.1454168736934662,0,0,37.19477251492562,1.279455745220185,0,0,47.36232965692386,1.3522476279735565,0,0,Seoul_Tancheon_WWTP
2,2022-07-29,30.7,0.0,20.720378639519318,0.7575267553329468,31.65491733851213,1.1454168736934662,0,0,37.19477251492562,1.279455745220185,0,0,47.36232965692386,1.3522476279735565,0,0,Seoul_Tancheon_WWTP
2,2022-07-30,30.9,1.0,20.792367025961063,0.43588754534721375,31.65491733851213,1.1454168736934662,0,0,37.19477251492562,1.279455745220185,0,0,47.36232965692386,1.3522476279735565,0,0,Seoul_Tancheon_WWTP
2,2022-07-31,27.2,47.2,43.94309375639699,0.7172068953514099,31.65491733851213,1.1454168736934662,1,0,37.19477251492562,1.279455745220185,1,0,47.36232965692386,1.3522476279735565,0,0,Seoul_Tancheon_WWTP
2,2022-08-01,28.6,30.0,41.086800139139356,1.0531158447265625,31.65491733851213,1.1454168736934662,1,0,37.19477251492562,1.279455745220185,1,0,47.36232965692386,1.3522476279735565,0,0,Seoul_Tancheon_WWTP
2,2022-08-02,26.8,33.5,29.00218606626437,1.2584651708602905,31.65491733851213,1.1454168736934662,0,1,37.19477251492562,1.279455745220185,0,0,47.36232965692386,1.3522476279735565,0,0,Seoul_Tancheon_WWTP
2,2022-08-03,27.1,51.1,41.115919623385764,1.8423819541931152,31.65491733851213,1.1454168736934662,1,1,37.19477251492562,1.279455745220185,1,1,47.36232965692386,1.3522476279735565,0,1,Seoul_Tancheon_WWTP
2,2022-08-04,28.9,0.0,17.071262547316312,1.7032115459442139,31.65491733851213,1.1454168736934662,0,1,37.19477251492562,1.279455745220185,0,1,47.36232965692386,1.3522476279735565,0,1,Seoul_Tancheon_WWTP
2,2022-08-05,29.4,0.0,17.766731210116305,1.5288063287734985,31.65491733851213,1.1454168736934662,0,1,37.19477251492562,1.279455745220185,0,1,47.36232965692386,1.3522476279735565,0,1,Seoul_Tancheon_WWTP
2,2022-08-06,28.7,13.6,37.320843501190936,1.3818985223770142,31.65491733851213,1.1454168736934662,1,1,37.19477251492562,1.279455745220185,1,1,47.36232965692386,1.3522476279735565,0,1,Seoul_Tancheon_WWTP
2,2022-08-07,28.9,0.9,19.891683376844632,1.1847091913223267,31.65491733851213,1.1454168736934662,0,1,37.19477251492562,1.279455745220185,0,0,47.36232965692386,1.3522476279735565,0,0,Seoul_Tancheon_WWTP
2,2022-08-08,26.8,129.6,73.08609640346693,2.103252410888672,31.65491733851213,1.1454168736934662,1,1,37.19477251492562,1.279455745220185,1,1,47.36232965692386,1.3522476279735565,1,1,Seoul_Tancheon_WWTP
2,2022-08-09,25.1,123.1,115.22671641383633,3.0159754753112793,31.65491733851213,1.1454168736934662,1,1,37.19477251492562,1.279455745220185,1,1,47.36232965692386,1.3522476279735565,1,1,Seoul_Tancheon_WWTP
2,2022-08-10,24.7,7.6,46.96361079705443,3.138441324234009,31.65491733851213,1.1454168736934662,1,1,37.19477251492562,1.279455745220185,1,1,47.36232965692386,1.3522476279735565,0,1,Seoul_Tancheon_WWTP
2,2022-08-11,25.0,38.8,42.64127580799874,3.3369669914245605,31.65491733851213,1.1454168736934662,1,1,37.19477251492562,1.279455745220185,1,1,47.36232965692386,1.3522476279735565,0,1,Seoul_Tancheon_WWTP
2,2022-08-12,27.0,0.0,19.30016707794058,3.4536712169647217,31.65491733851213,1.1454168736934662,0,1,37.19477251492562,1.279455745220185,0,1,47.36232965692386,1.3522476279735565,0,1,Seoul_Tancheon_WWTP
2,2022-08-13,25.8,4.0,23.120622416864926,3.6177947521209717,31.65491733851213,1.1454168736934662,0,1,37.19477251492562,1.279455745220185,0,1,47.36232965692386,1.3522476279735565,0,1,Seoul_Tancheon_WWTP
2,2022-08-14,27.6,3.0,40.14385923740103,3.5933778285980225,31.65491733851213,1.1454168736934662,1,1,37.19477251492562,1.279455745220185,1,1,47.36232965692386,1.3522476279735565,0,1,Seoul_Tancheon_WWTP
2,2022-08-15,28.1,0.9,36.90564988388651,3.4438366889953613,31.65491733851213,1.1454168736934662,1,1,37.19477251492562,1.279455745220185,0,1,47.36232965692386,1.3522476279735565,0,1,Seoul_Tancheon_WWTP
2,2022-08-16,26.7,0.0,23.266752176728346,3.41367244720459,31.65491733851213,1.1454168736934662,0,1,37.19477251492562,1.279455745220185,0,1,47.36232965692386,1.3522476279735565,0,1,Seoul_Tancheon_WWTP
2,2022-08-17,26.0,0.0,19.936320985782295,2.910856008529663,31.65491733851213,1.1454168736934662,0,1,37.19477251492562,1.279455745220185,0,1,47.36232965692386,1.3522476279735565,0,1,Seoul_Tancheon_WWTP
2,2022-08-18,25.6,0.0,19.106346332937495,2.858696460723877,31.65491733851213,1.1454168736934662,0,1,37.19477251492562,1.279455745220185,0,1,47.36232965692386,1.3522476279735565,0,1,Seoul_Tancheon_WWTP
2,2022-08-19,26.0,66.1,57.25226223711212,3.3820652961730957,31.65491733851213,1.1454168736934662,1,1,37.19477251492562,1.279455745220185,1,1,47.36232965692386,1.3522476279735565,1,1,Seoul_Tancheon_WWTP
2,2022-08-20,28.2,0.0,17.53146046212423,3.47304368019104,31.65491733851213,1.1454168736934662,0,1,37.19477251492562,1.279455745220185,0,1,47.36232965692386,1.3522476279735565,0,1,Seoul_Tancheon_WWTP
2,2022-08-21,28.1,0.0,16.508659894407756,3.549783945083618,31.65491733851213,1.1454168736934662,0,1,37.19477251492562,1.279455745220185,0,1,47.36232965692386,1.3522476279735565,0,1,Seoul_Tancheon_WWTP
2,2022-08-22,26.8,3.2,21.67091131495158,2.4706389904022217,31.65491733851213,1.1454168736934662,0,1,37.19477251492562,1.279455745220185,0,1,47.36232965692386,1.3522476279735565,0,1,Seoul_Tancheon_WWTP
2,2022-08-23,25.4,2.2,18.319193619629356,1.5974781513214111,31.65491733851213,1.1454168736934662,0,1,37.19477251492562,1.279455745220185,0,1,47.36232965692386,1.3522476279735565,0,1,Seoul_Tancheon_WWTP
2,2022-08-24,24.8,0.0,19.756756393522686,1.6796852350234985,31.65491733851213,1.1454168736934662,0,1,37.19477251492562,1.279455745220185,0,1,47.36232965692386,1.3522476279735565,0,1,Seoul_Tancheon_WWTP
2,2022-08-25,22.2,1.6,21.149507450624846,1.6084401607513428,31.65491733851213,1.1454168736934662,0,1,37.19477251492562,1.279455745220185,0,1,47.36232965692386,1.3522476279735565,0,1,Seoul_Tancheon_WWTP
2,2022-08-26,23.8,0.0,18.11719378163737,1.4637199640274048,31.65491733851213,1.1454168736934662,0,1,37.19477251492562,1.279455745220185,0,1,47.36232965692386,1.3522476279735565,0,1,Seoul_Tancheon_WWTP
2,2022-08-27,21.5,17.6,51.755189569734725,1.352734088897705,31.65491733851213,1.1454168736934662,1,1,37.19477251492562,1.279455745220185,1,1,47.36232965692386,1.3522476279735565,1,1,Seoul_Tancheon_WWTP
2,2022-08-28,22.6,0.0,22.259106640871764,1.2840322256088257,31.65491733851213,1.1454168736934662,0,1,37.19477251492562,1.279455745220185,0,1,47.36232965692386,1.3522476279735565,0,0,Seoul_Tancheon_WWTP
2,2022-08-29,21.0,2.2,17.980874280054106,1.2441222667694092,31.65491733851213,1.1454168736934662,0,1,37.19477251492562,1.279455745220185,0,0,47.36232965692386,1.3522476279735565,0,0,Seoul_Tancheon_WWTP
2,2022-08-30,19.1,35.8,28.51451821587311,1.6499131917953491,31.65491733851213,1.1454168736934662,0,1,37.19477251492562,1.279455745220185,0,1,47.36232965692386,1.3522476279735565,0,1,Seoul_Tancheon_WWTP
2,2022-08-31,21.7,0.0,20.639886093935274,1.7362421751022339,31.65491733851213,1.1454168736934662,0,1,37.19477251492562,1.279455745220185,0,1,47.36232965692386,1.3522476279735565,0,1,Seoul_Tancheon_WWTP
2,2022-09-01,24.0,0.0,21.877185515380937,1.809105634689331,31.65491733851213,1.1454168736934662,0,1,37.19477251492562,1.279455745220185,0,1,47.36232965692386,1.3522476279735565,0,1,Seoul_Tancheon_WWTP
2,2022-09-02,24.7,0.0,17.623639904978642,1.095061182975769,31.65491733851213,1.1454168736934662,0,0,37.19477251492562,1.279455745220185,0,0,47.36232965692386,1.3522476279735565,0,0,Seoul_Tancheon_WWTP
2,2022-09-03,24.2,0.0,18.84795804034423,1.0067613124847412,31.65491733851213,1.1454168736934662,0,0,37.19477251492562,1.279455745220185,0,0,47.36232965692386,1.3522476279735565,0,0,Seoul_Tancheon_WWTP
2,2022-09-04,22.3,33.8,32.54265086187577,1.0098960399627686,31.65491733851213,1.1454168736934662,1,0,37.19477251492562,1.279455745220185,0,0,47.36232965692386,1.3522476279735565,0,0,Seoul_Tancheon_WWTP
2,2022-09-05,19.2,120.0,39.21900834069723,1.823996663093567,31.65491733851213,1.1454168736934662,1,1,37.19477251492562,1.279455745220185,1,1,47.36232965692386,1.3522476279735565,0,1,Seoul_Tancheon_WWTP
2,2022-09-06,21.0,25.3,36.4135869009184,1.8144761323928833,31.65491733851213,1.1454168736934662,1,1,37.19477251492562,1.279455745220185,0,1,47.36232965692386,1.3522476279735565,0,1,Seoul_Tancheon_WWTP
2,2022-09-07,22.8,0.0,20.114278093961666,1.8104627132415771,31.65491733851213,1.1454168736934662,0,1,37.19477251492562,1.279455745220185,0,1,47.36232965692386,1.3522476279735565,0,1,Seoul_Tancheon_WWTP
2,2022-09-08,23.2,0.0,21.644563044744295,1.7436082363128662,31.65491733851213,1.1454168736934662,0,1,37.19477251492562,1.279455745220185,0,1,47.36232965692386,1.3522476279735565,0,1,Seoul_Tancheon_WWTP
2,2022-09-09,24.3,0.0,19.902740544100354,1.7738591432571411,31.65491733851213,1.1454168736934662,0,1,37.19477251492562,1.279455745220185,0,1,47.36232965692386,1.3522476279735565,0,1,Seoul_Tancheon_WWTP
2,2022-09-10,23.6,0.0,31.51415313291358,1.7022567987442017,31.65491733851213,1.1454168736934662,0,1,37.19477251492562,1.279455745220185,0,1,47.36232965692386,1.3522476279735565,0,1,Seoul_Tancheon_WWTP
2,2022-09-11,23.3,0.1,36.4495347796677,1.743363618850708,31.65491733851213,1.1454168736934662,1,1,37.19477251492562,1.279455745220185,0,1,47.36232965692386,1.3522476279735565,0,1,Seoul_Tancheon_WWTP
2,2022-09-12,23.8,0.0,27.85517845348977,1.7892075777053833,31.65491733851213,1.1454168736934662,0,1,37.19477251492562,1.279455745220185,0,1,47.36232965692386,1.3522476279735565,0,1,Seoul_Tancheon_WWTP
2,2022-09-13,24.3,0.0,23.65906919086742,1.5033055543899536,31.65491733851213,1.1454168736934662,0,1,37.19477251492562,1.279455745220185,0,1,47.36232965692386,1.3522476279735565,0,1,Seoul_Tancheon_WWTP
2,2022-09-14,24.6,0.0,20.62493639627064,1.4353262186050415,31.65491733851213,1.1454168736934662,0,1,37.19477251492562,1.279455745220185,0,1,47.36232965692386,1.3522476279735565,0,1,Seoul_Tancheon_WWTP
2,2022-09-15,25.2,0.1,20.171149406418685,1.416144847869873,31.65491733851213,1.1454168736934662,0,1,37.19477251492562,1.279455745220185,0,1,47.36232965692386,1.3522476279735565,0,1,Seoul_Tancheon_WWTP
2,2022-09-16,25.7,14.6,35.49960845583797,1.4418208599090576,31.65491733851213,1.1454168736934662,1,1,37.19477251492562,1.279455745220185,0,1,47.36232965692386,1.3522476279735565,0,1,Seoul_Tancheon_WWTP
2,2022-09-17,25.6,4.3,29.117354401427836,1.507969856262207,31.65491733851213,1.1454168736934662,0,1,37.19477251492562,1.279455745220185,0,1,47.36232965692386,1.3522476279735565,0,1,Seoul_Tancheon_WWTP
2,2022-09-18,27.1,0.0,24.142449049429345,1.543822169303894,31.65491733851213,1.1454168736934662,0,1,37.19477251492562,1.279455745220185,0,1,47.36232965692386,1.3522476279735565,0,1,Seoul_Tancheon_WWTP
2,2022-09-19,24.6,0.0,21.764355018646988,0.8207054734230042,31.65491733851213,1.1454168736934662,0,0,37.19477251492562,1.279455745220185,0,0,47.36232965692386,1.3522476279735565,0,0,Seoul_Tancheon_WWTP
2,2022-09-20,19.9,0.0,22.633110417906817,0.8556206226348877,31.65491733851213,1.1454168736934662,0,0,37.19477251492562,1.279455745220185,0,0,47.36232965692386,1.3522476279735565,0,0,Seoul_Tancheon_WWTP
2,2022-09-21,19.4,0.0,23.247045581810752,0.8879672884941101,31.65491733851213,1.1454168736934662,0,0,37.19477251492562,1.279455745220185,0,0,47.36232965692386,1.3522476279735565,0,0,Seoul_Tancheon_WWTP
2,2022-09-22,19.8,0.0,15.556549978427974,0.8076372742652893,31.65491733851213,1.1454168736934662,0,0,37.19477251492562,1.279455745220185,0,0,47.36232965692386,1.3522476279735565,0,0,Seoul_Tancheon_WWTP
2,2022-09-23,17.5,3.3,32.44324480568301,0.8310025930404663,31.65491733851213,1.1454168736934662,1,0,37.19477251492562,1.279455745220185,0,0,47.36232965692386,1.3522476279735565,0,0,Seoul_Tancheon_WWTP
2,2022-09-24,18.5,0.0,31.24729442703708,0.8736767768859863,31.65491733851213,1.1454168736934662,0,0,37.19477251492562,1.279455745220185,0,0,47.36232965692386,1.3522476279735565,0,0,Seoul_Tancheon_WWTP
2,2022-09-25,19.6,0.0,33.94953353357228,0.9844783544540405,31.65491733851213,1.1454168736934662,1,0,37.19477251492562,1.279455745220185,0,0,47.36232965692386,1.3522476279735565,0,0,Seoul_Tancheon_WWTP
2,2022-09-26,20.0,0.0,19.29474334981576,0.8831648230552673,31.65491733851213,1.1454168736934662,0,0,37.19477251492562,1.279455745220185,0,0,47.36232965692386,1.3522476279735565,0,0,Seoul_Tancheon_WWTP
2,2022-09-27,20.9,0.0,20.818947950683466,0.7701260447502136,31.65491733851213,1.1454168736934662,0,0,37.19477251492562,1.279455745220185,0,0,47.36232965692386,1.3522476279735565,0,0,Seoul_Tancheon_WWTP
3,2022-09-28,20.4,0.0,13.59832182772236,0.3534601926803589,28.491807934787666,0.9604541659355148,0,0,32.81685583105358,1.1452013999223714,0,0,41.166960156631546,1.4529683887958524,0,0,Seoul_Tancheon_WWTP
3,2022-09-29,20.4,0.0,14.261716083201616,0.32779979705810547,28.491807934787666,0.9604541659355148,0,0,32.81685583105358,1.1452013999223714,0,0,41.166960156631546,1.4529683887958524,0,0,Seoul_Tancheon_WWTP
3,2022-09-30,20.7,0.0,16.42207503872909,0.34899353981018066,28.491807934787666,0.9604541659355148,0,0,32.81685583105358,1.1452013999223714,0,0,41.166960156631546,1.4529683887958524,0,0,Seoul_Tancheon_WWTP
3,2022-10-01,20.9,0.0,15.898207985658866,0.35144710540771484,28.491807934787666,0.9604541659355148,0,0,32.81685583105358,1.1452013999223714,0,0,41.166960156631546,1.4529683887958524,0,0,Seoul_Tancheon_WWTP
3,2022-10-02,19.4,15.8,21.17468465634707,0.3710636794567108,28.491807934787666,0.9604541659355148,0,0,32.81685583105358,1.1452013999223714,0,0,41.166960156631546,1.4529683887958524,0,0,Seoul_Tancheon_WWTP
3,2022-10-03,21.4,76.0,28.143988098997372,0.7355992794036865,28.491807934787666,0.9604541659355148,0,0,32.81685583105358,1.1452013999223714,0,0,41.166960156631546,1.4529683887958524,0,0,Seoul_Tancheon_WWTP
3,2022-10-04,17.9,11.8,25.996607045303893,0.8571380972862244,28.491807934787666,0.9604541659355148,0,0,32.81685583105358,1.1452013999223714,0,0,41.166960156631546,1.4529683887958524,0,0,Seoul_Tancheon_WWTP
3,2022-10-05,16.6,0.1,14.797591866743595,0.8681377172470093,28.491807934787666,0.9604541659355148,0,0,32.81685583105358,1.1452013999223714,0,0,41.166960156631546,1.4529683887958524,0,0,Seoul_Tancheon_WWTP
3,2022-10-06,15.8,0.0,17.360337306001885,0.8943468928337097,28.491807934787666,0.9604541659355148,0,0,32.81685583105358,1.1452013999223714,0,0,41.166960156631546,1.4529683887958524,0,0,Seoul_Tancheon_WWTP
3,2022-10-07,14.3,0.0,15.209880238457771,0.9165196418762207,28.491807934787666,0.9604541659355148,0,0,32.81685583105358,1.1452013999223714,0,0,41.166960156631546,1.4529683887958524,0,0,Seoul_Tancheon_WWTP
3,2022-10-08,15.8,0.0,19.45669083669059,0.915124773979187,28.491807934787666,0.9604541659355148,0,0,32.81685583105358,1.1452013999223714,0,0,41.166960156631546,1.4529683887958524,0,0,Seoul_Tancheon_WWTP
3,2022-10-09,13.1,20.4,24.358705836244972,0.7927783131599426,28.491807934787666,0.9604541659355148,0,0,32.81685583105358,1.1452013999223714,0,0,41.166960156631546,1.4529683887958524,0,0,Seoul_Tancheon_WWTP
3,2022-10-10,9.9,0.0,22.093960429699848,0.8525399565696716,28.491807934787666,0.9604541659355148,0,0,32.81685583105358,1.1452013999223714,0,0,41.166960156631546,1.4529683887958524,0,0,Seoul_Tancheon_WWTP
3,2022-10-11,11.1,0.0,14.964952233053236,0.849590539932251,28.491807934787666,0.9604541659355148,0,0,32.81685583105358,1.1452013999223714,0,0,41.166960156631546,1.4529683887958524,0,0,Seoul_Tancheon_WWTP
3,2022-10-12,13.5,0.0,22.271219011764394,0.8540275692939758,28.491807934787666,0.9604541659355148,0,0,32.81685583105358,1.1452013999223714,0,0,41.166960156631546,1.4529683887958524,0,0,Seoul_Tancheon_WWTP
3,2022-10-13,16.3,0.0,16.78856218794875,0.8500467538833618,28.491807934787666,0.9604541659355148,0,0,32.81685583105358,1.1452013999223714,0,0,41.166960156631546,1.4529683887958524,0,0,Seoul_Tancheon_WWTP
3,2022-10-14,17.1,0.0,16.399189142811665,0.7975983619689941,28.491807934787666,0.9604541659355148,0,0,32.81685583105358,1.1452013999223714,0,0,41.166960156631546,1.4529683887958524,0,0,Seoul_Tancheon_WWTP
3,2022-10-15,18.2,0.0,22.59511340577826,0.7931363582611084,28.491807934787666,0.9604541659355148,0,0,32.81685583105358,1.1452013999223714,0,0,41.166960156631546,1.4529683887958524,0,0,Seoul_Tancheon_WWTP
3,2022-10-16,16.9,0.0,22.28404034821412,0.873196005821228,28.491807934787666,0.9604541659355148,0,0,32.81685583105358,1.1452013999223714,0,0,41.166960156631546,1.4529683887958524,0,0,Seoul_Tancheon_WWTP
3,2022-10-17,11.2,0.0,22.08209986884232,0.5958141088485718,28.491807934787666,0.9604541659355148,0,0,32.81685583105358,1.1452013999223714,0,0,41.166960156631546,1.4529683887958524,0,0,Seoul_Tancheon_WWTP
3,2022-10-18,9.4,0.0,16.184129161697445,0.42816340923309326,28.491807934787666,0.9604541659355148,0,0,32.81685583105358,1.1452013999223714,0,0,41.166960156631546,1.4529683887958524,0,0,Seoul_Tancheon_WWTP
3,2022-10-19,10.5,0.0,23.83205161893056,0.47780171036720276,28.491807934787666,0.9604541659355148,0,0,32.81685583105358,1.1452013999223714,0,0,41.166960156631546,1.4529683887958524,0,0,Seoul_Tancheon_WWTP
3,2022-10-20,12.9,0.0,20.742863371283818,0.49491390585899353,28.491807934787666,0.9604541659355148,0,0,32.81685583105358,1.1452013999223714,0,0,41.166960156631546,1.4529683887958524,0,0,Seoul_Tancheon_WWTP
3,2022-10-21,14.0,0.0,23.554590851399386,0.5103063583374023,28.491807934787666,0.9604541659355148,0,0,32.81685583105358,1.1452013999223714,0,0,41.166960156631546,1.4529683887958524,0,0,Seoul_Tancheon_WWTP
3,2022-10-22,15.1,0.0,25.5585752546757,0.5176834464073181,28.491807934787666,0.9604541659355148,0,0,32.81685583105358,1.1452013999223714,0,0,41.166960156631546,1.4529683887958524,0,0,Seoul_Tancheon_WWTP
3,2022-10-23,14.0,0.0,25.263270362668166,0.49129143357276917,28.491807934787666,0.9604541659355148,0,0,32.81685583105358,1.1452013999223714,0,0,41.166960156631546,1.4529683887958524,0,0,Seoul_Tancheon_WWTP
3,2022-10-24,10.6,0.0,16.998726718877577,0.45267799496650696,28.491807934787666,0.9604541659355148,0,0,32.81685583105358,1.1452013999223714,0,0,41.166960156631546,1.4529683887958524,0,0,Seoul_Tancheon_WWTP
3,2022-10-25,11.3,0.0,22.827199956528855,0.4683539569377899,28.491807934787666,0.9604541659355148,0,0,32.81685583105358,1.1452013999223714,0,0,41.166960156631546,1.4529683887958524,0,0,Seoul_Tancheon_WWTP
3,2022-10-26,12.9,0.0,18.31952899988287,0.43273061513900757,28.491807934787666,0.9604541659355148,0,0,32.81685583105358,1.1452013999223714,0,0,41.166960156631546,1.4529683887958524,0,0,Seoul_Tancheon_WWTP
3,2022-10-27,13.2,0.0,18.470430019864338,0.43714600801467896,28.491807934787666,0.9604541659355148,0,0,32.81685583105358,1.1452013999223714,0,0,41.166960156631546,1.4529683887958524,0,0,Seoul_Tancheon_WWTP
3,2022-10-28,13.6,0.0,21.08377448364746,0.4397631585597992,28.491807934787666,0.9604541659355148,0,0,32.81685583105358,1.1452013999223714,0,0,41.166960156631546,1.4529683887958524,0,0,Seoul_Tancheon_WWTP
3,2022-10-29,14.8,0.0,26.128948883007723,0.43994343280792236,28.491807934787666,0.9604541659355148,0,0,32.81685583105358,1.1452013999223714,0,0,41.166960156631546,1.4529683887958524,0,0,Seoul_Tancheon_WWTP
3,2022-10-30,14.9,0.0,18.805300145199105,0.40781140327453613,28.491807934787666,0.9604541659355148,0,0,32.81685583105358,1.1452013999223714,0,0,41.166960156631546,1.4529683887958524,0,0,Seoul_Tancheon_WWTP
3,2022-10-31,14.9,0.0,13.564794154658816,0.3916618824005127,28.491807934787666,0.9604541659355148,0,0,32.81685583105358,1.1452013999223714,0,0,41.166960156631546,1.4529683887958524,0,0,Seoul_Tancheon_WWTP
3,2022-11-01,13.1,0.0,14.534151681006037,0.389934778213501,28.491807934787666,0.9604541659355148,0,0,32.81685583105358,1.1452013999223714,0,0,41.166960156631546,1.4529683887958524,0,0,Seoul_Tancheon_WWTP
3,2022-11-02,11.1,0.0,18.630477918617288,0.3523675799369812,28.491807934787666,0.9604541659355148,0,0,32.81685583105358,1.1452013999223714,0,0,41.166960156631546,1.4529683887958524,0,0,Seoul_Tancheon_WWTP
3,2022-11-03,9.3,0.0,15.762847975183726,0.34060046076774597,28.491807934787666,0.9604541659355148,0,0,32.81685583105358,1.1452013999223714,0,0,41.166960156631546,1.4529683887958524,0,0,Seoul_Tancheon_WWTP
3,2022-11-04,4.9,0.0,15.610218982479099,0.33841508626937866,28.491807934787666,0.9604541659355148,0,0,32.81685583105358,1.1452013999223714,0,0,41.166960156631546,1.4529683887958524,0,0,Seoul_Tancheon_WWTP
3,2022-11-05,6.5,0.0,19.56872262281993,0.33503827452659607,28.491807934787666,0.9604541659355148,0,0,32.81685583105358,1.1452013999223714,0,0,41.166960156631546,1.4529683887958524,0,0,Seoul_Tancheon_WWTP
3,2022-11-06,9.6,0.0,17.082320677902537,0.34614554047584534,28.491807934787666,0.9604541659355148,0,0,32.81685583105358,1.1452013999223714,0,0,41.166960156631546,1.4529683887958524,0,0,Seoul_Tancheon_WWTP
3,2022-11-07,11.4,0.0,13.989063597142701,0.3503863215446472,28.491807934787666,0.9604541659355148,0,0,32.81685583105358,1.1452013999223714,0,0,41.166960156631546,1.4529683887958524,0,0,Seoul_Tancheon_WWTP
3,2022-11-08,12.9,0.0,13.388247467999092,0.3569719195365906,28.491807934787666,0.9604541659355148,0,0,32.81685583105358,1.1452013999223714,0,0,41.166960156631546,1.4529683887958524,0,0,Seoul_Tancheon_WWTP
3,2022-11-09,11.4,0.0,19.665917754616665,0.36560574173927307,28.491807934787666,0.9604541659355148,0,0,32.81685583105358,1.1452013999223714,0,0,41.166960156631546,1.4529683887958524,0,0,Seoul_Tancheon_WWTP
3,2022-11-10,13.5,0.0,18.312513603246366,0.35111528635025024,28.491807934787666,0.9604541659355148,0,0,32.81685583105358,1.1452013999223714,0,0,41.166960156631546,1.4529683887958524,0,0,Seoul_Tancheon_WWTP
3,2022-11-11,15.6,0.0,13.305605846122518,0.3477020561695099,28.491807934787666,0.9604541659355148,0,0,32.81685583105358,1.1452013999223714,0,0,41.166960156631546,1.4529683887958524,0,0,Seoul_Tancheon_WWTP
3,2022-11-12,16.3,57.9,41.71736289600585,0.40106824040412903,28.491807934787666,0.9604541659355148,1,0,32.81685583105358,1.1452013999223714,1,0,41.166960156631546,1.4529683887958524,1,0,Seoul_Tancheon_WWTP
3,2022-11-13,10.3,0.0,16.97215048880773,0.4416298568248749,28.491807934787666,0.9604541659355148,0,0,32.81685583105358,1.1452013999223714,0,0,41.166960156631546,1.4529683887958524,0,0,Seoul_Tancheon_WWTP
3,2022-11-14,9.7,0.0,13.383764227914828,0.4676802456378937,28.491807934787666,0.9604541659355148,0,0,32.81685583105358,1.1452013999223714,0,0,41.166960156631546,1.4529683887958524,0,0,Seoul_Tancheon_WWTP
3,2022-11-15,8.1,1.6,11.88184064997742,0.47362637519836426,28.491807934787666,0.9604541659355148,0,0,32.81685583105358,1.1452013999223714,0,0,41.166960156631546,1.4529683887958524,0,0,Seoul_Tancheon_WWTP
3,2022-11-16,8.5,0.0,14.669698165945382,0.5024884343147278,28.491807934787666,0.9604541659355148,0,0,32.81685583105358,1.1452013999223714,0,0,41.166960156631546,1.4529683887958524,0,0,Seoul_Tancheon_WWTP
3,2022-11-17,10.2,0.0,14.500741819318444,0.44105249643325806,28.491807934787666,0.9604541659355148,0,0,32.81685583105358,1.1452013999223714,0,0,41.166960156631546,1.4529683887958524,0,0,Seoul_Tancheon_WWTP
3,2022-11-18,11.0,0.0,17.17250268296014,0.40987756848335266,28.491807934787666,0.9604541659355148,0,0,32.81685583105358,1.1452013999223714,0,0,41.166960156631546,1.4529683887958524,0,0,Seoul_Tancheon_WWTP
3,2022-11-19,12.9,0.0,20.81612603880984,0.4187224209308624,28.491807934787666,0.9604541659355148,0,0,32.81685583105358,1.1452013999223714,0,0,41.166960156631546,1.4529683887958524,0,0,Seoul_Tancheon_WWTP
3,2022-11-20,13.7,0.0,22.504332524112108,0.418240487575531,28.491807934787666,0.9604541659355148,0,0,32.81685583105358,1.1452013999223714,0,0,41.166960156631546,1.4529683887958524,0,0,Seoul_Tancheon_WWTP
3,2022-11-21,11.8,0.0,14.851870848255535,0.4664362072944641,28.491807934787666,0.9604541659355148,0,0,32.81685583105358,1.1452013999223714,0,0,41.166960156631546,1.4529683887958524,0,0,Seoul_Tancheon_WWTP
3,2022-11-22,10.7,0.0,17.937141497120994,0.48264357447624207,28.491807934787666,0.9604541659355148,0,0,32.81685583105358,1.1452013999223714,0,0,41.166960156631546,1.4529683887958524,0,0,Seoul_Tancheon_WWTP
3,2022-11-23,10.8,0.0,19.762735879777544,0.44103506207466125,28.491807934787666,0.9604541659355148,0,0,32.81685583105358,1.1452013999223714,0,0,41.166960156631546,1.4529683887958524,0,0,Seoul_Tancheon_WWTP
3,2022-11-24,9.4,0.0,18.122311453716968,0.4459463953971863,28.491807934787666,0.9604541659355148,0,0,32.81685583105358,1.1452013999223714,0,0,41.166960156631546,1.4529683887958524,0,0,Seoul_Tancheon_WWTP
3,2022-11-25,12.3,1.7,17.26328921136414,0.4603606164455414,28.491807934787666,0.9604541659355148,0,0,32.81685583105358,1.1452013999223714,0,0,41.166960156631546,1.4529683887958524,0,0,Seoul_Tancheon_WWTP
3,2022-11-26,6.7,0.0,21.871827066558538,0.43442681431770325,28.491807934787666,0.9604541659355148,0,0,32.81685583105358,1.1452013999223714,0,0,41.166960156631546,1.4529683887958524,0,0,Seoul_Tancheon_WWTP
3,2022-11-27,5.4,0.0,23.528020606599256,0.4114817976951599,28.491807934787666,0.9604541659355148,0,0,32.81685583105358,1.1452013999223714,0,0,41.166960156631546,1.4529683887958524,0,0,Seoul_Tancheon_WWTP
3,2022-11-28,12.3,19.5,22.90888145090681,0.4189055263996124,28.491807934787666,0.9604541659355148,0,0,32.81685583105358,1.1452013999223714,0,0,41.166960156631546,1.4529683887958524,0,0,Seoul_Tancheon_WWTP
3,2022-11-29,6.9,3.8,22.482672855762523,0.45156171917915344,28.491807934787666,0.9604541659355148,0,0,32.81685583105358,1.1452013999223714,0,0,41.166960156631546,1.4529683887958524,0,0,Seoul_Tancheon_WWTP
3,2022-11-30,-5.4,0.0,19.705621661724635,0.4959661364555359,28.491807934787666,0.9604541659355148,0,0,32.81685583105358,1.1452013999223714,0,0,41.166960156631546,1.4529683887958524,0,0,Seoul_Tancheon_WWTP
3,2022-12-01,-5.4,0.0,17.963417509588204,0.548927903175354,28.491807934787666,0.9604541659355148,0,0,32.81685583105358,1.1452013999223714,0,0,41.166960156631546,1.4529683887958524,0,0,Seoul_Tancheon_WWTP
3,2022-12-02,-2.5,0.0,16.475821681195388,0.5687999725341797,28.491807934787666,0.9604541659355148,0,0,32.81685583105358,1.1452013999223714,0,0,41.166960156631546,1.4529683887958524,0,0,Seoul_Tancheon_WWTP
3,2022-12-03,2.1,1.1,16.454123465941503,0.5688573122024536,28.491807934787666,0.9604541659355148,0,0,32.81685583105358,1.1452013999223714,0,0,41.166960156631546,1.4529683887958524,0,0,Seoul_Tancheon_WWTP
3,2022-12-04,-3.5,0.0,22.396262383490235,0.5664595365524292,28.491807934787666,0.9604541659355148,0,0,32.81685583105358,1.1452013999223714,0,0,41.166960156631546,1.4529683887958524,0,0,Seoul_Tancheon_WWTP
3,2022-12-05,-3.1,0.0,15.98286083343913,0.5330159068107605,28.491807934787666,0.9604541659355148,0,0,32.81685583105358,1.1452013999223714,0,0,41.166960156631546,1.4529683887958524,0,0,Seoul_Tancheon_WWTP
3,2022-12-06,0.9,0.1,16.08766209016978,0.5135025382041931,28.491807934787666,0.9604541659355148,0,0,32.81685583105358,1.1452013999223714,0,0,41.166960156631546,1.4529683887958524,0,0,Seoul_Tancheon_WWTP
3,2022-12-07,4.9,0.1,16.63267129262325,0.4961169362068176,28.491807934787666,0.9604541659355148,0,0,32.81685583105358,1.1452013999223714,0,0,41.166960156631546,1.4529683887958524,0,0,Seoul_Tancheon_WWTP
3,2022-12-08,3.7,0.0,17.06491324937798,0.4935769736766815,28.491807934787666,0.9604541659355148,0,0,32.81685583105358,1.1452013999223714,0,0,41.166960156631546,1.4529683887958524,0,0,Seoul_Tancheon_WWTP
3,2022-12-09,4.5,0.0,17.219371617211394,0.5498051047325134,28.491807934787666,0.9604541659355148,0,0,32.81685583105358,1.1452013999223714,0,0,41.166960156631546,1.4529683887958524,0,0,Seoul_Tancheon_WWTP
3,2022-12-10,2.6,0.0,17.67900990692879,0.5359346866607666,28.491807934787666,0.9604541659355148,0,0,32.81685583105358,1.1452013999223714,0,0,41.166960156631546,1.4529683887958524,0,0,Seoul_Tancheon_WWTP
3,2022-12-11,1.6,0.0,20.438750529258588,0.5283545851707458,28.491807934787666,0.9604541659355148,0,0,32.81685583105358,1.1452013999223714,0,0,41.166960156631546,1.4529683887958524,0,0,Seoul_Tancheon_WWTP
3,2022-12-12,2.0,5.4,37.18119919171749,0.5628006458282471,28.491807934787666,0.9604541659355148,1,0,32.81685583105358,1.1452013999223714,1,0,41.166960156631546,1.4529683887958524,0,0,Seoul_Tancheon_WWTP
3,2022-12-13,0.0,0.6,17.105895894287876,0.49123498797416687,28.491807934787666,0.9604541659355148,0,0,32.81685583105358,1.1452013999223714,0,0,41.166960156631546,1.4529683887958524,0,0,Seoul_Tancheon_WWTP
3,2022-12-14,-8.4,0.0,25.376762499739808,0.4647456109523773,28.491807934787666,0.9604541659355148,0,0,32.81685583105358,1.1452013999223714,0,0,41.166960156631546,1.4529683887958524,0,0,Seoul_Tancheon_WWTP
3,2022-12-15,-4.5,2.4,28.533575027189,0.49696609377861023,28.491807934787666,0.9604541659355148,1,0,32.81685583105358,1.1452013999223714,0,0,41.166960156631546,1.4529683887958524,0,0,Seoul_Tancheon_WWTP
3,2022-12-16,-6.3,0.0,33.977191338533736,0.6116977334022522,28.491807934787666,0.9604541659355148,1,0,32.81685583105358,1.1452013999223714,1,0,41.166960156631546,1.4529683887958524,0,0,Seoul_Tancheon_WWTP
3,2022-12-17,-7.0,0.2,24.09865077826321,0.6075212955474854,28.491807934787666,0.9604541659355148,0,0,32.81685583105358,1.1452013999223714,0,0,41.166960156631546,1.4529683887958524,0,0,Seoul_Tancheon_WWTP
3,2022-12-18,-9.5,0.0,25.66709098689361,0.5979856848716736,28.491807934787666,0.9604541659355148,0,0,32.81685583105358,1.1452013999223714,0,0,41.166960156631546,1.4529683887958524,0,0,Seoul_Tancheon_WWTP
3,2022-12-19,-7.0,0.0,20.56065465415865,0.5918727517127991,28.491807934787666,0.9604541659355148,0,0,32.81685583105358,1.1452013999223714,0,0,41.166960156631546,1.4529683887958524,0,0,Seoul_Tancheon_WWTP
3,2022-12-20,-3.2,0.0,17.791720430630853,0.5836385488510132,28.491807934787666,0.9604541659355148,0,0,32.81685583105358,1.1452013999223714,0,0,41.166960156631546,1.4529683887958524,0,0,Seoul_Tancheon_WWTP
3,2022-12-21,-0.1,3.6,24.31493897329043,0.6335073113441467,28.491807934787666,0.9604541659355148,0,0,32.81685583105358,1.1452013999223714,0,0,41.166960156631546,1.4529683887958524,0,0,Seoul_Tancheon_WWTP
3,2022-12-22,-7.8,0.0,22.883020076783257,0.6775736212730408,28.491807934787666,0.9604541659355148,0,0,32.81685583105358,1.1452013999223714,0,0,41.166960156631546,1.4529683887958524,0,0,Seoul_Tancheon_WWTP
3,2022-12-23,-11.8,0.0,24.053797272197695,0.699411153793335,28.491807934787666,0.9604541659355148,0,0,32.81685583105358,1.1452013999223714,0,0,41.166960156631546,1.4529683887958524,0,0,Seoul_Tancheon_WWTP
3,2022-12-24,-8.4,0.0,23.74425415633747,0.7296018004417419,28.491807934787666,0.9604541659355148,0,0,32.81685583105358,1.1452013999223714,0,0,41.166960156631546,1.4529683887958524,0,0,Seoul_Tancheon_WWTP
3,2022-12-25,-5.4,0.0,21.104039988898712,0.7428666353225708,28.491807934787666,0.9604541659355148,0,0,32.81685583105358,1.1452013999223714,0,0,41.166960156631546,1.4529683887958524,0,0,Seoul_Tancheon_WWTP
3,2022-12-26,-3.9,0.0,19.719928657704195,0.7361636757850647,28.491807934787666,0.9604541659355148,0,0,32.81685583105358,1.1452013999223714,0,0,41.166960156631546,1.4529683887958524,0,0,Seoul_Tancheon_WWTP
4,2022-12-27,-2.6,0.0,20.517839660839357,0.5898696184158325,30.66961402763035,1.0498245775699613,0,0,36.35711938049835,1.3114663034677514,0,0,45.082141765320436,1.5982482588291165,0,0,Seoul_Tancheon_WWTP
4,2022-12-28,-3.3,0.1,19.185569984606595,0.6157793998718262,30.66961402763035,1.0498245775699613,0,0,36.35711938049835,1.3114663034677514,0,0,45.082141765320436,1.5982482588291165,0,0,Seoul_Tancheon_WWTP
4,2022-12-29,-2.9,0.0,20.07162771974534,0.6701720952987671,30.66961402763035,1.0498245775699613,0,0,36.35711938049835,1.3114663034677514,0,0,45.082141765320436,1.5982482588291165,0,0,Seoul_Tancheon_WWTP
4,2022-12-30,-1.8,0.0,19.77054738208904,0.6746006011962891,30.66961402763035,1.0498245775699613,0,0,36.35711938049835,1.3114663034677514,0,0,45.082141765320436,1.5982482588291165,0,0,Seoul_Tancheon_WWTP
4,2022-12-31,-1.2,0.0,21.630284130329233,0.6345068216323853,30.66961402763035,1.0498245775699613,0,0,36.35711938049835,1.3114663034677514,0,0,45.082141765320436,1.5982482588291165,0,0,Seoul_Tancheon_WWTP
4,2023-01-01,-0.2,0.0,20.317319575977532,0.5553979873657227,30.66961402763035,1.0498245775699613,0,0,36.35711938049835,1.3114663034677514,0,0,45.082141765320436,1.5982482588291165,0,0,Seoul_Tancheon_WWTP
4,2023-01-02,-4.5,0.0,18.410532750008862,0.5491223335266113,30.66961402763035,1.0498245775699613,0,0,36.35711938049835,1.3114663034677514,0,0,45.082141765320436,1.5982482588291165,0,0,Seoul_Tancheon_WWTP
4,2023-01-03,-5.0,0.0,19.274483074230666,0.5466845035552979,30.66961402763035,1.0498245775699613,0,0,36.35711938049835,1.3114663034677514,0,0,45.082141765320436,1.5982482588291165,0,0,Seoul_Tancheon_WWTP
4,2023-01-04,-1.8,0.0,18.387075593450806,0.48307105898857117,30.66961402763035,1.0498245775699613,0,0,36.35711938049835,1.3114663034677514,0,0,45.082141765320436,1.5982482588291165,0,0,Seoul_Tancheon_WWTP
4,2023-01-05,-1.6,0.0,18.71998788236429,0.46843478083610535,30.66961402763035,1.0498245775699613,0,0,36.35711938049835,1.3114663034677514,0,0,45.082141765320436,1.5982482588291165,0,0,Seoul_Tancheon_WWTP
4,2023-01-06,0.6,3.9,18.91716499773172,0.45095768570899963,30.66961402763035,1.0498245775699613,0,0,36.35711938049835,1.3114663034677514,0,0,45.082141765320436,1.5982482588291165,0,0,Seoul_Tancheon_WWTP
4,2023-01-07,1.5,0.1,19.162137763816766,0.4504947066307068,30.66961402763035,1.0498245775699613,0,0,36.35711938049835,1.3114663034677514,0,0,45.082141765320436,1.5982482588291165,0,0,Seoul_Tancheon_WWTP
4,2023-01-08,1.3,0.0,18.666622866499228,0.4061732292175293,30.66961402763035,1.0498245775699613,0,0,36.35711938049835,1.3114663034677514,0,0,45.082141765320436,1.5982482588291165,0,0,Seoul_Tancheon_WWTP
4,2023-01-09,3.1,0.0,20.19628110648157,0.4558970630168915,30.66961402763035,1.0498245775699613,0,0,36.35711938049835,1.3114663034677514,0,0,45.082141765320436,1.5982482588291165,0,0,Seoul_Tancheon_WWTP
4,2023-01-10,1.6,0.0,22.853866900030816,0.46720239520072937,30.66961402763035,1.0498245775699613,0,0,36.35711938049835,1.3114663034677514,0,0,45.082141765320436,1.5982482588291165,0,0,Seoul_Tancheon_WWTP
4,2023-01-11,2.6,0.0,20.112183896840403,0.46406447887420654,30.66961402763035,1.0498245775699613,0,0,36.35711938049835,1.3114663034677514,0,0,45.082141765320436,1.5982482588291165,0,0,Seoul_Tancheon_WWTP
4,2023-01-12,5.9,0.0,22.19190583231323,0.4824289381504059,30.66961402763035,1.0498245775699613,0,0,36.35711938049835,1.3114663034677514,0,0,45.082141765320436,1.5982482588291165,0,0,Seoul_Tancheon_WWTP
4,2023-01-13,8.3,37.3,32.947098628777965,0.6450839638710022,30.66961402763035,1.0498245775699613,1,0,36.35711938049835,1.3114663034677514,0,0,45.082141765320436,1.5982482588291165,0,0,Seoul_Tancheon_WWTP
4,2023-01-14,6.6,1.6,16.544440349773144,0.7518653869628906,30.66961402763035,1.0498245775699613,0,0,36.35711938049835,1.3114663034677514,0,0,45.082141765320436,1.5982482588291165,0,0,Seoul_Tancheon_WWTP
4,2023-01-15,-0.2,3.2,15.798062421626232,0.7388643622398376,30.66961402763035,1.0498245775699613,0,0,36.35711938049835,1.3114663034677514,0,0,45.082141765320436,1.5982482588291165,0,0,Seoul_Tancheon_WWTP
4,2023-01-16,-4.6,0.0,21.636863518296646,0.7854467630386353,30.66961402763035,1.0498245775699613,0,0,36.35711938049835,1.3114663034677514,0,0,45.082141765320436,1.5982482588291165,0,0,Seoul_Tancheon_WWTP
4,2023-01-17,-3.7,0.0,20.741784971864657,0.7400858402252197,30.66961402763035,1.0498245775699613,0,0,36.35711938049835,1.3114663034677514,0,0,45.082141765320436,1.5982482588291165,0,0,Seoul_Tancheon_WWTP
4,2023-01-18,-1.9,0.0,21.91328661953344,0.7433725595474243,30.66961402763035,1.0498245775699613,0,0,36.35711938049835,1.3114663034677514,0,0,45.082141765320436,1.5982482588291165,0,0,Seoul_Tancheon_WWTP
4,2023-01-19,-0.4,1.0,21.920101548207892,0.7487269639968872,30.66961402763035,1.0498245775699613,0,0,36.35711938049835,1.3114663034677514,0,0,45.082141765320436,1.5982482588291165,0,0,Seoul_Tancheon_WWTP
4,2023-01-20,-3.3,0.0,25.59938349526332,0.764004111289978,30.66961402763035,1.0498245775699613,0,0,36.35711938049835,1.3114663034677514,0,0,45.082141765320436,1.5982482588291165,0,0,Seoul_Tancheon_WWTP
4,2023-01-21,-4.5,0.0,31.036356765222415,0.7774128913879395,30.66961402763035,1.0498245775699613,1,0,36.35711938049835,1.3114663034677514,0,0,45.082141765320436,1.5982482588291165,0,0,Seoul_Tancheon_WWTP
4,2023-01-22,-0.6,0.0,26.531887348721753,0.8414223790168762,30.66961402763035,1.0498245775699613,0,0,36.35711938049835,1.3114663034677514,0,0,45.082141765320436,1.5982482588291165,0,0,Seoul_Tancheon_WWTP
4,2023-01-23,-0.8,0.0,22.369654523827617,0.8638851046562195,30.66961402763035,1.0498245775699613,0,0,36.35711938049835,1.3114663034677514,0,0,45.082141765320436,1.5982482588291165,0,0,Seoul_Tancheon_WWTP
4,2023-01-24,-14.7,0.0,24.160384636331678,0.6841532588005066,30.66961402763035,1.0498245775699613,0,0,36.35711938049835,1.3114663034677514,0,0,45.082141765320436,1.5982482588291165,0,0,Seoul_Tancheon_WWTP
4,2023-01-25,-11.3,0.0,22.784471704444226,0.7422274947166443,30.66961402763035,1.0498245775699613,0,0,36.35711938049835,1.3114663034677514,0,0,45.082141765320436,1.5982482588291165,0,0,Seoul_Tancheon_WWTP
4,2023-01-26,-6.0,0.8,21.579730849889103,0.8722125887870789,30.66961402763035,1.0498245775699613,0,0,36.35711938049835,1.3114663034677514,0,0,45.082141765320436,1.5982482588291165,0,0,Seoul_Tancheon_WWTP
4,2023-01-27,-7.3,0.0,22.22418250757328,0.7653331756591797,30.66961402763035,1.0498245775699613,0,0,36.35711938049835,1.3114663034677514,0,0,45.082141765320436,1.5982482588291165,0,0,Seoul_Tancheon_WWTP
4,2023-01-28,-6.0,0.0,26.234457358270436,0.8721571564674377,30.66961402763035,1.0498245775699613,0,0,36.35711938049835,1.3114663034677514,0,0,45.082141765320436,1.5982482588291165,0,0,Seoul_Tancheon_WWTP
4,2023-01-29,-1.8,0.0,19.776842062381103,0.8624514937400818,30.66961402763035,1.0498245775699613,0,0,36.35711938049835,1.3114663034677514,0,0,45.082141765320436,1.5982482588291165,0,0,Seoul_Tancheon_WWTP
4,2023-01-30,-0.9,0.0,19.63343483620685,0.9244064092636108,30.66961402763035,1.0498245775699613,0,0,36.35711938049835,1.3114663034677514,0,0,45.082141765320436,1.5982482588291165,0,0,Seoul_Tancheon_WWTP
4,2023-01-31,2.4,0.0,24.284940462799927,0.9512436389923096,30.66961402763035,1.0498245775699613,0,0,36.35711938049835,1.3114663034677514,0,0,45.082141765320436,1.5982482588291165,0,0,Seoul_Tancheon_WWTP
4,2023-02-01,0.9,0.0,18.07651348620695,0.9359837770462036,30.66961402763035,1.0498245775699613,0,0,36.35711938049835,1.3114663034677514,0,0,45.082141765320436,1.5982482588291165,0,0,Seoul_Tancheon_WWTP
4,2023-02-02,-2.4,0.0,21.41343112915774,1.0317158699035645,30.66961402763035,1.0498245775699613,0,0,36.35711938049835,1.3114663034677514,0,0,45.082141765320436,1.5982482588291165,0,0,Seoul_Tancheon_WWTP
4,2023-02-03,-1.6,0.0,18.58427281607744,1.0778306722640991,30.66961402763035,1.0498245775699613,0,1,36.35711938049835,1.3114663034677514,0,0,45.082141765320436,1.5982482588291165,0,0,Seoul_Tancheon_WWTP
4,2023-02-04,-0.2,0.0,18.06534386830012,0.9265131950378418,30.66961402763035,1.0498245775699613,0,0,36.35711938049835,1.3114663034677514,0,0,45.082141765320436,1.5982482588291165,0,0,Seoul_Tancheon_WWTP
4,2023-02-05,1.7,0.0,20.244545883122772,0.7940824627876282,30.66961402763035,1.0498245775699613,0,0,36.35711938049835,1.3114663034677514,0,0,45.082141765320436,1.5982482588291165,0,0,Seoul_Tancheon_WWTP
4,2023-02-06,3.0,0.0,20.926901470906493,0.7627996802330017,30.66961402763035,1.0498245775699613,0,0,36.35711938049835,1.3114663034677514,0,0,45.082141765320436,1.5982482588291165,0,0,Seoul_Tancheon_WWTP
4,2023-02-07,3.5,0.0,17.66969265900731,0.7402456402778625,30.66961402763035,1.0498245775699613,0,0,36.35711938049835,1.3114663034677514,0,0,45.082141765320436,1.5982482588291165,0,0,Seoul_Tancheon_WWTP
4,2023-02-08,2.1,0.0,21.39385284599947,0.7392799258232117,30.66961402763035,1.0498245775699613,0,0,36.35711938049835,1.3114663034677514,0,0,45.082141765320436,1.5982482588291165,0,0,Seoul_Tancheon_WWTP
4,2023-02-09,4.0,0.0,22.223788842267314,0.708431601524353,30.66961402763035,1.0498245775699613,0,0,36.35711938049835,1.3114663034677514,0,0,45.082141765320436,1.5982482588291165,0,0,Seoul_Tancheon_WWTP
4,2023-02-10,3.8,0.6,19.26732709896569,0.7506007552146912,30.66961402763035,1.0498245775699613,0,0,36.35711938049835,1.3114663034677514,0,0,45.082141765320436,1.5982482588291165,0,0,Seoul_Tancheon_WWTP
4,2023-02-11,2.8,0.0,22.69011092409453,0.7840740084648132,30.66961402763035,1.0498245775699613,0,0,36.35711938049835,1.3114663034677514,0,0,45.082141765320436,1.5982482588291165,0,0,Seoul_Tancheon_WWTP
4,2023-02-12,3.7,0.0,19.681291689851726,0.7468242645263672,30.66961402763035,1.0498245775699613,0,0,36.35711938049835,1.3114663034677514,0,0,45.082141765320436,1.5982482588291165,0,0,Seoul_Tancheon_WWTP
4,2023-02-13,5.9,0.0,22.845101025968233,0.783226490020752,30.66961402763035,1.0498245775699613,0,0,36.35711938049835,1.3114663034677514,0,0,45.082141765320436,1.5982482588291165,0,0,Seoul_Tancheon_WWTP
4,2023-02-14,1.7,0.0,18.95996930853461,0.7246062755584717,30.66961402763035,1.0498245775699613,0,0,36.35711938049835,1.3114663034677514,0,0,45.082141765320436,1.5982482588291165,0,0,Seoul_Tancheon_WWTP
4,2023-02-15,3.2,0.0,22.417447307167276,0.7329897880554199,30.66961402763035,1.0498245775699613,0,0,36.35711938049835,1.3114663034677514,0,0,45.082141765320436,1.5982482588291165,0,0,Seoul_Tancheon_WWTP
4,2023-02-16,2.3,0.0,20.50430989943576,0.7227305173873901,30.66961402763035,1.0498245775699613,0,0,36.35711938049835,1.3114663034677514,0,0,45.082141765320436,1.5982482588291165,0,0,Seoul_Tancheon_WWTP
4,2023-02-17,3.4,0.0,24.728451649523304,0.7306928038597107,30.66961402763035,1.0498245775699613,0,0,36.35711938049835,1.3114663034677514,0,0,45.082141765320436,1.5982482588291165,0,0,Seoul_Tancheon_WWTP
4,2023-02-18,5.7,0.0,23.424501794100326,0.7324814200401306,30.66961402763035,1.0498245775699613,0,0,36.35711938049835,1.3114663034677514,0,0,45.082141765320436,1.5982482588291165,0,0,Seoul_Tancheon_WWTP
4,2023-02-19,3.5,0.4,20.438462667334317,0.8053836226463318,30.66961402763035,1.0498245775699613,0,0,36.35711938049835,1.3114663034677514,0,0,45.082141765320436,1.5982482588291165,0,0,Seoul_Tancheon_WWTP
4,2023-02-20,-0.5,0.0,27.700642276581878,0.8075964450836182,30.66961402763035,1.0498245775699613,0,0,36.35711938049835,1.3114663034677514,0,0,45.082141765320436,1.5982482588291165,0,0,Seoul_Tancheon_WWTP
4,2023-02-21,-1.3,0.0,21.32904037165693,0.8244034051895142,30.66961402763035,1.0498245775699613,0,0,36.35711938049835,1.3114663034677514,0,0,45.082141765320436,1.5982482588291165,0,0,Seoul_Tancheon_WWTP
4,2023-02-22,1.2,0.0,22.089513793958282,0.8131064176559448,30.66961402763035,1.0498245775699613,0,0,36.35711938049835,1.3114663034677514,0,0,45.082141765320436,1.5982482588291165,0,0,Seoul_Tancheon_WWTP
4,2023-02-23,2.9,0.0,19.550141163066346,0.7640405893325806,30.66961402763035,1.0498245775699613,0,0,36.35711938049835,1.3114663034677514,0,0,45.082141765320436,1.5982482588291165,0,0,Seoul_Tancheon_WWTP
4,2023-02-24,3.5,0.0,18.377281374713466,0.7456645965576172,30.66961402763035,1.0498245775699613,0,0,36.35711938049835,1.3114663034677514,0,0,45.082141765320436,1.5982482588291165,0,0,Seoul_Tancheon_WWTP
4,2023-02-25,0.7,0.0,20.264892094812357,0.6443044543266296,30.66961402763035,1.0498245775699613,0,0,36.35711938049835,1.3114663034677514,0,0,45.082141765320436,1.5982482588291165,0,0,Seoul_Tancheon_WWTP
4,2023-02-26,2.2,0.0,21.880289926158945,0.641430139541626,30.66961402763035,1.0498245775699613,0,0,36.35711938049835,1.3114663034677514,0,0,45.082141765320436,1.5982482588291165,0,0,Seoul_Tancheon_WWTP
4,2023-02-27,4.4,0.0,26.38269766261133,0.5695890784263611,30.66961402763035,1.0498245775699613,0,0,36.35711938049835,1.3114663034677514,0,0,45.082141765320436,1.5982482588291165,0,0,Seoul_Tancheon_WWTP
4,2023-02-28,4.3,0.0,20.933148400737743,0.5485508441925049,30.66961402763035,1.0498245775699613,0,0,36.35711938049835,1.3114663034677514,0,0,45.082141765320436,1.5982482588291165,0,0,Seoul_Tancheon_WWTP
4,2023-03-01,6.0,0.0,21.240753889424845,0.561107337474823,30.66961402763035,1.0498245775699613,0,0,36.35711938049835,1.3114663034677514,0,0,45.082141765320436,1.5982482588291165,0,0,Seoul_Tancheon_WWTP
4,2023-03-02,2.2,0.0,18.941110111593744,0.5417764782905579,30.66961402763035,1.0498245775699613,0,0,36.35711938049835,1.3114663034677514,0,0,45.082141765320436,1.5982482588291165,0,0,Seoul_Tancheon_WWTP
4,2023-03-03,4.6,0.0,22.861657463963166,0.5205720067024231,30.66961402763035,1.0498245775699613,0,0,36.35711938049835,1.3114663034677514,0,0,45.082141765320436,1.5982482588291165,0,0,Seoul_Tancheon_WWTP
4,2023-03-04,7.7,0.0,20.806205241705726,0.4842098653316498,30.66961402763035,1.0498245775699613,0,0,36.35711938049835,1.3114663034677514,0,0,45.082141765320436,1.5982482588291165,0,0,Seoul_Tancheon_WWTP
4,2023-03-05,8.0,0.0,24.62416446950413,0.4864330589771271,30.66961402763035,1.0498245775699613,0,0,36.35711938049835,1.3114663034677514,0,0,45.082141765320436,1.5982482588291165,0,0,Seoul_Tancheon_WWTP
4,2023-03-06,9.2,0.0,25.49580134617199,0.41841423511505127,30.66961402763035,1.0498245775699613,0,0,36.35711938049835,1.3114663034677514,0,0,45.082141765320436,1.5982482588291165,0,0,Seoul_Tancheon_WWTP
4,2023-03-07,11.7,0.0,23.403004737418854,0.4231264889240265,30.66961402763035,1.0498245775699613,0,0,36.35711938049835,1.3114663034677514,0,0,45.082141765320436,1.5982482588291165,0,0,Seoul_Tancheon_WWTP
4,2023-03-08,12.5,1.2,21.83344914596715,0.41164809465408325,30.66961402763035,1.0498245775699613,0,0,36.35711938049835,1.3114663034677514,0,0,45.082141765320436,1.5982482588291165,0,0,Seoul_Tancheon_WWTP
4,2023-03-09,10.3,3.7,24.341387430047295,0.4455293118953705,30.66961402763035,1.0498245775699613,0,0,36.35711938049835,1.3114663034677514,0,0,45.082141765320436,1.5982482588291165,0,0,Seoul_Tancheon_WWTP
4,2023-03-10,13.5,0.0,28.060730501482496,0.45406144857406616,30.66961402763035,1.0498245775699613,0,0,36.35711938049835,1.3114663034677514,0,0,45.082141765320436,1.5982482588291165,0,0,Seoul_Tancheon_WWTP
4,2023-03-11,15.2,0.0,20.990640764721928,0.44348207116127014,30.66961402763035,1.0498245775699613,0,0,36.35711938049835,1.3114663034677514,0,0,45.082141765320436,1.5982482588291165,0,0,Seoul_Tancheon_WWTP
4,2023-03-12,5.9,5.6,26.24016648681023,0.44152316451072693,30.66961402763035,1.0498245775699613,0,0,36.35711938049835,1.3114663034677514,0,0,45.082141765320436,1.5982482588291165,0,0,Seoul_Tancheon_WWTP
4,2023-03-13,2.9,0.0,43.741961327473376,0.4759993255138397,30.66961402763035,1.0498245775699613,1,0,36.35711938049835,1.3114663034677514,1,0,45.082141765320436,1.5982482588291165,0,0,Seoul_Tancheon_WWTP
4,2023-03-14,9.2,0.0,29.008937049873733,0.5087488293647766,30.66961402763035,1.0498245775699613,0,0,36.35711938049835,1.3114663034677514,0,0,45.082141765320436,1.5982482588291165,0,0,Seoul_Tancheon_WWTP
4,2023-03-15,8.6,0.0,26.23394418572879,0.5220766067504883,30.66961402763035,1.0498245775699613,0,0,36.35711938049835,1.3114663034677514,0,0,45.082141765320436,1.5982482588291165,0,0,Seoul_Tancheon_WWTP
4,2023-03-16,4.6,0.0,22.04591268953348,0.5410858392715454,30.66961402763035,1.0498245775699613,0,0,36.35711938049835,1.3114663034677514,0,0,45.082141765320436,1.5982482588291165,0,0,Seoul_Tancheon_WWTP
4,2023-03-17,7.2,0.0,28.258089271326874,0.5462981462478638,30.66961402763035,1.0498245775699613,0,0,36.35711938049835,1.3114663034677514,0,0,45.082141765320436,1.5982482588291165,0,0,Seoul_Tancheon_WWTP
4,2023-03-18,7.7,0.0,24.618415690849304,0.5502122044563293,30.66961402763035,1.0498245775699613,0,0,36.35711938049835,1.3114663034677514,0,0,45.082141765320436,1.5982482588291165,0,0,Seoul_Tancheon_WWTP
4,2023-03-19,8.3,0.0,24.33214380616683,0.5740693211555481,30.66961402763035,1.0498245775699613,0,0,36.35711938049835,1.3114663034677514,0,0,45.082141765320436,1.5982482588291165,0,0,Seoul_Tancheon_WWTP
4,2023-03-20,9.5,0.0,19.713365586198904,0.5965895652770996,30.66961402763035,1.0498245775699613,0,0,36.35711938049835,1.3114663034677514,0,0,45.082141765320436,1.5982482588291165,0,0,Seoul_Tancheon_WWTP
4,2023-03-21,13.0,0.0,29.55047363104799,0.6352840662002563,30.66961402763035,1.0498245775699613,0,0,36.35711938049835,1.3114663034677514,0,0,45.082141765320436,1.5982482588291165,0,0,Seoul_Tancheon_WWTP
4,2023-03-22,17.0,0.0,27.070976006592836,0.6722328662872314,30.66961402763035,1.0498245775699613,0,0,36.35711938049835,1.3114663034677514,0,0,45.082141765320436,1.5982482588291165,0,0,Seoul_Tancheon_WWTP
4,2023-03-23,17.4,0.0,24.712409779878715,0.6835281848907471,30.66961402763035,1.0498245775699613,0,0,36.35711938049835,1.3114663034677514,0,0,45.082141765320436,1.5982482588291165,0,0,Seoul_Tancheon_WWTP
4,2023-03-24,12.5,0.0,24.944085934082565,0.6631460189819336,30.66961402763035,1.0498245775699613,0,0,36.35711938049835,1.3114663034677514,0,0,45.082141765320436,1.5982482588291165,0,0,Seoul_Tancheon_WWTP
4,2023-03-25,12.5,0.0,35.54804199745098,0.7148028016090393,30.66961402763035,1.0498245775699613,1,0,36.35711938049835,1.3114663034677514,0,0,45.082141765320436,1.5982482588291165,0,0,Seoul_Tancheon_WWTP
4,2023-03-26,9.4,0.0,26.34760069414169,0.6977658271789551,30.66961402763035,1.0498245775699613,0,0,36.35711938049835,1.3114663034677514,0,0,45.082141765320436,1.5982482588291165,0,0,Seoul_Tancheon_WWTP
5,2023-03-27,7.3,0.0,30.867836729823342,0.38994893431663513,33.479643278601806,1.065817993879318,0,0,39.7161712908081,1.187148329615593,0,0,51.070044417505386,1.5817218637466433,0,0,Seoul_Tancheon_WWTP
5,2023-03-28,9.2,0.0,31.56569443399451,0.3830982446670532,33.479643278601806,1.065817993879318,0,0,39.7161712908081,1.187148329615593,0,0,51.070044417505386,1.5817218637466433,0,0,Seoul_Tancheon_WWTP
5,2023-03-29,11.8,0.0,37.09552316080176,0.4121018052101135,33.479643278601806,1.065817993879318,1,0,39.7161712908081,1.187148329615593,0,0,51.070044417505386,1.5817218637466433,0,0,Seoul_Tancheon_WWTP
5,2023-03-30,13.3,0.0,26.104606556799435,0.4154740869998932,33.479643278601806,1.065817993879318,0,0,39.7161712908081,1.187148329615593,0,0,51.070044417505386,1.5817218637466433,0,0,Seoul_Tancheon_WWTP
5,2023-03-31,15.0,0.0,26.68446908319188,0.4249185621738434,33.479643278601806,1.065817993879318,0,0,39.7161712908081,1.187148329615593,0,0,51.070044417505386,1.5817218637466433,0,0,Seoul_Tancheon_WWTP
5,2023-04-01,17.5,0.0,26.726512943574296,0.4546710252761841,33.479643278601806,1.065817993879318,0,0,39.7161712908081,1.187148329615593,0,0,51.070044417505386,1.5817218637466433,0,0,Seoul_Tancheon_WWTP
5,2023-04-02,18.8,0.0,31.954962793660783,0.4444034993648529,33.479643278601806,1.065817993879318,0,0,39.7161712908081,1.187148329615593,0,0,51.070044417505386,1.5817218637466433,0,0,Seoul_Tancheon_WWTP
5,2023-04-03,19.0,0.0,24.414935709268626,0.4612334072589874,33.479643278601806,1.065817993879318,0,0,39.7161712908081,1.187148329615593,0,0,51.070044417505386,1.5817218637466433,0,0,Seoul_Tancheon_WWTP
5,2023-04-04,17.6,6.9,29.20929939413566,0.4476049244403839,33.479643278601806,1.065817993879318,0,0,39.7161712908081,1.187148329615593,0,0,51.070044417505386,1.5817218637466433,0,0,Seoul_Tancheon_WWTP
5,2023-04-05,11.9,50.3,34.96512046829395,0.8611399531364441,33.479643278601806,1.065817993879318,1,0,39.7161712908081,1.187148329615593,0,0,51.070044417505386,1.5817218637466433,0,0,Seoul_Tancheon_WWTP
5,2023-04-06,8.8,2.7,26.38990837516624,0.9742264747619629,33.479643278601806,1.065817993879318,0,0,39.7161712908081,1.187148329615593,0,0,51.070044417505386,1.5817218637466433,0,0,Seoul_Tancheon_WWTP
5,2023-04-07,8.9,0.0,21.445645662028145,0.9744617342948914,33.479643278601806,1.065817993879318,0,0,39.7161712908081,1.187148329615593,0,0,51.070044417505386,1.5817218637466433,0,0,Seoul_Tancheon_WWTP
5,2023-04-08,8.8,0.0,22.989459598142645,0.9669255614280701,33.479643278601806,1.065817993879318,0,0,39.7161712908081,1.187148329615593,0,0,51.070044417505386,1.5817218637466433,0,0,Seoul_Tancheon_WWTP
5,2023-04-09,10.8,0.0,23.632868553934752,0.9673803448677063,33.479643278601806,1.065817993879318,0,0,39.7161712908081,1.187148329615593,0,0,51.070044417505386,1.5817218637466433,0,0,Seoul_Tancheon_WWTP
5,2023-04-10,13.2,0.0,25.658301796149438,0.9198035001754761,33.479643278601806,1.065817993879318,0,0,39.7161712908081,1.187148329615593,0,0,51.070044417505386,1.5817218637466433,0,0,Seoul_Tancheon_WWTP
5,2023-04-11,13.1,2.9,27.659672529595724,0.9020312428474426,33.479643278601806,1.065817993879318,0,0,39.7161712908081,1.187148329615593,0,0,51.070044417505386,1.5817218637466433,0,0,Seoul_Tancheon_WWTP
5,2023-04-12,10.1,0.0,22.941393043386388,0.8605802059173584,33.479643278601806,1.065817993879318,0,0,39.7161712908081,1.187148329615593,0,0,51.070044417505386,1.5817218637466433,0,0,Seoul_Tancheon_WWTP
5,2023-04-13,11.9,0.0,24.496199909366826,0.8359726667404175,33.479643278601806,1.065817993879318,0,0,39.7161712908081,1.187148329615593,0,0,51.070044417505386,1.5817218637466433,0,0,Seoul_Tancheon_WWTP
5,2023-04-14,16.2,0.0,27.102676149547893,0.8285362124443054,33.479643278601806,1.065817993879318,0,0,39.7161712908081,1.187148329615593,0,0,51.070044417505386,1.5817218637466433,0,0,Seoul_Tancheon_WWTP
5,2023-04-15,13.5,4.6,27.85795698808619,0.8344300389289856,33.479643278601806,1.065817993879318,0,0,39.7161712908081,1.187148329615593,0,0,51.070044417505386,1.5817218637466433,0,0,Seoul_Tancheon_WWTP
5,2023-04-16,10.8,0.0,18.40511553851443,0.8059545755386353,33.479643278601806,1.065817993879318,0,0,39.7161712908081,1.187148329615593,0,0,51.070044417505386,1.5817218637466433,0,0,Seoul_Tancheon_WWTP
5,2023-04-17,13.1,0.0,22.767765476928908,0.8043495416641235,33.479643278601806,1.065817993879318,0,0,39.7161712908081,1.187148329615593,0,0,51.070044417505386,1.5817218637466433,0,0,Seoul_Tancheon_WWTP
5,2023-04-18,14.0,1.5,24.280912655172166,0.8127193450927734,33.479643278601806,1.065817993879318,0,0,39.7161712908081,1.187148329615593,0,0,51.070044417505386,1.5817218637466433,0,0,Seoul_Tancheon_WWTP
5,2023-04-19,19.1,0.0,26.030716661360536,0.3784078359603882,33.479643278601806,1.065817993879318,0,0,39.7161712908081,1.187148329615593,0,0,51.070044417505386,1.5817218637466433,0,0,Seoul_Tancheon_WWTP
5,2023-04-20,15.8,0.5,33.57455148043119,0.46747782826423645,33.479643278601806,1.065817993879318,1,0,39.7161712908081,1.187148329615593,0,0,51.070044417505386,1.5817218637466433,0,0,Seoul_Tancheon_WWTP
5,2023-04-21,16.7,0.0,26.81068140963304,0.5739761590957642,33.479643278601806,1.065817993879318,0,0,39.7161712908081,1.187148329615593,0,0,51.070044417505386,1.5817218637466433,0,0,Seoul_Tancheon_WWTP
5,2023-04-22,16.9,0.0,20.326651785579994,0.5856621861457825,33.479643278601806,1.065817993879318,0,0,39.7161712908081,1.187148329615593,0,0,51.070044417505386,1.5817218637466433,0,0,Seoul_Tancheon_WWTP
5,2023-04-23,16.1,0.0,19.237710613243163,0.5836721658706665,33.479643278601806,1.065817993879318,0,0,39.7161712908081,1.187148329615593,0,0,51.070044417505386,1.5817218637466433,0,0,Seoul_Tancheon_WWTP
5,2023-04-24,15.8,0.0,18.41754416357709,0.6252434253692627,33.479643278601806,1.065817993879318,0,0,39.7161712908081,1.187148329615593,0,0,51.070044417505386,1.5817218637466433,0,0,Seoul_Tancheon_WWTP
5,2023-04-25,10.9,0.4,22.976343799887584,0.636085033416748,33.479643278601806,1.065817993879318,0,0,39.7161712908081,1.187148329615593,0,0,51.070044417505386,1.5817218637466433,0,0,Seoul_Tancheon_WWTP
5,2023-04-26,10.2,0.0,19.459902201109788,0.6939415335655212,33.479643278601806,1.065817993879318,0,0,39.7161712908081,1.187148329615593,0,0,51.070044417505386,1.5817218637466433,0,0,Seoul_Tancheon_WWTP
5,2023-04-27,12.9,0.0,20.30411887377103,0.782050609588623,33.479643278601806,1.065817993879318,0,0,39.7161712908081,1.187148329615593,0,0,51.070044417505386,1.5817218637466433,0,0,Seoul_Tancheon_WWTP
5,2023-04-28,15.7,1.9,28.013561378906267,0.7702053189277649,33.479643278601806,1.065817993879318,0,0,39.7161712908081,1.187148329615593,0,0,51.070044417505386,1.5817218637466433,0,0,Seoul_Tancheon_WWTP
5,2023-04-29,13.2,25.1,26.953961603888615,0.8606548309326172,33.479643278601806,1.065817993879318,0,0,39.7161712908081,1.187148329615593,0,0,51.070044417505386,1.5817218637466433,0,0,Seoul_Tancheon_WWTP
5,2023-04-30,12.7,0.1,25.09955288285621,0.894885778427124,33.479643278601806,1.065817993879318,0,0,39.7161712908081,1.187148329615593,0,0,51.070044417505386,1.5817218637466433,0,0,Seoul_Tancheon_WWTP
5,2023-05-01,14.6,0.0,20.543230358782562,0.9195964336395264,33.479643278601806,1.065817993879318,0,0,39.7161712908081,1.187148329615593,0,0,51.070044417505386,1.5817218637466433,0,0,Seoul_Tancheon_WWTP
5,2023-05-02,,,17.943078556422556,0.8658866882324219,33.479643278601806,1.065817993879318,0,0,39.7161712908081,1.187148329615593,0,0,51.070044417505386,1.5817218637466433,0,0,Seoul_Tancheon_WWTP
5,2023-05-03,,,17.943078556422556,0.739051103591919,33.479643278601806,1.065817993879318,0,0,39.7161712908081,1.187148329615593,0,0,51.070044417505386,1.5817218637466433,0,0,Seoul_Tancheon_WWTP
5,2023-05-04,,,17.943078556422556,0.575758695602417,33.479643278601806,1.065817993879318,0,0,39.7161712908081,1.187148329615593,0,0,51.070044417505386,1.5817218637466433,0,0,Seoul_Tancheon_WWTP
5,2023-05-05,,,17.943078556422556,0.4875612258911133,33.479643278601806,1.065817993879318,0,0,39.7161712908081,1.187148329615593,0,0,51.070044417505386,1.5817218637466433,0,0,Seoul_Tancheon_WWTP
5,2023-05-06,,,17.943078556422556,0.45755937695503235,33.479643278601806,1.065817993879318,0,0,39.7161712908081,1.187148329615593,0,0,51.070044417505386,1.5817218637466433,0,0,Seoul_Tancheon_WWTP
5,2023-05-07,,,17.943078556422556,0.44312387704849243,33.479643278601806,1.065817993879318,0,0,39.7161712908081,1.187148329615593,0,0,51.070044417505386,1.5817218637466433,0,0,Seoul_Tancheon_WWTP
5,2023-05-08,,,17.943078556422556,0.4433298707008362,33.479643278601806,1.065817993879318,0,0,39.7161712908081,1.187148329615593,0,0,51.070044417505386,1.5817218637466433,0,0,Seoul_Tancheon_WWTP
5,2023-05-09,,,17.943078556422556,0.44413527846336365,33.479643278601806,1.065817993879318,0,0,39.7161712908081,1.187148329615593,0,0,51.070044417505386,1.5817218637466433,0,0,Seoul_Tancheon_WWTP
5,2023-05-10,,,17.943078556422556,0.42971280217170715,33.479643278601806,1.065817993879318,0,0,39.7161712908081,1.187148329615593,0,0,51.070044417505386,1.5817218637466433,0,0,Seoul_Tancheon_WWTP
5,2023-05-11,,,17.943078556422556,0.39090561866760254,33.479643278601806,1.065817993879318,0,0,39.7161712908081,1.187148329615593,0,0,51.070044417505386,1.5817218637466433,0,0,Seoul_Tancheon_WWTP
5,2023-05-12,,,17.943078556422556,0.3506457507610321,33.479643278601806,1.065817993879318,0,0,39.7161712908081,1.187148329615593,0,0,51.070044417505386,1.5817218637466433,0,0,Seoul_Tancheon_WWTP
5,2023-05-13,,,17.943078556422556,0.25245171785354614,33.479643278601806,1.065817993879318,0,0,39.7161712908081,1.187148329615593,0,0,51.070044417505386,1.5817218637466433,0,0,Seoul_Tancheon_WWTP
5,2023-05-14,,,17.943078556422556,0.20376458764076233,33.479643278601806,1.065817993879318,0,0,39.7161712908081,1.187148329615593,0,0,51.070044417505386,1.5817218637466433,0,0,Seoul_Tancheon_WWTP
5,2023-05-15,,,17.943078556422556,0.1881348341703415,33.479643278601806,1.065817993879318,0,0,39.7161712908081,1.187148329615593,0,0,51.070044417505386,1.5817218637466433,0,0,Seoul_Tancheon_WWTP
5,2023-05-16,,,17.943078556422556,0.1881348341703415,33.479643278601806,1.065817993879318,0,0,39.7161712908081,1.187148329615593,0,0,51.070044417505386,1.5817218637466433,0,0,Seoul_Tancheon_WWTP
5,2023-05-17,,,17.943078556422556,0.1881348341703415,33.479643278601806,1.065817993879318,0,0,39.7161712908081,1.187148329615593,0,0,51.070044417505386,1.5817218637466433,0,0,Seoul_Tancheon_WWTP
5,2023-05-18,,,17.943078556422556,0.1881348341703415,33.479643278601806,1.065817993879318,0,0,39.7161712908081,1.187148329615593,0,0,51.070044417505386,1.5817218637466433,0,0,Seoul_Tancheon_WWTP
5,2023-05-19,,,17.943078556422556,0.1881348341703415,33.479643278601806,1.065817993879318,0,0,39.7161712908081,1.187148329615593,0,0,51.070044417505386,1.5817218637466433,0,0,Seoul_Tancheon_WWTP
5,2023-05-20,,,17.943078556422556,0.1881348341703415,33.479643278601806,1.065817993879318,0,0,39.7161712908081,1.187148329615593,0,0,51.070044417505386,1.5817218637466433,0,0,Seoul_Tancheon_WWTP
5,2023-05-21,,,17.943078556422556,0.1881348341703415,33.479643278601806,1.065817993879318,0,0,39.7161712908081,1.187148329615593,0,0,51.070044417505386,1.5817218637466433,0,0,Seoul_Tancheon_WWTP
5,2023-05-22,,,17.943078556422556,0.1881348341703415,33.479643278601806,1.065817993879318,0,0,39.7161712908081,1.187148329615593,0,0,51.070044417505386,1.5817218637466433,0,0,Seoul_Tancheon_WWTP
5,2023-05-23,,,17.943078556422556,0.1881348341703415,33.479643278601806,1.065817993879318,0,0,39.7161712908081,1.187148329615593,0,0,51.070044417505386,1.5817218637466433,0,0,Seoul_Tancheon_WWTP
5,2023-05-24,,,17.943078556422556,0.1881348341703415,33.479643278601806,1.065817993879318,0,0,39.7161712908081,1.187148329615593,0,0,51.070044417505386,1.5817218637466433,0,0,Seoul_Tancheon_WWTP
5,2023-05-25,,,17.943078556422556,0.1881348341703415,33.479643278601806,1.065817993879318,0,0,39.7161712908081,1.187148329615593,0,0,51.070044417505386,1.5817218637466433,0,0,Seoul_Tancheon_WWTP
5,2023-05-26,,,17.943078556422556,0.1881348341703415,33.479643278601806,1.065817993879318,0,0,39.7161712908081,1.187148329615593,0,0,51.070044417505386,1.5817218637466433,0,0,Seoul_Tancheon_WWTP
5,2023-05-27,,,17.943078556422556,0.1881348341703415,33.479643278601806,1.065817993879318,0,0,39.7161712908081,1.187148329615593,0,0,51.070044417505386,1.5817218637466433,0,0,Seoul_Tancheon_WWTP
5,2023-05-28,,,17.943078556422556,0.1881348341703415,33.479643278601806,1.065817993879318,0,0,39.7161712908081,1.187148329615593,0,0,51.070044417505386,1.5817218637466433,0,0,Seoul_Tancheon_WWTP
5,2023-05-29,,,17.943078556422556,0.1881348341703415,33.479643278601806,1.065817993879318,0,0,39.7161712908081,1.187148329615593,0,0,51.070044417505386,1.5817218637466433,0,0,Seoul_Tancheon_WWTP
5,2023-05-30,,,17.943078556422556,0.1881348341703415,33.479643278601806,1.065817993879318,0,0,39.7161712908081,1.187148329615593,0,0,51.070044417505386,1.5817218637466433,0,0,Seoul_Tancheon_WWTP
5,2023-05-31,22.8,0.0,20.937637375198065,0.2463594377040863,33.479643278601806,1.065817993879318,0,0,39.7161712908081,1.187148329615593,0,0,51.070044417505386,1.5817218637466433,0,0,Seoul_Tancheon_WWTP
5,2023-06-01,22.8,0.0,22.11406838737787,0.3054514229297638,33.479643278601806,1.065817993879318,0,0,39.7161712908081,1.187148329615593,0,0,51.070044417505386,1.5817218637466433,0,0,Seoul_Tancheon_WWTP
5,2023-06-02,,,17.943078556422556,0.3098605275154114,33.479643278601806,1.065817993879318,0,0,39.7161712908081,1.187148329615593,0,0,51.070044417505386,1.5817218637466433,0,0,Seoul_Tancheon_WWTP
5,2023-06-03,,,17.943078556422556,0.31751304864883423,33.479643278601806,1.065817993879318,0,0,39.7161712908081,1.187148329615593,0,0,51.070044417505386,1.5817218637466433,0,0,Seoul_Tancheon_WWTP
5,2023-06-04,,,17.943078556422556,0.3272503912448883,33.479643278601806,1.065817993879318,0,0,39.7161712908081,1.187148329615593,0,0,51.070044417505386,1.5817218637466433,0,0,Seoul_Tancheon_WWTP
5,2023-06-05,,,17.943078556422556,0.33474528789520264,33.479643278601806,1.065817993879318,0,0,39.7161712908081,1.187148329615593,0,0,51.070044417505386,1.5817218637466433,0,0,Seoul_Tancheon_WWTP
5,2023-06-06,,,17.943078556422556,0.33717861771583557,33.479643278601806,1.065817993879318,0,0,39.7161712908081,1.187148329615593,0,0,51.070044417505386,1.5817218637466433,0,0,Seoul_Tancheon_WWTP
5,2023-06-07,,,17.943078556422556,0.33284032344818115,33.479643278601806,1.065817993879318,0,0,39.7161712908081,1.187148329615593,0,0,51.070044417505386,1.5817218637466433,0,0,Seoul_Tancheon_WWTP
5,2023-06-08,,,17.943078556422556,0.32174253463745117,33.479643278601806,1.065817993879318,0,0,39.7161712908081,1.187148329615593,0,0,51.070044417505386,1.5817218637466433,0,0,Seoul_Tancheon_WWTP
5,2023-06-09,,,17.943078556422556,0.30810582637786865,33.479643278601806,1.065817993879318,0,0,39.7161712908081,1.187148329615593,0,0,51.070044417505386,1.5817218637466433,0,0,Seoul_Tancheon_WWTP
5,2023-06-10,,,17.943078556422556,0.2962001860141754,33.479643278601806,1.065817993879318,0,0,39.7161712908081,1.187148329615593,0,0,51.070044417505386,1.5817218637466433,0,0,Seoul_Tancheon_WWTP
5,2023-06-11,,,17.943078556422556,0.2891421914100647,33.479643278601806,1.065817993879318,0,0,39.7161712908081,1.187148329615593,0,0,51.070044417505386,1.5817218637466433,0,0,Seoul_Tancheon_WWTP
5,2023-06-12,,,17.943078556422556,0.2877505123615265,33.479643278601806,1.065817993879318,0,0,39.7161712908081,1.187148329615593,0,0,51.070044417505386,1.5817218637466433,0,0,Seoul_Tancheon_WWTP
5,2023-06-13,,,17.943078556422556,0.2887376546859741,33.479643278601806,1.065817993879318,0,0,39.7161712908081,1.187148329615593,0,0,51.070044417505386,1.5817218637466433,0,0,Seoul_Tancheon_WWTP
5,2023-06-14,,,17.943078556422556,0.23085252940654755,33.479643278601806,1.065817993879318,0,0,39.7161712908081,1.187148329615593,0,0,51.070044417505386,1.5817218637466433,0,0,Seoul_Tancheon_WWTP
5,2023-06-15,,,17.943078556422556,0.1881348341703415,33.479643278601806,1.065817993879318,0,0,39.7161712908081,1.187148329615593,0,0,51.070044417505386,1.5817218637466433,0,0,Seoul_Tancheon_WWTP
5,2023-06-16,,,17.943078556422556,0.1881348341703415,33.479643278601806,1.065817993879318,0,0,39.7161712908081,1.187148329615593,0,0,51.070044417505386,1.5817218637466433,0,0,Seoul_Tancheon_WWTP
5,2023-06-17,,,17.943078556422556,0.1881348341703415,33.479643278601806,1.065817993879318,0,0,39.7161712908081,1.187148329615593,0,0,51.070044417505386,1.5817218637466433,0,0,Seoul_Tancheon_WWTP
5,2023-06-18,,,17.943078556422556,0.1881348341703415,33.479643278601806,1.065817993879318,0,0,39.7161712908081,1.187148329615593,0,0,51.070044417505386,1.5817218637466433,0,0,Seoul_Tancheon_WWTP
5,2023-06-19,,,17.943078556422556,0.1881348341703415,33.479643278601806,1.065817993879318,0,0,39.7161712908081,1.187148329615593,0,0,51.070044417505386,1.5817218637466433,0,0,Seoul_Tancheon_WWTP
5,2023-06-20,,,17.943078556422556,0.1881348341703415,33.479643278601806,1.065817993879318,0,0,39.7161712908081,1.187148329615593,0,0,51.070044417505386,1.5817218637466433,0,0,Seoul_Tancheon_WWTP
5,2023-06-21,,,17.943078556422556,0.1881348341703415,33.479643278601806,1.065817993879318,0,0,39.7161712908081,1.187148329615593,0,0,51.070044417505386,1.5817218637466433,0,0,Seoul_Tancheon_WWTP
5,2023-06-22,,,17.943078556422556,0.1881348341703415,33.479643278601806,1.065817993879318,0,0,39.7161712908081,1.187148329615593,0,0,51.070044417505386,1.5817218637466433,0,0,Seoul_Tancheon_WWTP
5,2023-06-23,,,17.943078556422556,0.1881348341703415,33.479643278601806,1.065817993879318,0,0,39.7161712908081,1.187148329615593,0,0,51.070044417505386,1.5817218637466433,0,0,Seoul_Tancheon_WWTP
5,2023-06-24,,,17.943078556422556,0.1881348341703415,33.479643278601806,1.065817993879318,0,0,39.7161712908081,1.187148329615593,0,0,51.070044417505386,1.5817218637466433,0,0,Seoul_Tancheon_WWTP
6,2023-06-25,,,15.425835069507592,0.0013539677020162344,28.475657189971514,1.0664667189121233,0,0,33.72755129166166,1.236580127477646,0,0,40.282676949778164,1.619045436382295,0,0,Seoul_Tancheon_WWTP
6,2023-06-26,,,15.425835069507592,0.0013539677020162344,28.475657189971514,1.0664667189121233,0,0,33.72755129166166,1.236580127477646,0,0,40.282676949778164,1.619045436382295,0,0,Seoul_Tancheon_WWTP
6,2023-06-27,,,15.425835069507592,0.0013539677020162344,28.475657189971514,1.0664667189121233,0,0,33.72755129166166,1.236580127477646,0,0,40.282676949778164,1.619045436382295,0,0,Seoul_Tancheon_WWTP
6,2023-06-28,,,15.425835069507592,0.0013539677020162344,28.475657189971514,1.0664667189121233,0,0,33.72755129166166,1.236580127477646,0,0,40.282676949778164,1.619045436382295,0,0,Seoul_Tancheon_WWTP
6,2023-06-29,,,15.425835069507592,0.0013539677020162344,28.475657189971514,1.0664667189121233,0,0,33.72755129166166,1.236580127477646,0,0,40.282676949778164,1.619045436382295,0,0,Seoul_Tancheon_WWTP
6,2023-06-30,,,15.425835069507592,0.0013539677020162344,28.475657189971514,1.0664667189121233,0,0,33.72755129166166,1.236580127477646,0,0,40.282676949778164,1.619045436382295,0,0,Seoul_Tancheon_WWTP
6,2023-07-01,27.7,0.0,14.953255559291986,0.04008610174059868,28.475657189971514,1.0664667189121233,0,0,33.72755129166166,1.236580127477646,0,0,40.282676949778164,1.619045436382295,0,0,Seoul_Tancheon_WWTP
6,2023-07-02,26.7,0.0,17.403489939188674,0.14636759459972382,28.475657189971514,1.0664667189121233,0,0,33.72755129166166,1.236580127477646,0,0,40.282676949778164,1.619045436382295,0,0,Seoul_Tancheon_WWTP
6,2023-07-03,29.1,0.0,17.71554233805321,0.20460067689418793,28.475657189971514,1.0664667189121233,0,0,33.72755129166166,1.236580127477646,0,0,40.282676949778164,1.619045436382295,0,0,Seoul_Tancheon_WWTP
6,2023-07-04,26.1,61.8,38.761480599115856,0.4569229483604431,28.475657189971514,1.0664667189121233,1,0,33.72755129166166,1.236580127477646,1,0,40.282676949778164,1.619045436382295,0,0,Seoul_Tancheon_WWTP
6,2023-07-05,24.5,15.3,38.41382904513502,0.5864441394805908,28.475657189971514,1.0664667189121233,1,0,33.72755129166166,1.236580127477646,1,0,40.282676949778164,1.619045436382295,0,0,Seoul_Tancheon_WWTP
6,2023-07-06,27.3,0.0,16.004978253594178,0.6384589672088623,28.475657189971514,1.0664667189121233,0,0,33.72755129166166,1.236580127477646,0,0,40.282676949778164,1.619045436382295,0,0,Seoul_Tancheon_WWTP
6,2023-07-07,26.7,0.0,16.073763072099876,0.6601768732070923,28.475657189971514,1.0664667189121233,0,0,33.72755129166166,1.236580127477646,0,0,40.282676949778164,1.619045436382295,0,0,Seoul_Tancheon_WWTP
6,2023-07-08,25.6,0.0,14.624414424482747,0.670703649520874,28.475657189971514,1.0664667189121233,0,0,33.72755129166166,1.236580127477646,0,0,40.282676949778164,1.619045436382295,0,0,Seoul_Tancheon_WWTP
6,2023-07-09,24.7,47.5,35.041759201966244,0.8866091370582581,28.475657189971514,1.0664667189121233,1,0,33.72755129166166,1.236580127477646,1,0,40.282676949778164,1.619045436382295,0,0,Seoul_Tancheon_WWTP
6,2023-07-10,26.3,11.5,31.250477420160916,0.9126521348953247,28.475657189971514,1.0664667189121233,1,0,33.72755129166166,1.236580127477646,0,0,40.282676949778164,1.619045436382295,0,0,Seoul_Tancheon_WWTP
6,2023-07-11,23.5,58.3,33.11625867427527,0.9785742163658142,28.475657189971514,1.0664667189121233,1,0,33.72755129166166,1.236580127477646,0,0,40.282676949778164,1.619045436382295,0,0,Seoul_Tancheon_WWTP
6,2023-07-12,25.8,0.7,17.95774811042038,0.996768057346344,28.475657189971514,1.0664667189121233,0,0,33.72755129166166,1.236580127477646,0,0,40.282676949778164,1.619045436382295,0,0,Seoul_Tancheon_WWTP
6,2023-07-13,25.2,91.6,45.10462084485377,1.370353102684021,28.475657189971514,1.0664667189121233,1,1,33.72755129166166,1.236580127477646,1,1,40.282676949778164,1.619045436382295,1,0,Seoul_Tancheon_WWTP
6,2023-07-14,24.6,72.7,35.84957606049626,1.4299606084823608,28.475657189971514,1.0664667189121233,1,1,33.72755129166166,1.236580127477646,1,1,40.282676949778164,1.619045436382295,0,0,Seoul_Tancheon_WWTP
6,2023-07-15,24.5,2.3,16.60124556236525,1.565413475036621,28.475657189971514,1.0664667189121233,0,1,33.72755129166166,1.236580127477646,0,1,40.282676949778164,1.619045436382295,0,0,Seoul_Tancheon_WWTP
6,2023-07-16,24.6,9.7,28.115000232788546,1.5468676090240479,28.475657189971514,1.0664667189121233,0,1,33.72755129166166,1.236580127477646,0,1,40.282676949778164,1.619045436382295,0,0,Seoul_Tancheon_WWTP
6,2023-07-17,25.5,1.4,25.032590983841395,1.6230449676513672,28.475657189971514,1.0664667189121233,0,1,33.72755129166166,1.236580127477646,0,1,40.282676949778164,1.619045436382295,0,1,Seoul_Tancheon_WWTP
6,2023-07-18,25.2,2.3,17.18729906328752,1.4874457120895386,28.475657189971514,1.0664667189121233,0,1,33.72755129166166,1.236580127477646,0,1,40.282676949778164,1.619045436382295,0,0,Seoul_Tancheon_WWTP
6,2023-07-19,27.2,0.0,16.957136093574405,1.3729568719863892,28.475657189971514,1.0664667189121233,0,1,33.72755129166166,1.236580127477646,0,1,40.282676949778164,1.619045436382295,0,0,Seoul_Tancheon_WWTP
6,2023-07-20,27.9,0.0,17.3877951986428,1.4127455949783325,28.475657189971514,1.0664667189121233,0,1,33.72755129166166,1.236580127477646,0,1,40.282676949778164,1.619045436382295,0,0,Seoul_Tancheon_WWTP
6,2023-07-21,29.5,0.0,20.710159763591726,1.5133250951766968,28.475657189971514,1.0664667189121233,0,1,33.72755129166166,1.236580127477646,0,1,40.282676949778164,1.619045436382295,0,0,Seoul_Tancheon_WWTP
6,2023-07-22,27.7,12.3,29.76598780263151,1.6175676584243774,28.475657189971514,1.0664667189121233,1,1,33.72755129166166,1.236580127477646,0,1,40.282676949778164,1.619045436382295,0,0,Seoul_Tancheon_WWTP
6,2023-07-23,25.2,40.2,29.192104990012414,1.6281256675720215,28.475657189971514,1.0664667189121233,1,1,33.72755129166166,1.236580127477646,0,1,40.282676949778164,1.619045436382295,0,1,Seoul_Tancheon_WWTP
6,2023-07-24,26.9,0.4,16.92358288984321,1.7811764478683472,28.475657189971514,1.0664667189121233,0,1,33.72755129166166,1.236580127477646,0,1,40.282676949778164,1.619045436382295,0,1,Seoul_Tancheon_WWTP
6,2023-07-25,27.8,5.6,23.98497322240867,1.6944862604141235,28.475657189971514,1.0664667189121233,0,1,33.72755129166166,1.236580127477646,0,1,40.282676949778164,1.619045436382295,0,1,Seoul_Tancheon_WWTP
6,2023-07-26,27.6,1.0,19.28990797812086,1.7178014516830444,28.475657189971514,1.0664667189121233,0,1,33.72755129166166,1.236580127477646,0,1,40.282676949778164,1.619045436382295,0,1,Seoul_Tancheon_WWTP
6,2023-07-27,28.4,0.0,18.18061901022545,1.1524865627288818,28.475657189971514,1.0664667189121233,0,1,33.72755129166166,1.236580127477646,0,0,40.282676949778164,1.619045436382295,0,0,Seoul_Tancheon_WWTP
6,2023-07-28,29.5,0.0,16.350479525876416,0.8819751143455505,28.475657189971514,1.0664667189121233,0,0,33.72755129166166,1.236580127477646,0,0,40.282676949778164,1.619045436382295,0,0,Seoul_Tancheon_WWTP
6,2023-07-29,29.1,0.0,15.765918592952806,0.87066650390625,28.475657189971514,1.0664667189121233,0,0,33.72755129166166,1.236580127477646,0,0,40.282676949778164,1.619045436382295,0,0,Seoul_Tancheon_WWTP
6,2023-07-30,28.8,25.0,40.00819961664337,1.0801482200622559,28.475657189971514,1.0664667189121233,1,1,33.72755129166166,1.236580127477646,1,0,40.282676949778164,1.619045436382295,0,0,Seoul_Tancheon_WWTP
6,2023-07-31,28.7,0.3,15.371239334368003,0.9486498236656189,28.475657189971514,1.0664667189121233,0,0,33.72755129166166,1.236580127477646,0,0,40.282676949778164,1.619045436382295,0,0,Seoul_Tancheon_WWTP
6,2023-08-01,29.9,0.0,17.440450154750913,0.8459659218788147,28.475657189971514,1.0664667189121233,0,0,33.72755129166166,1.236580127477646,0,0,40.282676949778164,1.619045436382295,0,0,Seoul_Tancheon_WWTP
6,2023-08-02,29.7,0.0,18.622081056396667,0.8170108199119568,28.475657189971514,1.0664667189121233,0,0,33.72755129166166,1.236580127477646,0,0,40.282676949778164,1.619045436382295,0,0,Seoul_Tancheon_WWTP
6,2023-08-03,29.5,0.0,16.586628287569432,0.817365288734436,28.475657189971514,1.0664667189121233,0,0,33.72755129166166,1.236580127477646,0,0,40.282676949778164,1.619045436382295,0,0,Seoul_Tancheon_WWTP
6,2023-08-04,30.0,0.0,19.18264206357224,0.8984683752059937,28.475657189971514,1.0664667189121233,0,0,33.72755129166166,1.236580127477646,0,0,40.282676949778164,1.619045436382295,0,0,Seoul_Tancheon_WWTP
6,2023-08-05,30.3,0.0,19.178300700482353,0.8266436457633972,28.475657189971514,1.0664667189121233,0,0,33.72755129166166,1.236580127477646,0,0,40.282676949778164,1.619045436382295,0,0,Seoul_Tancheon_WWTP
6,2023-08-06,29.8,4.9,25.37155240273492,0.4971895217895508,28.475657189971514,1.0664667189121233,0,0,33.72755129166166,1.236580127477646,0,0,40.282676949778164,1.619045436382295,0,0,Seoul_Tancheon_WWTP
6,2023-08-07,30.4,0.0,17.239788822377683,0.5950449109077454,28.475657189971514,1.0664667189121233,0,0,33.72755129166166,1.236580127477646,0,0,40.282676949778164,1.619045436382295,0,0,Seoul_Tancheon_WWTP
6,2023-08-08,30.9,0.0,21.517946748982602,0.6753700375556946,28.475657189971514,1.0664667189121233,0,0,33.72755129166166,1.236580127477646,0,0,40.282676949778164,1.619045436382295,0,0,Seoul_Tancheon_WWTP
6,2023-08-09,28.3,0.2,17.868209708489687,0.6500428318977356,28.475657189971514,1.0664667189121233,0,0,33.72755129166166,1.236580127477646,0,0,40.282676949778164,1.619045436382295,0,0,Seoul_Tancheon_WWTP
6,2023-08-10,22.2,86.1,30.411087646868015,0.7779930233955383,28.475657189971514,1.0664667189121233,1,0,33.72755129166166,1.236580127477646,0,0,40.282676949778164,1.619045436382295,0,0,Seoul_Tancheon_WWTP
6,2023-08-11,23.5,46.7,29.035099875368932,1.1158945560455322,28.475657189971514,1.0664667189121233,1,1,33.72755129166166,1.236580127477646,0,0,40.282676949778164,1.619045436382295,0,0,Seoul_Tancheon_WWTP
6,2023-08-12,23.3,1.5,25.045168946174535,0.8768730163574219,28.475657189971514,1.0664667189121233,0,0,33.72755129166166,1.236580127477646,0,0,40.282676949778164,1.619045436382295,0,0,Seoul_Tancheon_WWTP
6,2023-08-13,27.0,0.0,14.98845139330595,0.8448287844657898,28.475657189971514,1.0664667189121233,0,0,33.72755129166166,1.236580127477646,0,0,40.282676949778164,1.619045436382295,0,0,Seoul_Tancheon_WWTP
6,2023-08-14,28.1,0.0,13.45255379047421,0.8483947515487671,28.475657189971514,1.0664667189121233,0,0,33.72755129166166,1.236580127477646,0,0,40.282676949778164,1.619045436382295,0,0,Seoul_Tancheon_WWTP
6,2023-08-15,28.6,0.0,13.850646683067978,0.8730782866477966,28.475657189971514,1.0664667189121233,0,0,33.72755129166166,1.236580127477646,0,0,40.282676949778164,1.619045436382295,0,0,Seoul_Tancheon_WWTP
6,2023-08-16,27.3,0.3,14.966169952101312,0.8117176294326782,28.475657189971514,1.0664667189121233,0,0,33.72755129166166,1.236580127477646,0,0,40.282676949778164,1.619045436382295,0,0,Seoul_Tancheon_WWTP
6,2023-08-17,28.2,0.0,16.087005560714413,0.7658101320266724,28.475657189971514,1.0664667189121233,0,0,33.72755129166166,1.236580127477646,0,0,40.282676949778164,1.619045436382295,0,0,Seoul_Tancheon_WWTP
6,2023-08-18,29.1,0.1,19.27359085549717,0.7720218300819397,28.475657189971514,1.0664667189121233,0,0,33.72755129166166,1.236580127477646,0,0,40.282676949778164,1.619045436382295,0,0,Seoul_Tancheon_WWTP
6,2023-08-19,29.1,0.0,17.964399196244763,0.8292837142944336,28.475657189971514,1.0664667189121233,0,0,33.72755129166166,1.236580127477646,0,0,40.282676949778164,1.619045436382295,0,0,Seoul_Tancheon_WWTP
6,2023-08-20,28.3,0.0,15.226407619812992,0.8170748353004456,28.475657189971514,1.0664667189121233,0,0,33.72755129166166,1.236580127477646,0,0,40.282676949778164,1.619045436382295,0,0,Seoul_Tancheon_WWTP
6,2023-08-21,29.5,0.0,16.610373061548053,0.8291099667549133,28.475657189971514,1.0664667189121233,0,0,33.72755129166166,1.236580127477646,0,0,40.282676949778164,1.619045436382295,0,0,Seoul_Tancheon_WWTP
6,2023-08-22,27.6,42.6,40.19951692496551,0.9699529409408569,28.475657189971514,1.0664667189121233,1,0,33.72755129166166,1.236580127477646,1,0,40.282676949778164,1.619045436382295,0,0,Seoul_Tancheon_WWTP
6,2023-08-23,24.8,41.8,30.3114050578822,1.258072018623352,28.475657189971514,1.0664667189121233,1,1,33.72755129166166,1.236580127477646,0,1,40.282676949778164,1.619045436382295,0,0,Seoul_Tancheon_WWTP
6,2023-08-24,25.1,5.2,25.6292612521502,0.9507721066474915,28.475657189971514,1.0664667189121233,0,0,33.72755129166166,1.236580127477646,0,0,40.282676949778164,1.619045436382295,0,0,Seoul_Tancheon_WWTP
6,2023-08-25,26.5,0.0,15.873724655595787,0.7278521060943604,28.475657189971514,1.0664667189121233,0,0,33.72755129166166,1.236580127477646,0,0,40.282676949778164,1.619045436382295,0,0,Seoul_Tancheon_WWTP
6,2023-08-26,26.4,0.0,17.14968986788834,0.6136166453361511,28.475657189971514,1.0664667189121233,0,0,33.72755129166166,1.236580127477646,0,0,40.282676949778164,1.619045436382295,0,0,Seoul_Tancheon_WWTP
6,2023-08-27,26.1,0.0,14.949732254550124,0.6546657085418701,28.475657189971514,1.0664667189121233,0,0,33.72755129166166,1.236580127477646,0,0,40.282676949778164,1.619045436382295,0,0,Seoul_Tancheon_WWTP
6,2023-08-28,22.7,10.4,18.719063850785933,0.7159175276756287,28.475657189971514,1.0664667189121233,0,0,33.72755129166166,1.236580127477646,0,0,40.282676949778164,1.619045436382295,0,0,Seoul_Tancheon_WWTP
6,2023-08-29,23.9,54.8,39.01463095532411,0.9837210178375244,28.475657189971514,1.0664667189121233,1,0,33.72755129166166,1.236580127477646,1,0,40.282676949778164,1.619045436382295,0,0,Seoul_Tancheon_WWTP
6,2023-08-30,22.8,3.5,25.10697646450521,1.0554728507995605,28.475657189971514,1.0664667189121233,0,0,33.72755129166166,1.236580127477646,0,0,40.282676949778164,1.619045436382295,0,0,Seoul_Tancheon_WWTP
6,2023-08-31,23.9,0.0,14.183425951356853,1.0639134645462036,28.475657189971514,1.0664667189121233,0,0,33.72755129166166,1.236580127477646,0,0,40.282676949778164,1.619045436382295,0,0,Seoul_Tancheon_WWTP
6,2023-09-01,24.5,0.0,16.04494175391676,1.0090831518173218,28.475657189971514,1.0664667189121233,0,0,33.72755129166166,1.236580127477646,0,0,40.282676949778164,1.619045436382295,0,0,Seoul_Tancheon_WWTP
6,2023-09-02,25.4,0.0,15.29308971955766,0.9352611303329468,28.475657189971514,1.0664667189121233,0,0,33.72755129166166,1.236580127477646,0,0,40.282676949778164,1.619045436382295,0,0,Seoul_Tancheon_WWTP
6,2023-09-03,25.8,0.1,16.67664039422335,0.9547895789146423,28.475657189971514,1.0664667189121233,0,0,33.72755129166166,1.236580127477646,0,0,40.282676949778164,1.619045436382295,0,0,Seoul_Tancheon_WWTP
6,2023-09-04,27.0,0.3,19.052905049028716,0.982460081577301,28.475657189971514,1.0664667189121233,0,0,33.72755129166166,1.236580127477646,0,0,40.282676949778164,1.619045436382295,0,0,Seoul_Tancheon_WWTP
6,2023-09-05,28.5,0.0,15.237454058078256,0.8602316379547119,28.475657189971514,1.0664667189121233,0,0,33.72755129166166,1.236580127477646,0,0,40.282676949778164,1.619045436382295,0,0,Seoul_Tancheon_WWTP
6,2023-09-06,27.9,0.0,17.92392450694328,0.7650548815727234,28.475657189971514,1.0664667189121233,0,0,33.72755129166166,1.236580127477646,0,0,40.282676949778164,1.619045436382295,0,0,Seoul_Tancheon_WWTP
6,2023-09-07,26.3,0.0,17.962632289750637,0.7361679077148438,28.475657189971514,1.0664667189121233,0,0,33.72755129166166,1.236580127477646,0,0,40.282676949778164,1.619045436382295,0,0,Seoul_Tancheon_WWTP
6,2023-09-08,25.3,0.0,14.281956178616698,0.6891522407531738,28.475657189971514,1.0664667189121233,0,0,33.72755129166166,1.236580127477646,0,0,40.282676949778164,1.619045436382295,0,0,Seoul_Tancheon_WWTP
6,2023-09-09,25.8,0.0,13.790377781054652,0.6223874092102051,28.475657189971514,1.0664667189121233,0,0,33.72755129166166,1.236580127477646,0,0,40.282676949778164,1.619045436382295,0,0,Seoul_Tancheon_WWTP
6,2023-09-10,25.7,0.0,14.958329444936753,0.5963159203529358,28.475657189971514,1.0664667189121233,0,0,33.72755129166166,1.236580127477646,0,0,40.282676949778164,1.619045436382295,0,0,Seoul_Tancheon_WWTP
6,2023-09-11,25.5,0.0,16.321609439376413,0.6322782635688782,28.475657189971514,1.0664667189121233,0,0,33.72755129166166,1.236580127477646,0,0,40.282676949778164,1.619045436382295,0,0,Seoul_Tancheon_WWTP
6,2023-09-12,25.7,0.0,18.523780523271665,0.6430790424346924,28.475657189971514,1.0664667189121233,0,0,33.72755129166166,1.236580127477646,0,0,40.282676949778164,1.619045436382295,0,0,Seoul_Tancheon_WWTP
6,2023-09-13,22.1,15.9,18.261229881534437,0.6708554625511169,28.475657189971514,1.0664667189121233,0,0,33.72755129166166,1.236580127477646,0,0,40.282676949778164,1.619045436382295,0,0,Seoul_Tancheon_WWTP
6,2023-09-14,23.4,0.0,18.351292714981785,0.7439626455307007,28.475657189971514,1.0664667189121233,0,0,33.72755129166166,1.236580127477646,0,0,40.282676949778164,1.619045436382295,0,0,Seoul_Tancheon_WWTP
6,2023-09-15,22.3,2.1,16.41833833633541,0.7330271005630493,28.475657189971514,1.0664667189121233,0,0,33.72755129166166,1.236580127477646,0,0,40.282676949778164,1.619045436382295,0,0,Seoul_Tancheon_WWTP
6,2023-09-16,23.9,38.7,40.924775048489266,0.8410381078720093,28.475657189971514,1.0664667189121233,1,0,33.72755129166166,1.236580127477646,1,0,40.282676949778164,1.619045436382295,1,0,Seoul_Tancheon_WWTP
6,2023-09-17,24.7,3.0,43.660886251211835,0.8683845400810242,28.475657189971514,1.0664667189121233,1,0,33.72755129166166,1.236580127477646,1,0,40.282676949778164,1.619045436382295,1,0,Seoul_Tancheon_WWTP
6,2023-09-18,24.7,0.0,13.795887995830284,0.7585933208465576,28.475657189971514,1.0664667189121233,0,0,33.72755129166166,1.236580127477646,0,0,40.282676949778164,1.619045436382295,0,0,Seoul_Tancheon_WWTP
6,2023-09-19,24.1,0.0,16.02502749413113,0.7182195782661438,28.475657189971514,1.0664667189121233,0,0,33.72755129166166,1.236580127477646,0,0,40.282676949778164,1.619045436382295,0,0,Seoul_Tancheon_WWTP
6,2023-09-20,20.6,35.8,24.90761826959622,0.7330634593963623,28.475657189971514,1.0664667189121233,0,0,33.72755129166166,1.236580127477646,0,0,40.282676949778164,1.619045436382295,0,0,Seoul_Tancheon_WWTP
6,2023-09-21,20.1,0.0,15.04149907793987,0.7074987888336182,28.475657189971514,1.0664667189121233,0,0,33.72755129166166,1.236580127477646,0,0,40.282676949778164,1.619045436382295,0,0,Seoul_Tancheon_WWTP
6,2023-09-22,20.5,0.0,15.836552819720021,0.7200374603271484,28.475657189971514,1.0664667189121233,0,0,33.72755129166166,1.236580127477646,0,0,40.282676949778164,1.619045436382295,0,0,Seoul_Tancheon_WWTP
7,2023-09-23,21.8,0.0,14.45694136507858,0.4698564410209656,27.486704957463548,0.9424862474203107,0,0,32.287743841061385,1.093009987473488,0,0,36.754060979723164,1.3406820189952806,0,0,Seoul_Tancheon_WWTP
7,2023-09-24,21.8,0.0,14.068462440109613,0.497779905796051,27.486704957463548,0.9424862474203107,0,0,32.287743841061385,1.093009987473488,0,0,36.754060979723164,1.3406820189952806,0,0,Seoul_Tancheon_WWTP
7,2023-09-25,21.6,1.9,13.215394674535816,0.5162764191627502,27.486704957463548,0.9424862474203107,0,0,32.287743841061385,1.093009987473488,0,0,36.754060979723164,1.3406820189952806,0,0,Seoul_Tancheon_WWTP
7,2023-09-26,19.9,27.8,20.11130551855043,0.5649531483650208,27.486704957463548,0.9424862474203107,0,0,32.287743841061385,1.093009987473488,0,0,36.754060979723164,1.3406820189952806,0,0,Seoul_Tancheon_WWTP
7,2023-09-27,21.5,4.4,16.393012976154658,0.5965190529823303,27.486704957463548,0.9424862474203107,0,0,32.287743841061385,1.093009987473488,0,0,36.754060979723164,1.3406820189952806,0,0,Seoul_Tancheon_WWTP
7,2023-09-28,22.7,0.0,15.124187164621745,0.568245530128479,27.486704957463548,0.9424862474203107,0,0,32.287743841061385,1.093009987473488,0,0,36.754060979723164,1.3406820189952806,0,0,Seoul_Tancheon_WWTP
7,2023-09-29,21.1,0.0,17.319494835492563,0.5594631433486938,27.486704957463548,0.9424862474203107,0,0,32.287743841061385,1.093009987473488,0,0,36.754060979723164,1.3406820189952806,0,0,Seoul_Tancheon_WWTP
7,2023-09-30,19.7,4.5,24.15477545660724,0.4990411698818207,27.486704957463548,0.9424862474203107,0,0,32.287743841061385,1.093009987473488,0,0,36.754060979723164,1.3406820189952806,0,0,Seoul_Tancheon_WWTP
7,2023-10-01,18.4,0.0,14.842981311227975,0.5454244017601013,27.486704957463548,0.9424862474203107,0,0,32.287743841061385,1.093009987473488,0,0,36.754060979723164,1.3406820189952806,0,0,Seoul_Tancheon_WWTP
7,2023-10-02,18.2,0.0,17.653267935002653,0.606225311756134,27.486704957463548,0.9424862474203107,0,0,32.287743841061385,1.093009987473488,0,0,36.754060979723164,1.3406820189952806,0,0,Seoul_Tancheon_WWTP
7,2023-10-03,17.5,0.0,19.671098668991263,0.6425249576568604,27.486704957463548,0.9424862474203107,0,0,32.287743841061385,1.093009987473488,0,0,36.754060979723164,1.3406820189952806,0,0,Seoul_Tancheon_WWTP
7,2023-10-04,17.3,14.7,28.485126954819556,0.6230884194374084,27.486704957463548,0.9424862474203107,1,0,32.287743841061385,1.093009987473488,0,0,36.754060979723164,1.3406820189952806,0,0,Seoul_Tancheon_WWTP
7,2023-10-05,14.2,0.0,13.962399485723969,0.6147283315658569,27.486704957463548,0.9424862474203107,0,0,32.287743841061385,1.093009987473488,0,0,36.754060979723164,1.3406820189952806,0,0,Seoul_Tancheon_WWTP
7,2023-10-06,15.5,0.0,15.399916843453548,0.6040955781936646,27.486704957463548,0.9424862474203107,0,0,32.287743841061385,1.093009987473488,0,0,36.754060979723164,1.3406820189952806,0,0,Seoul_Tancheon_WWTP
7,2023-10-07,16.8,0.0,13.821535889263071,0.5431296825408936,27.486704957463548,0.9424862474203107,0,0,32.287743841061385,1.093009987473488,0,0,36.754060979723164,1.3406820189952806,0,0,Seoul_Tancheon_WWTP
7,2023-10-08,17.1,0.0,16.627168300446932,0.5212704539299011,27.486704957463548,0.9424862474203107,0,0,32.287743841061385,1.093009987473488,0,0,36.754060979723164,1.3406820189952806,0,0,Seoul_Tancheon_WWTP
7,2023-10-09,17.4,1.2,18.326658220278446,0.5074729919433594,27.486704957463548,0.9424862474203107,0,0,32.287743841061385,1.093009987473488,0,0,36.754060979723164,1.3406820189952806,0,0,Seoul_Tancheon_WWTP
7,2023-10-10,17.1,0.0,17.5631641713736,0.463904470205307,27.486704957463548,0.9424862474203107,0,0,32.287743841061385,1.093009987473488,0,0,36.754060979723164,1.3406820189952806,0,0,Seoul_Tancheon_WWTP
7,2023-10-11,17.6,0.0,18.125263334002113,0.4066976010799408,27.486704957463548,0.9424862474203107,0,0,32.287743841061385,1.093009987473488,0,0,36.754060979723164,1.3406820189952806,0,0,Seoul_Tancheon_WWTP
7,2023-10-12,17.5,0.0,17.29256016971532,0.3927261531352997,27.486704957463548,0.9424862474203107,0,0,32.287743841061385,1.093009987473488,0,0,36.754060979723164,1.3406820189952806,0,0,Seoul_Tancheon_WWTP
7,2023-10-13,17.5,0.0,19.528937013489568,0.3710593283176422,27.486704957463548,0.9424862474203107,0,0,32.287743841061385,1.093009987473488,0,0,36.754060979723164,1.3406820189952806,0,0,Seoul_Tancheon_WWTP
7,2023-10-14,14.7,5.8,19.943351372184118,0.3664621114730835,27.486704957463548,0.9424862474203107,0,0,32.287743841061385,1.093009987473488,0,0,36.754060979723164,1.3406820189952806,0,0,Seoul_Tancheon_WWTP
7,2023-10-15,16.1,0.0,14.932899014925678,0.3601053059101105,27.486704957463548,0.9424862474203107,0,0,32.287743841061385,1.093009987473488,0,0,36.754060979723164,1.3406820189952806,0,0,Seoul_Tancheon_WWTP
7,2023-10-16,14.7,0.0,15.230763037658633,0.3504777252674103,27.486704957463548,0.9424862474203107,0,0,32.287743841061385,1.093009987473488,0,0,36.754060979723164,1.3406820189952806,0,0,Seoul_Tancheon_WWTP
7,2023-10-17,13.8,0.0,21.088598353869685,0.3511556386947632,27.486704957463548,0.9424862474203107,0,0,32.287743841061385,1.093009987473488,0,0,36.754060979723164,1.3406820189952806,0,0,Seoul_Tancheon_WWTP
7,2023-10-18,15.7,0.0,23.083414700400763,0.3284202814102173,27.486704957463548,0.9424862474203107,0,0,32.287743841061385,1.093009987473488,0,0,36.754060979723164,1.3406820189952806,0,0,Seoul_Tancheon_WWTP
7,2023-10-19,17.0,8.2,25.9161184273685,0.37166962027549744,27.486704957463548,0.9424862474203107,0,0,32.287743841061385,1.093009987473488,0,0,36.754060979723164,1.3406820189952806,0,0,Seoul_Tancheon_WWTP
7,2023-10-20,11.6,0.0,20.114463403122095,0.3967638611793518,27.486704957463548,0.9424862474203107,0,0,32.287743841061385,1.093009987473488,0,0,36.754060979723164,1.3406820189952806,0,0,Seoul_Tancheon_WWTP
7,2023-10-21,10.4,1.1,21.391068837432307,0.4144076108932495,27.486704957463548,0.9424862474203107,0,0,32.287743841061385,1.093009987473488,0,0,36.754060979723164,1.3406820189952806,0,0,Seoul_Tancheon_WWTP
7,2023-10-22,12.5,0.0,20.684851192349086,0.4120441973209381,27.486704957463548,0.9424862474203107,0,0,32.287743841061385,1.093009987473488,0,0,36.754060979723164,1.3406820189952806,0,0,Seoul_Tancheon_WWTP
7,2023-10-23,15.2,0.0,15.862103396659775,0.4083379805088043,27.486704957463548,0.9424862474203107,0,0,32.287743841061385,1.093009987473488,0,0,36.754060979723164,1.3406820189952806,0,0,Seoul_Tancheon_WWTP
7,2023-10-24,15.6,0.0,30.247598016373946,0.39571690559387207,27.486704957463548,0.9424862474203107,1,0,32.287743841061385,1.093009987473488,0,0,36.754060979723164,1.3406820189952806,0,0,Seoul_Tancheon_WWTP
7,2023-10-25,16.6,0.0,17.006901322945264,0.3642198145389557,27.486704957463548,0.9424862474203107,0,0,32.287743841061385,1.093009987473488,0,0,36.754060979723164,1.3406820189952806,0,0,Seoul_Tancheon_WWTP
7,2023-10-26,17.2,0.0,18.3045607758207,0.4172283709049225,27.486704957463548,0.9424862474203107,0,0,32.287743841061385,1.093009987473488,0,0,36.754060979723164,1.3406820189952806,0,0,Seoul_Tancheon_WWTP
7,2023-10-27,15.7,0.0,17.552772856966634,0.44287341833114624,27.486704957463548,0.9424862474203107,0,0,32.287743841061385,1.093009987473488,0,0,36.754060979723164,1.3406820189952806,0,0,Seoul_Tancheon_WWTP
7,2023-10-28,14.2,0.0,16.492169042400988,0.4349430501461029,27.486704957463548,0.9424862474203107,0,0,32.287743841061385,1.093009987473488,0,0,36.754060979723164,1.3406820189952806,0,0,Seoul_Tancheon_WWTP
7,2023-10-29,14.9,0.0,19.625065453986316,0.4695987105369568,27.486704957463548,0.9424862474203107,0,0,32.287743841061385,1.093009987473488,0,0,36.754060979723164,1.3406820189952806,0,0,Seoul_Tancheon_WWTP
7,2023-10-30,15.1,0.0,21.124272516296898,0.4772043824195862,27.486704957463548,0.9424862474203107,0,0,32.287743841061385,1.093009987473488,0,0,36.754060979723164,1.3406820189952806,0,0,Seoul_Tancheon_WWTP
7,2023-10-31,16.5,0.0,16.945008131541638,0.45279234647750854,27.486704957463548,0.9424862474203107,0,0,32.287743841061385,1.093009987473488,0,0,36.754060979723164,1.3406820189952806,0,0,Seoul_Tancheon_WWTP
7,2023-11-01,19.0,0.0,18.65792919728755,0.4907822906970978,27.486704957463548,0.9424862474203107,0,0,32.287743841061385,1.093009987473488,0,0,36.754060979723164,1.3406820189952806,0,0,Seoul_Tancheon_WWTP
7,2023-11-02,20.8,0.0,20.363668683902645,0.47326740622520447,27.486704957463548,0.9424862474203107,0,0,32.287743841061385,1.093009987473488,0,0,36.754060979723164,1.3406820189952806,0,0,Seoul_Tancheon_WWTP
7,2023-11-03,19.5,8.5,22.121004331781634,0.48462146520614624,27.486704957463548,0.9424862474203107,0,0,32.287743841061385,1.093009987473488,0,0,36.754060979723164,1.3406820189952806,0,0,Seoul_Tancheon_WWTP
7,2023-11-04,17.4,0.0,12.978556395923876,0.487937867641449,27.486704957463548,0.9424862474203107,0,0,32.287743841061385,1.093009987473488,0,0,36.754060979723164,1.3406820189952806,0,0,Seoul_Tancheon_WWTP
7,2023-11-05,17.3,10.4,17.811141638400052,0.4920572340488434,27.486704957463548,0.9424862474203107,0,0,32.287743841061385,1.093009987473488,0,0,36.754060979723164,1.3406820189952806,0,0,Seoul_Tancheon_WWTP
7,2023-11-06,13.3,45.8,47.2551597081104,0.7845329642295837,27.486704957463548,0.9424862474203107,1,0,32.287743841061385,1.093009987473488,1,0,36.754060979723164,1.3406820189952806,1,0,Seoul_Tancheon_WWTP
7,2023-11-07,5.8,0.0,20.225767409693717,0.8681703209877014,27.486704957463548,0.9424862474203107,0,0,32.287743841061385,1.093009987473488,0,0,36.754060979723164,1.3406820189952806,0,0,Seoul_Tancheon_WWTP
7,2023-11-08,8.4,0.0,20.255874586956867,0.8916763663291931,27.486704957463548,0.9424862474203107,0,0,32.287743841061385,1.093009987473488,0,0,36.754060979723164,1.3406820189952806,0,0,Seoul_Tancheon_WWTP
7,2023-11-09,11.4,5.1,24.629631855737514,0.8356186151504517,27.486704957463548,0.9424862474203107,0,0,32.287743841061385,1.093009987473488,0,0,36.754060979723164,1.3406820189952806,0,0,Seoul_Tancheon_WWTP
7,2023-11-10,3.4,0.0,16.462607959911182,0.8018040657043457,27.486704957463548,0.9424862474203107,0,0,32.287743841061385,1.093009987473488,0,0,36.754060979723164,1.3406820189952806,0,0,Seoul_Tancheon_WWTP
7,2023-11-11,1.7,0.0,15.298675547203912,0.7659533619880676,27.486704957463548,0.9424862474203107,0,0,32.287743841061385,1.093009987473488,0,0,36.754060979723164,1.3406820189952806,0,0,Seoul_Tancheon_WWTP
7,2023-11-12,1.2,0.0,30.885801612355575,0.7148146033287048,27.486704957463548,0.9424862474203107,1,0,32.287743841061385,1.093009987473488,0,0,36.754060979723164,1.3406820189952806,0,0,Seoul_Tancheon_WWTP
7,2023-11-13,2.0,0.0,16.95768033235381,0.6824991703033447,27.486704957463548,0.9424862474203107,0,0,32.287743841061385,1.093009987473488,0,0,36.754060979723164,1.3406820189952806,0,0,Seoul_Tancheon_WWTP
7,2023-11-14,5.0,0.0,16.275799277890645,0.6545993685722351,27.486704957463548,0.9424862474203107,0,0,32.287743841061385,1.093009987473488,0,0,36.754060979723164,1.3406820189952806,0,0,Seoul_Tancheon_WWTP
7,2023-11-15,7.0,0.0,16.682115419819585,0.5743005871772766,27.486704957463548,0.9424862474203107,0,0,32.287743841061385,1.093009987473488,0,0,36.754060979723164,1.3406820189952806,0,0,Seoul_Tancheon_WWTP
7,2023-11-16,6.6,8.4,20.86453546933693,0.556588351726532,27.486704957463548,0.9424862474203107,0,0,32.287743841061385,1.093009987473488,0,0,36.754060979723164,1.3406820189952806,0,0,Seoul_Tancheon_WWTP
7,2023-11-17,1.6,0.0,15.973972920545194,0.5155864953994751,27.486704957463548,0.9424862474203107,0,0,32.287743841061385,1.093009987473488,0,0,36.754060979723164,1.3406820189952806,0,0,Seoul_Tancheon_WWTP
7,2023-11-18,0.6,0.0,16.115429577307857,0.5117272138595581,27.486704957463548,0.9424862474203107,0,0,32.287743841061385,1.093009987473488,0,0,36.754060979723164,1.3406820189952806,0,0,Seoul_Tancheon_WWTP
7,2023-11-19,5.9,0.0,18.263023708311305,0.5640263557434082,27.486704957463548,0.9424862474203107,0,0,32.287743841061385,1.093009987473488,0,0,36.754060979723164,1.3406820189952806,0,0,Seoul_Tancheon_WWTP
7,2023-11-20,6.2,0.0,18.473691579307747,0.3571591079235077,27.486704957463548,0.9424862474203107,0,0,32.287743841061385,1.093009987473488,0,0,36.754060979723164,1.3406820189952806,0,0,Seoul_Tancheon_WWTP
7,2023-11-21,7.4,0.0,24.690271272164612,0.339790403842926,27.486704957463548,0.9424862474203107,0,0,32.287743841061385,1.093009987473488,0,0,36.754060979723164,1.3406820189952806,0,0,Seoul_Tancheon_WWTP
7,2023-11-22,9.5,0.0,22.457032574836575,0.33489537239074707,27.486704957463548,0.9424862474203107,0,0,32.287743841061385,1.093009987473488,0,0,36.754060979723164,1.3406820189952806,0,0,Seoul_Tancheon_WWTP
7,2023-11-23,9.9,0.1,20.11432429639846,0.33369699120521545,27.486704957463548,0.9424862474203107,0,0,32.287743841061385,1.093009987473488,0,0,36.754060979723164,1.3406820189952806,0,0,Seoul_Tancheon_WWTP
7,2023-11-24,-1.5,0.0,18.00345685690267,0.3425445556640625,27.486704957463548,0.9424862474203107,0,0,32.287743841061385,1.093009987473488,0,0,36.754060979723164,1.3406820189952806,0,0,Seoul_Tancheon_WWTP
7,2023-11-25,-1.3,0.0,16.417714487237554,0.3338363766670227,27.486704957463548,0.9424862474203107,0,0,32.287743841061385,1.093009987473488,0,0,36.754060979723164,1.3406820189952806,0,0,Seoul_Tancheon_WWTP
7,2023-11-26,4.0,0.0,16.678610465251168,0.3192656636238098,27.486704957463548,0.9424862474203107,0,0,32.287743841061385,1.093009987473488,0,0,36.754060979723164,1.3406820189952806,0,0,Seoul_Tancheon_WWTP
7,2023-11-27,6.2,3.6,15.203018978332084,0.33993709087371826,27.486704957463548,0.9424862474203107,0,0,32.287743841061385,1.093009987473488,0,0,36.754060979723164,1.3406820189952806,0,0,Seoul_Tancheon_WWTP
7,2023-11-28,1.3,0.0,16.513006918453044,0.34896373748779297,27.486704957463548,0.9424862474203107,0,0,32.287743841061385,1.093009987473488,0,0,36.754060979723164,1.3406820189952806,0,0,Seoul_Tancheon_WWTP
7,2023-11-29,-1.4,0.0,19.202998648215516,0.37005606293678284,27.486704957463548,0.9424862474203107,0,0,32.287743841061385,1.093009987473488,0,0,36.754060979723164,1.3406820189952806,0,0,Seoul_Tancheon_WWTP
7,2023-11-30,-4.3,0.0,19.61518110460412,0.3514116108417511,27.486704957463548,0.9424862474203107,0,0,32.287743841061385,1.093009987473488,0,0,36.754060979723164,1.3406820189952806,0,0,Seoul_Tancheon_WWTP
7,2023-12-01,-3.2,0.0,18.159508055327294,0.3780360221862793,27.486704957463548,0.9424862474203107,0,0,32.287743841061385,1.093009987473488,0,0,36.754060979723164,1.3406820189952806,0,0,Seoul_Tancheon_WWTP
7,2023-12-02,2.0,0.0,21.002456554155163,0.435224324464798,27.486704957463548,0.9424862474203107,0,0,32.287743841061385,1.093009987473488,0,0,36.754060979723164,1.3406820189952806,0,0,Seoul_Tancheon_WWTP
7,2023-12-03,0.8,0.0,21.076656416356997,0.44674041867256165,27.486704957463548,0.9424862474203107,0,0,32.287743841061385,1.093009987473488,0,0,36.754060979723164,1.3406820189952806,0,0,Seoul_Tancheon_WWTP
7,2023-12-04,2.7,0.0,19.521556342629047,0.4514636993408203,27.486704957463548,0.9424862474203107,0,0,32.287743841061385,1.093009987473488,0,0,36.754060979723164,1.3406820189952806,0,0,Seoul_Tancheon_WWTP
7,2023-12-05,6.8,0.0,16.041942297661905,0.3954732120037079,27.486704957463548,0.9424862474203107,0,0,32.287743841061385,1.093009987473488,0,0,36.754060979723164,1.3406820189952806,0,0,Seoul_Tancheon_WWTP
7,2023-12-06,6.1,3.8,20.3887408589306,0.41343244910240173,27.486704957463548,0.9424862474203107,0,0,32.287743841061385,1.093009987473488,0,0,36.754060979723164,1.3406820189952806,0,0,Seoul_Tancheon_WWTP
7,2023-12-07,6.6,0.0,20.068936296360206,0.40569576621055603,27.486704957463548,0.9424862474203107,0,0,32.287743841061385,1.093009987473488,0,0,36.754060979723164,1.3406820189952806,0,0,Seoul_Tancheon_WWTP
7,2023-12-08,11.2,0.0,23.34431740171155,0.4499625265598297,27.486704957463548,0.9424862474203107,0,0,32.287743841061385,1.093009987473488,0,0,36.754060979723164,1.3406820189952806,0,0,Seoul_Tancheon_WWTP
7,2023-12-09,13.7,0.0,16.26743205524441,0.49004384875297546,27.486704957463548,0.9424862474203107,0,0,32.287743841061385,1.093009987473488,0,0,36.754060979723164,1.3406820189952806,0,0,Seoul_Tancheon_WWTP
7,2023-12-10,11.4,0.0,23.772933860398823,0.5540314316749573,27.486704957463548,0.9424862474203107,0,0,32.287743841061385,1.093009987473488,0,0,36.754060979723164,1.3406820189952806,0,0,Seoul_Tancheon_WWTP
7,2023-12-11,8.9,11.4,19.073651842958576,0.5677622556686401,27.486704957463548,0.9424862474203107,0,0,32.287743841061385,1.093009987473488,0,0,36.754060979723164,1.3406820189952806,0,0,Seoul_Tancheon_WWTP
7,2023-12-12,5.4,0.4,19.4043199761296,0.5993533134460449,27.486704957463548,0.9424862474203107,0,0,32.287743841061385,1.093009987473488,0,0,36.754060979723164,1.3406820189952806,0,0,Seoul_Tancheon_WWTP
7,2023-12-13,6.8,0.0,16.80960895056142,0.5882843732833862,27.486704957463548,0.9424862474203107,0,0,32.287743841061385,1.093009987473488,0,0,36.754060979723164,1.3406820189952806,0,0,Seoul_Tancheon_WWTP
7,2023-12-14,7.6,17.0,25.70377134474396,0.5870791673660278,27.486704957463548,0.9424862474203107,0,0,32.287743841061385,1.093009987473488,0,0,36.754060979723164,1.3406820189952806,0,0,Seoul_Tancheon_WWTP
7,2023-12-15,4.9,31.1,33.31289942514355,0.796673595905304,27.486704957463548,0.9424862474203107,1,0,32.287743841061385,1.093009987473488,1,0,36.754060979723164,1.3406820189952806,0,0,Seoul_Tancheon_WWTP
7,2023-12-16,-4.1,1.5,22.854801543251874,0.784725546836853,27.486704957463548,0.9424862474203107,0,0,32.287743841061385,1.093009987473488,0,0,36.754060979723164,1.3406820189952806,0,0,Seoul_Tancheon_WWTP
7,2023-12-17,-9.8,0.0,27.777915112255332,0.8417238593101501,27.486704957463548,0.9424862474203107,1,0,32.287743841061385,1.093009987473488,0,0,36.754060979723164,1.3406820189952806,0,0,Seoul_Tancheon_WWTP
7,2023-12-18,-7.7,0.0,23.823544971302315,0.826202392578125,27.486704957463548,0.9424862474203107,0,0,32.287743841061385,1.093009987473488,0,0,36.754060979723164,1.3406820189952806,0,0,Seoul_Tancheon_WWTP
7,2023-12-19,-3.7,0.3,17.050809037638707,0.8454791903495789,27.486704957463548,0.9424862474203107,0,0,32.287743841061385,1.093009987473488,0,0,36.754060979723164,1.3406820189952806,0,0,Seoul_Tancheon_WWTP
7,2023-12-20,-7.4,0.8,20.660133842937896,0.8186144828796387,27.486704957463548,0.9424862474203107,0,0,32.287743841061385,1.093009987473488,0,0,36.754060979723164,1.3406820189952806,0,0,Seoul_Tancheon_WWTP
7,2023-12-21,-11.7,0.0,24.852222271533407,0.8625450730323792,27.486704957463548,0.9424862474203107,0,0,32.287743841061385,1.093009987473488,0,0,36.754060979723164,1.3406820189952806,0,0,Seoul_Tancheon_WWTP
8,2023-12-22,-11.6,0.0,24.303520777906023,0.4987424910068512,28.16325436294749,0.9200083643198013,0,0,33.10471820528687,1.1007258892059324,0,0,39.134798849857496,1.3697354495525356,0,0,Seoul_Tancheon_WWTP
8,2023-12-23,-6.8,0.0,19.07916663521746,0.5370171666145325,28.16325436294749,0.9200083643198013,0,0,33.10471820528687,1.1007258892059324,0,0,39.134798849857496,1.3697354495525356,0,0,Seoul_Tancheon_WWTP
8,2023-12-24,-2.2,1.1,19.179647365825712,0.6362088322639465,28.16325436294749,0.9200083643198013,0,0,33.10471820528687,1.1007258892059324,0,0,39.134798849857496,1.3697354495525356,0,0,Seoul_Tancheon_WWTP
8,2023-12-25,-0.7,0.7,18.295531056600446,0.6135028600692749,28.16325436294749,0.9200083643198013,0,0,33.10471820528687,1.1007258892059324,0,0,39.134798849857496,1.3697354495525356,0,0,Seoul_Tancheon_WWTP
8,2023-12-26,1.9,0.0,20.169110540861148,0.7154714465141296,28.16325436294749,0.9200083643198013,0,0,33.10471820528687,1.1007258892059324,0,0,39.134798849857496,1.3697354495525356,0,0,Seoul_Tancheon_WWTP
8,2023-12-27,1.5,0.0,18.53635875537143,0.7593297362327576,28.16325436294749,0.9200083643198013,0,0,33.10471820528687,1.1007258892059324,0,0,39.134798849857496,1.3697354495525356,0,0,Seoul_Tancheon_WWTP
8,2023-12-28,1.2,0.0,17.61665247162965,0.7414748668670654,28.16325436294749,0.9200083643198013,0,0,33.10471820528687,1.1007258892059324,0,0,39.134798849857496,1.3697354495525356,0,0,Seoul_Tancheon_WWTP
8,2023-12-29,1.3,0.0,20.418022960421368,0.47642382979393005,28.16325436294749,0.9200083643198013,0,0,33.10471820528687,1.1007258892059324,0,0,39.134798849857496,1.3697354495525356,0,0,Seoul_Tancheon_WWTP
8,2023-12-30,0.6,13.1,25.37284934578259,0.4741065204143524,28.16325436294749,0.9200083643198013,0,0,33.10471820528687,1.1007258892059324,0,0,39.134798849857496,1.3697354495525356,0,0,Seoul_Tancheon_WWTP
8,2023-12-31,2.1,4.7,16.850183062981777,0.5168308615684509,28.16325436294749,0.9200083643198013,0,0,33.10471820528687,1.1007258892059324,0,0,39.134798849857496,1.3697354495525356,0,0,Seoul_Tancheon_WWTP
8,2024-01-01,3.3,0.0,22.167075027967467,0.5009902715682983,28.16325436294749,0.9200083643198013,0,0,33.10471820528687,1.1007258892059324,0,0,39.134798849857496,1.3697354495525356,0,0,Seoul_Tancheon_WWTP
8,2024-01-02,2.9,0.0,22.424631489675228,0.5129560232162476,28.16325436294749,0.9200083643198013,0,0,33.10471820528687,1.1007258892059324,0,0,39.134798849857496,1.3697354495525356,0,0,Seoul_Tancheon_WWTP
8,2024-01-03,1.8,0.6,19.44639547053295,0.591145932674408,28.16325436294749,0.9200083643198013,0,0,33.10471820528687,1.1007258892059324,0,0,39.134798849857496,1.3697354495525356,0,0,Seoul_Tancheon_WWTP
8,2024-01-04,1.4,0.0,17.394773297255718,0.5676171183586121,28.16325436294749,0.9200083643198013,0,0,33.10471820528687,1.1007258892059324,0,0,39.134798849857496,1.3697354495525356,0,0,Seoul_Tancheon_WWTP
8,2024-01-05,5.0,0.0,18.001295706611366,0.585360050201416,28.16325436294749,0.9200083643198013,0,0,33.10471820528687,1.1007258892059324,0,0,39.134798849857496,1.3697354495525356,0,0,Seoul_Tancheon_WWTP
8,2024-01-06,0.7,2.4,17.45466820492566,0.5826106667518616,28.16325436294749,0.9200083643198013,0,0,33.10471820528687,1.1007258892059324,0,0,39.134798849857496,1.3697354495525356,0,0,Seoul_Tancheon_WWTP
8,2024-01-07,-4.4,0.0,18.831416232395505,0.5654670596122742,28.16325436294749,0.9200083643198013,0,0,33.10471820528687,1.1007258892059324,0,0,39.134798849857496,1.3697354495525356,0,0,Seoul_Tancheon_WWTP
8,2024-01-08,-4.7,0.0,19.217516528145925,0.526186466217041,28.16325436294749,0.9200083643198013,0,0,33.10471820528687,1.1007258892059324,0,0,39.134798849857496,1.3697354495525356,0,0,Seoul_Tancheon_WWTP
8,2024-01-09,-0.6,1.6,21.220743564983156,0.5505810379981995,28.16325436294749,0.9200083643198013,0,0,33.10471820528687,1.1007258892059324,0,0,39.134798849857496,1.3697354495525356,0,0,Seoul_Tancheon_WWTP
8,2024-01-10,-1.0,0.0,20.638939519042758,0.5794130563735962,28.16325436294749,0.9200083643198013,0,0,33.10471820528687,1.1007258892059324,0,0,39.134798849857496,1.3697354495525356,0,0,Seoul_Tancheon_WWTP
8,2024-01-11,1.7,0.0,20.93802673537167,0.6278039216995239,28.16325436294749,0.9200083643198013,0,0,33.10471820528687,1.1007258892059324,0,0,39.134798849857496,1.3697354495525356,0,0,Seoul_Tancheon_WWTP
8,2024-01-12,0.9,0.0,19.30428635136121,0.6160833835601807,28.16325436294749,0.9200083643198013,0,0,33.10471820528687,1.1007258892059324,0,0,39.134798849857496,1.3697354495525356,0,0,Seoul_Tancheon_WWTP
8,2024-01-13,0.4,0.0,19.51336339887828,0.5761822462081909,28.16325436294749,0.9200083643198013,0,0,33.10471820528687,1.1007258892059324,0,0,39.134798849857496,1.3697354495525356,0,0,Seoul_Tancheon_WWTP
8,2024-01-14,-0.6,3.1,15.947684642785411,0.5089089870452881,28.16325436294749,0.9200083643198013,0,0,33.10471820528687,1.1007258892059324,0,0,39.134798849857496,1.3697354495525356,0,0,Seoul_Tancheon_WWTP
8,2024-01-15,-3.7,0.0,18.15833451085094,0.4834253191947937,28.16325436294749,0.9200083643198013,0,0,33.10471820528687,1.1007258892059324,0,0,39.134798849857496,1.3697354495525356,0,0,Seoul_Tancheon_WWTP
8,2024-01-16,-2.1,0.0,24.30778052874554,0.49028319120407104,28.16325436294749,0.9200083643198013,0,0,33.10471820528687,1.1007258892059324,0,0,39.134798849857496,1.3697354495525356,0,0,Seoul_Tancheon_WWTP
8,2024-01-17,0.6,9.7,21.414118662093653,0.46747031807899475,28.16325436294749,0.9200083643198013,0,0,33.10471820528687,1.1007258892059324,0,0,39.134798849857496,1.3697354495525356,0,0,Seoul_Tancheon_WWTP
8,2024-01-18,4.5,0.5,17.1084542393959,0.44587332010269165,28.16325436294749,0.9200083643198013,0,0,33.10471820528687,1.1007258892059324,0,0,39.134798849857496,1.3697354495525356,0,0,Seoul_Tancheon_WWTP
8,2024-01-19,5.4,0.0,18.08811235636127,0.42537903785705566,28.16325436294749,0.9200083643198013,0,0,33.10471820528687,1.1007258892059324,0,0,39.134798849857496,1.3697354495525356,0,0,Seoul_Tancheon_WWTP
8,2024-01-20,3.4,0.4,18.80315868351028,0.42038819193840027,28.16325436294749,0.9200083643198013,0,0,33.10471820528687,1.1007258892059324,0,0,39.134798849857496,1.3697354495525356,0,0,Seoul_Tancheon_WWTP
8,2024-01-21,1.7,0.4,17.732733668045825,0.42598220705986023,28.16325436294749,0.9200083643198013,0,0,33.10471820528687,1.1007258892059324,0,0,39.134798849857496,1.3697354495525356,0,0,Seoul_Tancheon_WWTP
8,2024-01-22,-8.7,0.2,20.83576136895556,0.4731779992580414,28.16325436294749,0.9200083643198013,0,0,33.10471820528687,1.1007258892059324,0,0,39.134798849857496,1.3697354495525356,0,0,Seoul_Tancheon_WWTP
8,2024-01-23,-11.7,0.0,24.717435256205647,0.49240773916244507,28.16325436294749,0.9200083643198013,0,0,33.10471820528687,1.1007258892059324,0,0,39.134798849857496,1.3697354495525356,0,0,Seoul_Tancheon_WWTP
8,2024-01-24,-8.0,0.0,19.64327684405073,0.4606805741786957,28.16325436294749,0.9200083643198013,0,0,33.10471820528687,1.1007258892059324,0,0,39.134798849857496,1.3697354495525356,0,0,Seoul_Tancheon_WWTP
8,2024-01-25,-5.3,0.0,19.888250008192614,0.4981064200401306,28.16325436294749,0.9200083643198013,0,0,33.10471820528687,1.1007258892059324,0,0,39.134798849857496,1.3697354495525356,0,0,Seoul_Tancheon_WWTP
8,2024-01-26,-1.7,0.0,19.37312947134153,0.48827099800109863,28.16325436294749,0.9200083643198013,0,0,33.10471820528687,1.1007258892059324,0,0,39.134798849857496,1.3697354495525356,0,0,Seoul_Tancheon_WWTP
8,2024-01-27,-0.5,0.0,17.473781382133517,0.4954068958759308,28.16325436294749,0.9200083643198013,0,0,33.10471820528687,1.1007258892059324,0,0,39.134798849857496,1.3697354495525356,0,0,Seoul_Tancheon_WWTP
8,2024-01-28,-1.5,0.0,20.69617021704253,0.48221299052238464,28.16325436294749,0.9200083643198013,0,0,33.10471820528687,1.1007258892059324,0,0,39.134798849857496,1.3697354495525356,0,0,Seoul_Tancheon_WWTP
8,2024-01-29,-0.4,0.0,20.72837691123436,0.4919641613960266,28.16325436294749,0.9200083643198013,0,0,33.10471820528687,1.1007258892059324,0,0,39.134798849857496,1.3697354495525356,0,0,Seoul_Tancheon_WWTP
8,2024-01-30,1.4,0.0,18.186138894422157,0.4653005599975586,28.16325436294749,0.9200083643198013,0,0,33.10471820528687,1.1007258892059324,0,0,39.134798849857496,1.3697354495525356,0,0,Seoul_Tancheon_WWTP
8,2024-01-31,4.7,0.0,21.08767776133089,0.44320589303970337,28.16325436294749,0.9200083643198013,0,0,33.10471820528687,1.1007258892059324,0,0,39.134798849857496,1.3697354495525356,0,0,Seoul_Tancheon_WWTP
8,2024-02-01,2.4,0.0,23.462267386619345,0.508857250213623,28.16325436294749,0.9200083643198013,0,0,33.10471820528687,1.1007258892059324,0,0,39.134798849857496,1.3697354495525356,0,0,Seoul_Tancheon_WWTP
8,2024-02-02,3.1,0.0,19.403473623086875,0.5238958597183228,28.16325436294749,0.9200083643198013,0,0,33.10471820528687,1.1007258892059324,0,0,39.134798849857496,1.3697354495525356,0,0,Seoul_Tancheon_WWTP
8,2024-02-03,4.7,0.0,15.191365327539685,0.5014634132385254,28.16325436294749,0.9200083643198013,0,0,33.10471820528687,1.1007258892059324,0,0,39.134798849857496,1.3697354495525356,0,0,Seoul_Tancheon_WWTP
8,2024-02-04,7.3,0.0,15.408224235940429,0.5316537618637085,28.16325436294749,0.9200083643198013,0,0,33.10471820528687,1.1007258892059324,0,0,39.134798849857496,1.3697354495525356,0,0,Seoul_Tancheon_WWTP
8,2024-02-05,2.7,3.9,16.099640446297578,0.53139728307724,28.16325436294749,0.9200083643198013,0,0,33.10471820528687,1.1007258892059324,0,0,39.134798849857496,1.3697354495525356,0,0,Seoul_Tancheon_WWTP
8,2024-02-06,1.2,0.2,20.396629364946595,0.5147039890289307,28.16325436294749,0.9200083643198013,0,0,33.10471820528687,1.1007258892059324,0,0,39.134798849857496,1.3697354495525356,0,0,Seoul_Tancheon_WWTP
8,2024-02-07,0.6,0.0,20.08012350112743,0.5332155823707581,28.16325436294749,0.9200083643198013,0,0,33.10471820528687,1.1007258892059324,0,0,39.134798849857496,1.3697354495525356,0,0,Seoul_Tancheon_WWTP
8,2024-02-08,0.6,0.0,20.84195485492696,0.5269613265991211,28.16325436294749,0.9200083643198013,0,0,33.10471820528687,1.1007258892059324,0,0,39.134798849857496,1.3697354495525356,0,0,Seoul_Tancheon_WWTP
8,2024-02-09,1.1,0.0,20.291022589322836,0.5201089978218079,28.16325436294749,0.9200083643198013,0,0,33.10471820528687,1.1007258892059324,0,0,39.134798849857496,1.3697354495525356,0,0,Seoul_Tancheon_WWTP
8,2024-02-10,1.7,0.0,19.252018700273332,0.4970133900642395,28.16325436294749,0.9200083643198013,0,0,33.10471820528687,1.1007258892059324,0,0,39.134798849857496,1.3697354495525356,0,0,Seoul_Tancheon_WWTP
8,2024-02-11,1.0,0.0,20.15804048494448,0.4833209216594696,28.16325436294749,0.9200083643198013,0,0,33.10471820528687,1.1007258892059324,0,0,39.134798849857496,1.3697354495525356,0,0,Seoul_Tancheon_WWTP
8,2024-02-12,3.5,0.0,20.76779854199914,0.47964975237846375,28.16325436294749,0.9200083643198013,0,0,33.10471820528687,1.1007258892059324,0,0,39.134798849857496,1.3697354495525356,0,0,Seoul_Tancheon_WWTP
8,2024-02-13,8.2,0.0,19.087606575618732,0.48659732937812805,28.16325436294749,0.9200083643198013,0,0,33.10471820528687,1.1007258892059324,0,0,39.134798849857496,1.3697354495525356,0,0,Seoul_Tancheon_WWTP
8,2024-02-14,12.9,0.0,18.536266655463347,0.5110862851142883,28.16325436294749,0.9200083643198013,0,0,33.10471820528687,1.1007258892059324,0,0,39.134798849857496,1.3697354495525356,0,0,Seoul_Tancheon_WWTP
8,2024-02-15,4.5,10.9,22.284881634739975,0.46867242455482483,28.16325436294749,0.9200083643198013,0,0,33.10471820528687,1.1007258892059324,0,0,39.134798849857496,1.3697354495525356,0,0,Seoul_Tancheon_WWTP
8,2024-02-16,2.3,0.0,19.361168832961035,0.4760599732398987,28.16325436294749,0.9200083643198013,0,0,33.10471820528687,1.1007258892059324,0,0,39.134798849857496,1.3697354495525356,0,0,Seoul_Tancheon_WWTP
8,2024-02-17,4.4,0.0,18.145673639381968,0.49648571014404297,28.16325436294749,0.9200083643198013,0,0,33.10471820528687,1.1007258892059324,0,0,39.134798849857496,1.3697354495525356,0,0,Seoul_Tancheon_WWTP
8,2024-02-18,6.2,17.1,24.391080738026808,0.5085387825965881,28.16325436294749,0.9200083643198013,0,0,33.10471820528687,1.1007258892059324,0,0,39.134798849857496,1.3697354495525356,0,0,Seoul_Tancheon_WWTP
8,2024-02-19,9.1,8.9,18.702570795467718,0.5473798513412476,28.16325436294749,0.9200083643198013,0,0,33.10471820528687,1.1007258892059324,0,0,39.134798849857496,1.3697354495525356,0,0,Seoul_Tancheon_WWTP
8,2024-02-20,4.3,2.6,18.910531457643486,0.5140138864517212,28.16325436294749,0.9200083643198013,0,0,33.10471820528687,1.1007258892059324,0,0,39.134798849857496,1.3697354495525356,0,0,Seoul_Tancheon_WWTP
8,2024-02-21,1.9,17.8,23.98993057255567,0.6027138233184814,28.16325436294749,0.9200083643198013,0,0,33.10471820528687,1.1007258892059324,0,0,39.134798849857496,1.3697354495525356,0,0,Seoul_Tancheon_WWTP
8,2024-02-22,0.2,8.8,20.471726122319907,0.5945029854774475,28.16325436294749,0.9200083643198013,0,0,33.10471820528687,1.1007258892059324,0,0,39.134798849857496,1.3697354495525356,0,0,Seoul_Tancheon_WWTP
8,2024-02-23,1.8,0.4,17.63649604927437,0.5605059862136841,28.16325436294749,0.9200083643198013,0,0,33.10471820528687,1.1007258892059324,0,0,39.134798849857496,1.3697354495525356,0,0,Seoul_Tancheon_WWTP
8,2024-02-24,2.0,2.3,19.47083859796333,0.5912541151046753,28.16325436294749,0.9200083643198013,0,0,33.10471820528687,1.1007258892059324,0,0,39.134798849857496,1.3697354495525356,0,0,Seoul_Tancheon_WWTP
8,2024-02-25,2.8,1.8,22.12833306232055,0.5999906063079834,28.16325436294749,0.9200083643198013,0,0,33.10471820528687,1.1007258892059324,0,0,39.134798849857496,1.3697354495525356,0,0,Seoul_Tancheon_WWTP
8,2024-02-26,3.8,0.0,23.480922733245592,0.6919535994529724,28.16325436294749,0.9200083643198013,0,0,33.10471820528687,1.1007258892059324,0,0,39.134798849857496,1.3697354495525356,0,0,Seoul_Tancheon_WWTP
8,2024-02-27,5.3,0.0,25.869204092351502,0.7445504069328308,28.16325436294749,0.9200083643198013,0,0,33.10471820528687,1.1007258892059324,0,0,39.134798849857496,1.3697354495525356,0,0,Seoul_Tancheon_WWTP
8,2024-02-28,6.4,0.0,22.148176146041692,0.760774552822113,28.16325436294749,0.9200083643198013,0,0,33.10471820528687,1.1007258892059324,0,0,39.134798849857496,1.3697354495525356,0,0,Seoul_Tancheon_WWTP
8,2024-02-29,4.8,0.0,17.308760492614606,0.691084086894989,28.16325436294749,0.9200083643198013,0,0,33.10471820528687,1.1007258892059324,0,0,39.134798849857496,1.3697354495525356,0,0,Seoul_Tancheon_WWTP
8,2024-03-01,-4.1,0.0,18.38534509660162,0.6679379343986511,28.16325436294749,0.9200083643198013,0,0,33.10471820528687,1.1007258892059324,0,0,39.134798849857496,1.3697354495525356,0,0,Seoul_Tancheon_WWTP
8,2024-03-02,-0.5,0.0,22.40211453805737,0.6829681992530823,28.16325436294749,0.9200083643198013,0,0,33.10471820528687,1.1007258892059324,0,0,39.134798849857496,1.3697354495525356,0,0,Seoul_Tancheon_WWTP
8,2024-03-03,4.0,0.0,18.963183313747436,0.6541059017181396,28.16325436294749,0.9200083643198013,0,0,33.10471820528687,1.1007258892059324,0,0,39.134798849857496,1.3697354495525356,0,0,Seoul_Tancheon_WWTP
8,2024-03-04,5.4,0.0,20.80908354048365,0.6510205268859863,28.16325436294749,0.9200083643198013,0,0,33.10471820528687,1.1007258892059324,0,0,39.134798849857496,1.3697354495525356,0,0,Seoul_Tancheon_WWTP
8,2024-03-05,8.0,0.0,20.72196800344722,0.6338346600532532,28.16325436294749,0.9200083643198013,0,0,33.10471820528687,1.1007258892059324,0,0,39.134798849857496,1.3697354495525356,0,0,Seoul_Tancheon_WWTP
8,2024-03-06,6.2,0.0,20.923315981411577,0.5455493330955505,28.16325436294749,0.9200083643198013,0,0,33.10471820528687,1.1007258892059324,0,0,39.134798849857496,1.3697354495525356,0,0,Seoul_Tancheon_WWTP
8,2024-03-07,3.9,2.1,19.34118203326952,0.5453455448150635,28.16325436294749,0.9200083643198013,0,0,33.10471820528687,1.1007258892059324,0,0,39.134798849857496,1.3697354495525356,0,0,Seoul_Tancheon_WWTP
8,2024-03-08,2.1,0.0,20.047912154739656,0.5247928500175476,28.16325436294749,0.9200083643198013,0,0,33.10471820528687,1.1007258892059324,0,0,39.134798849857496,1.3697354495525356,0,0,Seoul_Tancheon_WWTP
8,2024-03-09,2.0,0.0,21.711346161330425,0.5035524368286133,28.16325436294749,0.9200083643198013,0,0,33.10471820528687,1.1007258892059324,0,0,39.134798849857496,1.3697354495525356,0,0,Seoul_Tancheon_WWTP
8,2024-03-10,4.2,0.0,22.740094386280393,0.5107417106628418,28.16325436294749,0.9200083643198013,0,0,33.10471820528687,1.1007258892059324,0,0,39.134798849857496,1.3697354495525356,0,0,Seoul_Tancheon_WWTP
8,2024-03-11,6.2,0.0,18.81532081501936,0.4849560558795929,28.16325436294749,0.9200083643198013,0,0,33.10471820528687,1.1007258892059324,0,0,39.134798849857496,1.3697354495525356,0,0,Seoul_Tancheon_WWTP
8,2024-03-12,6.6,2.1,17.811870596034126,0.43769571185112,28.16325436294749,0.9200083643198013,0,0,33.10471820528687,1.1007258892059324,0,0,39.134798849857496,1.3697354495525356,0,0,Seoul_Tancheon_WWTP
8,2024-03-13,6.5,0.0,17.745553786204805,0.4076393246650696,28.16325436294749,0.9200083643198013,0,0,33.10471820528687,1.1007258892059324,0,0,39.134798849857496,1.3697354495525356,0,0,Seoul_Tancheon_WWTP
8,2024-03-14,8.5,0.0,20.70888630709959,0.42461591958999634,28.16325436294749,0.9200083643198013,0,0,33.10471820528687,1.1007258892059324,0,0,39.134798849857496,1.3697354495525356,0,0,Seoul_Tancheon_WWTP
8,2024-03-15,8.9,0.0,19.01357990284132,0.4399508237838745,28.16325436294749,0.9200083643198013,0,0,33.10471820528687,1.1007258892059324,0,0,39.134798849857496,1.3697354495525356,0,0,Seoul_Tancheon_WWTP
8,2024-03-16,10.9,0.0,19.508246702357408,0.44213542342185974,28.16325436294749,0.9200083643198013,0,0,33.10471820528687,1.1007258892059324,0,0,39.134798849857496,1.3697354495525356,0,0,Seoul_Tancheon_WWTP
8,2024-03-17,8.8,0.1,16.074679743695736,0.451234370470047,28.16325436294749,0.9200083643198013,0,0,33.10471820528687,1.1007258892059324,0,0,39.134798849857496,1.3697354495525356,0,0,Seoul_Tancheon_WWTP
8,2024-03-18,7.1,0.0,16.781168040426792,0.4158855974674225,28.16325436294749,0.9200083643198013,0,0,33.10471820528687,1.1007258892059324,0,0,39.134798849857496,1.3697354495525356,0,0,Seoul_Tancheon_WWTP
8,2024-03-19,6.7,0.2,20.146142721758878,0.4486970901489258,28.16325436294749,0.9200083643198013,0,0,33.10471820528687,1.1007258892059324,0,0,39.134798849857496,1.3697354495525356,0,0,Seoul_Tancheon_WWTP
8,2024-03-20,4.4,0.0,20.962952156067196,0.45325538516044617,28.16325436294749,0.9200083643198013,0,0,33.10471820528687,1.1007258892059324,0,0,39.134798849857496,1.3697354495525356,0,0,Seoul_Tancheon_WWTP
