fold,Date,temp_value,precip_value,GC_Score,CS_Score,GC_thr_0.95,CS_thr_0.95,GC_Anomaly_0.95,CS_Anomaly_0.95,GC_thr_0.975,CS_thr_0.975,GC_Anomaly_0.975,CS_Anomaly_0.975,GC_thr_0.99,CS_thr_0.99,GC_Anomaly_0.99,CS_Anomaly_0.99,dataset
0,2022-01-04,3.1375,0.0,10.102539465981486,0.6666840314865112,20.571457987644877,0.9543611854314802,0,0,27.615683251259618,1.7414894580841065,0,0,32.24218375441347,1.7689622366428375,0,0,Seoul3
0,2022-01-05,3.425,0.2,8.702032052883759,0.6502362489700317,20.571457987644877,0.9543611854314802,0,0,27.615683251259618,1.7414894580841065,0,0,32.24218375441347,1.7689622366428375,0,0,Seoul3
0,2022-01-06,4.766666667,0.0,9.398540705406727,0.5240637063980103,20.571457987644877,0.9543611854314802,0,0,27.615683251259618,1.7414894580841065,0,0,32.24218375441347,1.7689622366428375,0,0,Seoul3
0,2022-01-07,3.695833333,0.0,8.865668762532398,0.5060034394264221,20.571457987644877,0.9543611854314802,0,0,27.615683251259618,1.7414894580841065,0,0,32.24218375441347,1.7689622366428375,0,0,Seoul3
0,2022-01-08,4.5375,0.0,6.395018461777998,0.5256993174552917,20.571457987644877,0.9543611854314802,0,0,27.615683251259618,1.7414894580841065,0,0,32.24218375441347,1.7689622366428375,0,0,Seoul3
0,2022-01-09,5.379166667,0.0,9.119511765860985,0.4936855733394623,20.571457987644877,0.9543611854314802,0,0,27.615683251259618,1.7414894580841065,0,0,32.24218375441347,1.7689622366428375,0,0,Seoul3
0,2022-01-10,6.195833333,0.0,11.408062397862494,0.4817783534526825,20.571457987644877,0.9543611854314802,0,0,27.615683251259618,1.7414894580841065,0,0,32.24218375441347,1.7689622366428375,0,0,Seoul3
0,2022-01-11,1.208333333,0.0,10.530571015008842,0.41042155027389526,20.571457987644877,0.9543611854314802,0,0,27.615683251259618,1.7414894580841065,0,0,32.24218375441347,1.7689622366428375,0,0,Seoul3
0,2022-01-12,-2.179166667,0.0,10.621218174414594,0.40811964869499207,20.571457987644877,0.9543611854314802,0,0,27.615683251259618,1.7414894580841065,0,0,32.24218375441347,1.7689622366428375,0,0,Seoul3
0,2022-01-13,-1.695833333,0.0,10.520049677668357,0.3676643967628479,20.571457987644877,0.9543611854314802,0,0,27.615683251259618,1.7414894580841065,0,0,32.24218375441347,1.7689622366428375,0,0,Seoul3
0,2022-01-14,-2.320833333,0.0,10.426735227580457,0.33425968885421753,20.571457987644877,0.9543611854314802,0,0,27.615683251259618,1.7414894580841065,0,0,32.24218375441347,1.7689622366428375,0,0,Seoul3
0,2022-01-15,2.55,0.0,10.680372520725715,0.3403915464878082,20.571457987644877,0.9543611854314802,0,0,27.615683251259618,1.7414894580841065,0,0,32.24218375441347,1.7689622366428375,0,0,Seoul3
0,2022-01-16,3.25,0.0,7.735030923063088,0.347190260887146,20.571457987644877,0.9543611854314802,0,0,27.615683251259618,1.7414894580841065,0,0,32.24218375441347,1.7689622366428375,0,0,Seoul3
0,2022-01-17,0.375,0.0,9.859828437031837,0.3694114685058594,20.571457987644877,0.9543611854314802,0,0,27.615683251259618,1.7414894580841065,0,0,32.24218375441347,1.7689622366428375,0,0,Seoul3
0,2022-01-18,-1.608333333,0.0,10.637501202968602,0.40543168783187866,20.571457987644877,0.9543611854314802,0,0,27.615683251259618,1.7414894580841065,0,0,32.24218375441347,1.7689622366428375,0,0,Seoul3
0,2022-01-19,0.6,0.0,10.887476195846466,0.4116572439670563,20.571457987644877,0.9543611854314802,0,0,27.615683251259618,1.7414894580841065,0,0,32.24218375441347,1.7689622366428375,0,0,Seoul3
0,2022-01-20,0.070833333,0.0,10.834863688096465,0.44004252552986145,20.571457987644877,0.9543611854314802,0,0,27.615683251259618,1.7414894580841065,0,0,32.24218375441347,1.7689622366428375,0,0,Seoul3
0,2022-01-21,1.941666667,0.0,6.08799051522944,0.4469457268714905,20.571457987644877,0.9543611854314802,0,0,27.615683251259618,1.7414894580841065,0,0,32.24218375441347,1.7689622366428375,0,0,Seoul3
0,2022-01-22,4.516666667,0.0,14.980231677455748,0.47720685601234436,20.571457987644877,0.9543611854314802,0,0,27.615683251259618,1.7414894580841065,0,0,32.24218375441347,1.7689622366428375,0,0,Seoul3
0,2022-01-23,7.0,0.0,6.01570439683958,0.4692736864089966,20.571457987644877,0.9543611854314802,0,0,27.615683251259618,1.7414894580841065,0,0,32.24218375441347,1.7689622366428375,0,0,Seoul3
0,2022-01-24,5.504166667,0.7,12.583980025219898,0.4500129818916321,20.571457987644877,0.9543611854314802,0,0,27.615683251259618,1.7414894580841065,0,0,32.24218375441347,1.7689622366428375,0,0,Seoul3
0,2022-01-25,5.633333333,0.0,12.699120378099341,0.4565735459327698,20.571457987644877,0.9543611854314802,0,0,27.615683251259618,1.7414894580841065,0,0,32.24218375441347,1.7689622366428375,0,0,Seoul3
0,2022-01-26,4.979166667,0.0,14.768541677124036,0.4769466817378998,20.571457987644877,0.9543611854314802,0,0,27.615683251259618,1.7414894580841065,0,0,32.24218375441347,1.7689622366428375,0,0,Seoul3
0,2022-01-27,4.608333333,0.0,9.210798280340882,0.4641328454017639,20.571457987644877,0.9543611854314802,0,0,27.615683251259618,1.7414894580841065,0,0,32.24218375441347,1.7689622366428375,0,0,Seoul3
0,2022-01-28,3.304166667,0.0,9.70273499944029,0.5149063467979431,20.571457987644877,0.9543611854314802,0,0,27.615683251259618,1.7414894580841065,0,0,32.24218375441347,1.7689622366428375,0,0,Seoul3
0,2022-01-29,2.316666667,0.0,12.931479650405787,0.5550740361213684,20.571457987644877,0.9543611854314802,0,0,27.615683251259618,1.7414894580841065,0,0,32.24218375441347,1.7689622366428375,0,0,Seoul3
0,2022-01-30,1.766666667,0.0,6.980858729074737,0.5916661620140076,20.571457987644877,0.9543611854314802,0,0,27.615683251259618,1.7414894580841065,0,0,32.24218375441347,1.7689622366428375,0,0,Seoul3
0,2022-01-31,2.05,0.0,15.167049742106975,0.6423998475074768,20.571457987644877,0.9543611854314802,0,0,27.615683251259618,1.7414894580841065,0,0,32.24218375441347,1.7689622366428375,0,0,Seoul3
0,2022-02-01,2.254166667,0.0,17.614889615641076,0.6990614533424377,20.571457987644877,0.9543611854314802,0,0,27.615683251259618,1.7414894580841065,0,0,32.24218375441347,1.7689622366428375,0,0,Seoul3
0,2022-02-02,1.183333333,0.0,11.3197775144154,0.6989082098007202,20.571457987644877,0.9543611854314802,0,0,27.615683251259618,1.7414894580841065,0,0,32.24218375441347,1.7689622366428375,0,0,Seoul3
0,2022-02-03,1.55,0.0,12.850245527845596,0.6925708055496216,20.571457987644877,0.9543611854314802,0,0,27.615683251259618,1.7414894580841065,0,0,32.24218375441347,1.7689622366428375,0,0,Seoul3
0,2022-02-04,0.745833333,0.0,11.951449440633288,0.7087863087654114,20.571457987644877,0.9543611854314802,0,0,27.615683251259618,1.7414894580841065,0,0,32.24218375441347,1.7689622366428375,0,0,Seoul3
0,2022-02-05,-1.975,0.0,17.145381751833085,0.770984411239624,20.571457987644877,0.9543611854314802,0,0,27.615683251259618,1.7414894580841065,0,0,32.24218375441347,1.7689622366428375,0,0,Seoul3
0,2022-02-06,-0.808333333,0.0,15.413330265056405,0.8342522978782654,20.571457987644877,0.9543611854314802,0,0,27.615683251259618,1.7414894580841065,0,0,32.24218375441347,1.7689622366428375,0,0,Seoul3
0,2022-02-07,1.145833333,0.0,8.983600384435373,0.8877893090248108,20.571457987644877,0.9543611854314802,0,0,27.615683251259618,1.7414894580841065,0,0,32.24218375441347,1.7689622366428375,0,0,Seoul3
0,2022-02-08,2.7125,0.0,10.886408321707105,0.9632716178894043,20.571457987644877,0.9543611854314802,0,1,27.615683251259618,1.7414894580841065,0,0,32.24218375441347,1.7689622366428375,0,0,Seoul3
0,2022-02-09,4.054166667,0.0,11.163475074665472,1.0981863737106323,20.571457987644877,0.9543611854314802,0,1,27.615683251259618,1.7414894580841065,0,0,32.24218375441347,1.7689622366428375,0,0,Seoul3
0,2022-02-10,6.475,0.0,8.699001401207832,1.2070159912109375,20.571457987644877,0.9543611854314802,0,1,27.615683251259618,1.7414894580841065,0,0,32.24218375441347,1.7689622366428375,0,0,Seoul3
0,2022-02-11,5.1875,0.0,8.43044161567547,0.9984793066978455,20.571457987644877,0.9543611854314802,0,1,27.615683251259618,1.7414894580841065,0,0,32.24218375441347,1.7689622366428375,0,0,Seoul3
0,2022-02-12,6.429166667,0.0,8.552808187843373,1.0416260957717896,20.571457987644877,0.9543611854314802,0,1,27.615683251259618,1.7414894580841065,0,0,32.24218375441347,1.7689622366428375,0,0,Seoul3
0,2022-02-13,6.233333333,0.3,7.415565141833099,1.0640881061553955,20.571457987644877,0.9543611854314802,0,1,27.615683251259618,1.7414894580841065,0,0,32.24218375441347,1.7689622366428375,0,0,Seoul3
0,2022-02-14,7.375,1.9,9.710618765527549,0.9764377474784851,20.571457987644877,0.9543611854314802,0,1,27.615683251259618,1.7414894580841065,0,0,32.24218375441347,1.7689622366428375,0,0,Seoul3
0,2022-02-15,2.775,0.0,10.145738125873258,0.847760021686554,20.571457987644877,0.9543611854314802,0,0,27.615683251259618,1.7414894580841065,0,0,32.24218375441347,1.7689622366428375,0,0,Seoul3
0,2022-02-16,-2.358333333,0.0,9.227974067035376,0.7265562415122986,20.571457987644877,0.9543611854314802,0,0,27.615683251259618,1.7414894580841065,0,0,32.24218375441347,1.7689622366428375,0,0,Seoul3
0,2022-02-17,-3.779166667,0.0,9.827690241362824,0.7622551321983337,20.571457987644877,0.9543611854314802,0,0,27.615683251259618,1.7414894580841065,0,0,32.24218375441347,1.7689622366428375,0,0,Seoul3
0,2022-02-18,1.083333333,0.0,9.254205323059217,0.7373685240745544,20.571457987644877,0.9543611854314802,0,0,27.615683251259618,1.7414894580841065,0,0,32.24218375441347,1.7689622366428375,0,0,Seoul3
0,2022-02-19,4.158333333,0.0,6.949859734875337,0.6967514157295227,20.571457987644877,0.9543611854314802,0,0,27.615683251259618,1.7414894580841065,0,0,32.24218375441347,1.7689622366428375,0,0,Seoul3
0,2022-02-20,-1.0375,0.0,7.758419963010403,0.6601372361183167,20.571457987644877,0.9543611854314802,0,0,27.615683251259618,1.7414894580841065,0,0,32.24218375441347,1.7689622366428375,0,0,Seoul3
0,2022-02-21,0.625,0.0,7.910134626212908,0.6446941494941711,20.571457987644877,0.9543611854314802,0,0,27.615683251259618,1.7414894580841065,0,0,32.24218375441347,1.7689622366428375,0,0,Seoul3
0,2022-02-22,0.533333333,0.0,14.14376600481367,0.6214679479598999,20.571457987644877,0.9543611854314802,0,0,27.615683251259618,1.7414894580841065,0,0,32.24218375441347,1.7689622366428375,0,0,Seoul3
0,2022-02-23,-0.925,0.0,12.351783114244595,0.6314258575439453,20.571457987644877,0.9543611854314802,0,0,27.615683251259618,1.7414894580841065,0,0,32.24218375441347,1.7689622366428375,0,0,Seoul3
0,2022-02-24,0.583333333,0.0,14.848014781684796,0.6480196118354797,20.571457987644877,0.9543611854314802,0,0,27.615683251259618,1.7414894580841065,0,0,32.24218375441347,1.7689622366428375,0,0,Seoul3
0,2022-02-25,5.3,0.0,10.491052529273068,0.6695766448974609,20.571457987644877,0.9543611854314802,0,0,27.615683251259618,1.7414894580841065,0,0,32.24218375441347,1.7689622366428375,0,0,Seoul3
0,2022-02-26,7.366666667,0.0,12.21318397639184,0.6445267796516418,20.571457987644877,0.9543611854314802,0,0,27.615683251259618,1.7414894580841065,0,0,32.24218375441347,1.7689622366428375,0,0,Seoul3
0,2022-02-27,7.5125,0.0,13.950810046219576,0.6286494135856628,20.571457987644877,0.9543611854314802,0,0,27.615683251259618,1.7414894580841065,0,0,32.24218375441347,1.7689622366428375,0,0,Seoul3
0,2022-02-28,8.65,0.0,17.060142032331548,0.6194519400596619,20.571457987644877,0.9543611854314802,0,0,27.615683251259618,1.7414894580841065,0,0,32.24218375441347,1.7689622366428375,0,0,Seoul3
0,2022-03-01,11.40833333,0.1,8.514025947390483,0.6045985817909241,20.571457987644877,0.9543611854314802,0,0,27.615683251259618,1.7414894580841065,0,0,32.24218375441347,1.7689622366428375,0,0,Seoul3
0,2022-03-02,6.95,0.0,11.047809197268036,0.5719502568244934,20.571457987644877,0.9543611854314802,0,0,27.615683251259618,1.7414894580841065,0,0,32.24218375441347,1.7689622366428375,0,0,Seoul3
0,2022-03-03,7.995833333,0.0,11.126569513900607,0.6292781829833984,20.571457987644877,0.9543611854314802,0,0,27.615683251259618,1.7414894580841065,0,0,32.24218375441347,1.7689622366428375,0,0,Seoul3
0,2022-03-04,9.120833333,0.0,11.200556025042193,0.6433947086334229,20.571457987644877,0.9543611854314802,0,0,27.615683251259618,1.7414894580841065,0,0,32.24218375441347,1.7689622366428375,0,0,Seoul3
0,2022-03-05,9.0375,0.0,7.162119326175703,0.6844997406005859,20.571457987644877,0.9543611854314802,0,0,27.615683251259618,1.7414894580841065,0,0,32.24218375441347,1.7689622366428375,0,0,Seoul3
0,2022-03-06,3.766666667,0.0,12.872454046173228,0.7026194930076599,20.571457987644877,0.9543611854314802,0,0,27.615683251259618,1.7414894580841065,0,0,32.24218375441347,1.7689622366428375,0,0,Seoul3
0,2022-03-07,5.295833333,0.0,8.482225465781944,0.7701095342636108,20.571457987644877,0.9543611854314802,0,0,27.615683251259618,1.7414894580841065,0,0,32.24218375441347,1.7689622366428375,0,0,Seoul3
0,2022-03-08,8.195833333,0.0,15.941963695633365,0.8200793266296387,20.571457987644877,0.9543611854314802,0,0,27.615683251259618,1.7414894580841065,0,0,32.24218375441347,1.7689622366428375,0,0,Seoul3
0,2022-03-09,9.395833333,0.0,8.781738159648265,0.7947507500648499,20.571457987644877,0.9543611854314802,0,0,27.615683251259618,1.7414894580841065,0,0,32.24218375441347,1.7689622366428375,0,0,Seoul3
0,2022-03-10,11.22916667,0.0,15.1191716022184,0.7618095278739929,20.571457987644877,0.9543611854314802,0,0,27.615683251259618,1.7414894580841065,0,0,32.24218375441347,1.7689622366428375,0,0,Seoul3
0,2022-03-11,13.4875,0.0,17.35343282554795,0.8283345699310303,20.571457987644877,0.9543611854314802,0,0,27.615683251259618,1.7414894580841065,0,0,32.24218375441347,1.7689622366428375,0,0,Seoul3
0,2022-03-12,14.07083333,0.0,9.113532548007512,0.9315619468688965,20.571457987644877,0.9543611854314802,0,0,27.615683251259618,1.7414894580841065,0,0,32.24218375441347,1.7689622366428375,0,0,Seoul3
0,2022-03-13,15.77083333,4.4,15.877030179032849,1.0411912202835083,20.571457987644877,0.9543611854314802,0,1,27.615683251259618,1.7414894580841065,0,0,32.24218375441347,1.7689622366428375,0,0,Seoul3
0,2022-03-14,10.4625,0.3,13.173473821961586,0.9024279713630676,20.571457987644877,0.9543611854314802,0,0,27.615683251259618,1.7414894580841065,0,0,32.24218375441347,1.7689622366428375,0,0,Seoul3
0,2022-03-15,10.55,0.0,15.776106582885957,0.82694411277771,20.571457987644877,0.9543611854314802,0,0,27.615683251259618,1.7414894580841065,0,0,32.24218375441347,1.7689622366428375,0,0,Seoul3
0,2022-03-16,13.125,0.0,12.12537344470718,0.75737065076828,20.571457987644877,0.9543611854314802,0,0,27.615683251259618,1.7414894580841065,0,0,32.24218375441347,1.7689622366428375,0,0,Seoul3
0,2022-03-17,9.475,2.3,14.485569623431086,0.9272039532661438,20.571457987644877,0.9543611854314802,0,0,27.615683251259618,1.7414894580841065,0,0,32.24218375441347,1.7689622366428375,0,0,Seoul3
0,2022-03-18,6.666666667,20.7,18.8654501508819,1.0894416570663452,20.571457987644877,0.9543611854314802,0,1,27.615683251259618,1.7414894580841065,0,0,32.24218375441347,1.7689622366428375,0,0,Seoul3
0,2022-03-19,4.595833333,7.0,14.169942006094875,1.0802860260009766,20.571457987644877,0.9543611854314802,0,1,27.615683251259618,1.7414894580841065,0,0,32.24218375441347,1.7689622366428375,0,0,Seoul3
0,2022-03-20,6.225,0.0,8.1672576907488,1.0187796354293823,20.571457987644877,0.9543611854314802,0,1,27.615683251259618,1.7414894580841065,0,0,32.24218375441347,1.7689622366428375,0,0,Seoul3
0,2022-03-21,7.729166667,0.0,8.457303725339925,0.9814488887786865,20.571457987644877,0.9543611854314802,0,1,27.615683251259618,1.7414894580841065,0,0,32.24218375441347,1.7689622366428375,0,0,Seoul3
0,2022-03-22,8.158333333,0.0,11.750977918819364,0.938856303691864,20.571457987644877,0.9543611854314802,0,0,27.615683251259618,1.7414894580841065,0,0,32.24218375441347,1.7689622366428375,0,0,Seoul3
0,2022-03-23,7.379166667,0.0,14.423933932533853,0.9744732975959778,20.571457987644877,0.9543611854314802,0,1,27.615683251259618,1.7414894580841065,0,0,32.24218375441347,1.7689622366428375,0,0,Seoul3
0,2022-03-24,10.35416667,0.0,10.272416742216162,0.9710095524787903,20.571457987644877,0.9543611854314802,0,1,27.615683251259618,1.7414894580841065,0,0,32.24218375441347,1.7689622366428375,0,0,Seoul3
0,2022-03-25,13.21666667,0.0,11.76487407767349,0.9438728094100952,20.571457987644877,0.9543611854314802,0,0,27.615683251259618,1.7414894580841065,0,0,32.24218375441347,1.7689622366428375,0,0,Seoul3
0,2022-03-26,15.925,20.7,23.015055496116204,0.8963272571563721,20.571457987644877,0.9543611854314802,1,0,27.615683251259618,1.7414894580841065,0,0,32.24218375441347,1.7689622366428375,0,0,Seoul3
0,2022-03-27,13.9375,0.0,6.82821195394138,0.7873639464378357,20.571457987644877,0.9543611854314802,0,0,27.615683251259618,1.7414894580841065,0,0,32.24218375441347,1.7689622366428375,0,0,Seoul3
0,2022-03-28,8.3,0.0,7.386407811008174,0.7407398223876953,20.571457987644877,0.9543611854314802,0,0,27.615683251259618,1.7414894580841065,0,0,32.24218375441347,1.7689622366428375,0,0,Seoul3
0,2022-03-29,9.920833333,0.0,10.100354012058217,0.7166349291801453,20.571457987644877,0.9543611854314802,0,0,27.615683251259618,1.7414894580841065,0,0,32.24218375441347,1.7689622366428375,0,0,Seoul3
0,2022-03-30,13.41666667,0.0,15.049591102142111,0.7359607815742493,20.571457987644877,0.9543611854314802,0,0,27.615683251259618,1.7414894580841065,0,0,32.24218375441347,1.7689622366428375,0,0,Seoul3
0,2022-03-31,9.929166667,0.0,12.624201966056287,0.6841403245925903,20.571457987644877,0.9543611854314802,0,0,27.615683251259618,1.7414894580841065,0,0,32.24218375441347,1.7689622366428375,0,0,Seoul3
0,2022-04-01,8.454166667,0.0,10.905759314073567,0.6383808255195618,20.571457987644877,0.9543611854314802,0,0,27.615683251259618,1.7414894580841065,0,0,32.24218375441347,1.7689622366428375,0,0,Seoul3
0,2022-04-02,9.004166667,0.0,13.762443592053755,0.6840003728866577,20.571457987644877,0.9543611854314802,0,0,27.615683251259618,1.7414894580841065,0,0,32.24218375441347,1.7689622366428375,0,0,Seoul3
0,2022-04-03,10.4375,0.0,8.253528185133774,0.7191343903541565,20.571457987644877,0.9543611854314802,0,0,27.615683251259618,1.7414894580841065,0,0,32.24218375441347,1.7689622366428375,0,0,Seoul3
1,2022-04-04,11.525,0.0,11.387348435165533,0.616510272026062,23.057593037149875,0.8415376305580138,0,0,28.570789219216085,1.5314203202724401,0,0,35.11829406281617,2.06918543100357,0,0,Seoul3
1,2022-04-05,13.95,0.0,16.155587310316548,0.7276143431663513,23.057593037149875,0.8415376305580138,0,0,28.570789219216085,1.5314203202724401,0,0,35.11829406281617,2.06918543100357,0,0,Seoul3
1,2022-04-06,14.84583333,0.0,12.36793672589939,0.7967889308929443,23.057593037149875,0.8415376305580138,0,0,28.570789219216085,1.5314203202724401,0,0,35.11829406281617,2.06918543100357,0,0,Seoul3
1,2022-04-07,14.7625,0.6,16.84021945827697,0.8764454126358032,23.057593037149875,0.8415376305580138,0,1,28.570789219216085,1.5314203202724401,0,0,35.11829406281617,2.06918543100357,0,0,Seoul3
1,2022-04-08,13.78333333,0.0,14.496249073138182,0.937069833278656,23.057593037149875,0.8415376305580138,0,1,28.570789219216085,1.5314203202724401,0,0,35.11829406281617,2.06918543100357,0,0,Seoul3
1,2022-04-09,18.45416667,0.0,19.675544010973937,0.8799758553504944,23.057593037149875,0.8415376305580138,0,1,28.570789219216085,1.5314203202724401,0,0,35.11829406281617,2.06918543100357,0,0,Seoul3
1,2022-04-10,19.02916667,0.0,13.704230533745331,0.845821738243103,23.057593037149875,0.8415376305580138,0,1,28.570789219216085,1.5314203202724401,0,0,35.11829406281617,2.06918543100357,0,0,Seoul3
1,2022-04-11,19.19583333,0.0,10.809310066957089,0.8596140146255493,23.057593037149875,0.8415376305580138,0,1,28.570789219216085,1.5314203202724401,0,0,35.11829406281617,2.06918543100357,0,0,Seoul3
1,2022-04-12,19.55,0.0,5.371830279473642,0.8637242317199707,23.057593037149875,0.8415376305580138,0,1,28.570789219216085,1.5314203202724401,0,0,35.11829406281617,2.06918543100357,0,0,Seoul3
1,2022-04-13,11.525,0.1,9.033228087742692,0.8162257671356201,23.057593037149875,0.8415376305580138,0,0,28.570789219216085,1.5314203202724401,0,0,35.11829406281617,2.06918543100357,0,0,Seoul3
1,2022-04-14,9.958333333,0.5,13.474180789573943,0.8306177854537964,23.057593037149875,0.8415376305580138,0,0,28.570789219216085,1.5314203202724401,0,0,35.11829406281617,2.06918543100357,0,0,Seoul3
1,2022-04-15,11.00416667,0.0,9.716628511642117,1.0036686658859253,23.057593037149875,0.8415376305580138,0,1,28.570789219216085,1.5314203202724401,0,0,35.11829406281617,2.06918543100357,0,0,Seoul3
1,2022-04-16,11.0875,0.0,27.09758745705833,0.7865822911262512,23.057593037149875,0.8415376305580138,1,0,28.570789219216085,1.5314203202724401,0,0,35.11829406281617,2.06918543100357,0,0,Seoul3
1,2022-04-17,14.33333333,0.0,17.064604130164753,0.7757848501205444,23.057593037149875,0.8415376305580138,0,0,28.570789219216085,1.5314203202724401,0,0,35.11829406281617,2.06918543100357,0,0,Seoul3
1,2022-04-18,16.84166667,0.0,11.181398769768393,0.7466668486595154,23.057593037149875,0.8415376305580138,0,0,28.570789219216085,1.5314203202724401,0,0,35.11829406281617,2.06918543100357,0,0,Seoul3
1,2022-04-19,16.77916667,0.0,8.183623847167258,0.7347102761268616,23.057593037149875,0.8415376305580138,0,0,28.570789219216085,1.5314203202724401,0,0,35.11829406281617,2.06918543100357,0,0,Seoul3
1,2022-04-20,18.08333333,0.0,17.274983595431955,0.779778003692627,23.057593037149875,0.8415376305580138,0,0,28.570789219216085,1.5314203202724401,0,0,35.11829406281617,2.06918543100357,0,0,Seoul3
1,2022-04-21,14.6125,2.2,18.733354564742285,0.7557325959205627,23.057593037149875,0.8415376305580138,0,0,28.570789219216085,1.5314203202724401,0,0,35.11829406281617,2.06918543100357,0,0,Seoul3
1,2022-04-22,17.49583333,0.0,19.940480076435627,0.8090312480926514,23.057593037149875,0.8415376305580138,0,0,28.570789219216085,1.5314203202724401,0,0,35.11829406281617,2.06918543100357,0,0,Seoul3
1,2022-04-23,17.31666667,0.0,22.723565488105557,0.8643150925636292,23.057593037149875,0.8415376305580138,0,1,28.570789219216085,1.5314203202724401,0,0,35.11829406281617,2.06918543100357,0,0,Seoul3
1,2022-04-24,17.80833333,0.0,30.8965436118355,0.841224193572998,23.057593037149875,0.8415376305580138,1,0,28.570789219216085,1.5314203202724401,1,0,35.11829406281617,2.06918543100357,0,0,Seoul3
1,2022-04-25,20.35416667,0.0,18.248861391942455,0.8422781229019165,23.057593037149875,0.8415376305580138,0,1,28.570789219216085,1.5314203202724401,0,0,35.11829406281617,2.06918543100357,0,0,Seoul3
1,2022-04-26,18.07083333,53.0,36.46257246292657,1.3040419816970825,23.057593037149875,0.8415376305580138,1,1,28.570789219216085,1.5314203202724401,1,0,35.11829406281617,2.06918543100357,1,0,Seoul3
1,2022-04-27,16.25833333,0.0,5.816283499158271,1.3157709836959839,23.057593037149875,0.8415376305580138,0,1,28.570789219216085,1.5314203202724401,0,0,35.11829406281617,2.06918543100357,0,0,Seoul3
1,2022-04-28,14.39166667,0.0,6.471459469313958,1.3010135889053345,23.057593037149875,0.8415376305580138,0,1,28.570789219216085,1.5314203202724401,0,0,35.11829406281617,2.06918543100357,0,0,Seoul3
1,2022-04-29,10.67916667,24.6,16.872626563625445,1.360555648803711,23.057593037149875,0.8415376305580138,0,1,28.570789219216085,1.5314203202724401,0,0,35.11829406281617,2.06918543100357,0,0,Seoul3
1,2022-04-30,12.09166667,0.0,9.084233384068074,1.3713208436965942,23.057593037149875,0.8415376305580138,0,1,28.570789219216085,1.5314203202724401,0,0,35.11829406281617,2.06918543100357,0,0,Seoul3
1,2022-05-01,13.86666667,0.0,11.416649664175225,1.348845362663269,23.057593037149875,0.8415376305580138,0,1,28.570789219216085,1.5314203202724401,0,0,35.11829406281617,2.06918543100357,0,0,Seoul3
1,2022-05-02,12.41666667,6.1,15.089659284299488,1.3691850900650024,23.057593037149875,0.8415376305580138,0,1,28.570789219216085,1.5314203202724401,0,0,35.11829406281617,2.06918543100357,0,0,Seoul3
1,2022-05-03,13.60833333,0.0,18.12598769780662,1.4645047187805176,23.057593037149875,0.8415376305580138,0,1,28.570789219216085,1.5314203202724401,0,0,35.11829406281617,2.06918543100357,0,0,Seoul3
1,2022-05-04,17.675,0.0,13.25741314252983,1.401852011680603,23.057593037149875,0.8415376305580138,0,1,28.570789219216085,1.5314203202724401,0,0,35.11829406281617,2.06918543100357,0,0,Seoul3
1,2022-05-05,18.05,0.0,18.100703717079426,1.3443089723587036,23.057593037149875,0.8415376305580138,0,1,28.570789219216085,1.5314203202724401,0,0,35.11829406281617,2.06918543100357,0,0,Seoul3
1,2022-05-06,18.60833333,0.0,10.826109647752405,1.267275333404541,23.057593037149875,0.8415376305580138,0,1,28.570789219216085,1.5314203202724401,0,0,35.11829406281617,2.06918543100357,0,0,Seoul3
1,2022-05-07,18.075,0.0,15.643432119199739,1.275482177734375,23.057593037149875,0.8415376305580138,0,1,28.570789219216085,1.5314203202724401,0,0,35.11829406281617,2.06918543100357,0,0,Seoul3
1,2022-05-08,14.5875,0.0,14.067780070914191,1.4424998760223389,23.057593037149875,0.8415376305580138,0,1,28.570789219216085,1.5314203202724401,0,0,35.11829406281617,2.06918543100357,0,0,Seoul3
1,2022-05-09,15.19583333,0.0,17.137512896468053,2.1356921195983887,23.057593037149875,0.8415376305580138,0,1,28.570789219216085,1.5314203202724401,0,1,35.11829406281617,2.06918543100357,0,1,Seoul3
1,2022-05-10,15.1375,0.0,13.748367018423037,2.0897374153137207,23.057593037149875,0.8415376305580138,0,1,28.570789219216085,1.5314203202724401,0,1,35.11829406281617,2.06918543100357,0,1,Seoul3
1,2022-05-11,18.14583333,0.0,14.762978942174929,1.7911897897720337,23.057593037149875,0.8415376305580138,0,1,28.570789219216085,1.5314203202724401,0,1,35.11829406281617,2.06918543100357,0,0,Seoul3
1,2022-05-12,18.82916667,0.0,13.4561403914147,1.8320928812026978,23.057593037149875,0.8415376305580138,0,1,28.570789219216085,1.5314203202724401,0,1,35.11829406281617,2.06918543100357,0,0,Seoul3
1,2022-05-13,15.7625,0.0,18.27012252421619,2.0127463340759277,23.057593037149875,0.8415376305580138,0,1,28.570789219216085,1.5314203202724401,0,1,35.11829406281617,2.06918543100357,0,0,Seoul3
1,2022-05-14,17.82083333,0.0,16.012009290207615,2.1237823963165283,23.057593037149875,0.8415376305580138,0,1,28.570789219216085,1.5314203202724401,0,1,35.11829406281617,2.06918543100357,0,1,Seoul3
1,2022-05-15,16.02916667,0.0,11.29826425044107,2.0529701709747314,23.057593037149875,0.8415376305580138,0,1,28.570789219216085,1.5314203202724401,0,1,35.11829406281617,2.06918543100357,0,0,Seoul3
1,2022-05-16,17.29583333,0.0,6.908682412762156,1.9820716381072998,23.057593037149875,0.8415376305580138,0,1,28.570789219216085,1.5314203202724401,0,1,35.11829406281617,2.06918543100357,0,0,Seoul3
1,2022-05-17,19.4875,0.0,12.85314950573026,1.9021261930465698,23.057593037149875,0.8415376305580138,0,1,28.570789219216085,1.5314203202724401,0,1,35.11829406281617,2.06918543100357,0,0,Seoul3
1,2022-05-18,22.125,0.0,17.175330714276882,1.9291138648986816,23.057593037149875,0.8415376305580138,0,1,28.570789219216085,1.5314203202724401,0,1,35.11829406281617,2.06918543100357,0,0,Seoul3
1,2022-05-19,22.30833333,0.0,7.222600234739649,1.814995288848877,23.057593037149875,0.8415376305580138,0,1,28.570789219216085,1.5314203202724401,0,1,35.11829406281617,2.06918543100357,0,0,Seoul3
1,2022-05-20,20.75833333,0.0,5.064485388671333,1.7222956418991089,23.057593037149875,0.8415376305580138,0,1,28.570789219216085,1.5314203202724401,0,1,35.11829406281617,2.06918543100357,0,0,Seoul3
1,2022-05-21,21.19166667,0.0,7.465323288857798,1.629441499710083,23.057593037149875,0.8415376305580138,0,1,28.570789219216085,1.5314203202724401,0,1,35.11829406281617,2.06918543100357,0,0,Seoul3
1,2022-05-22,23.67916667,0.0,12.615103089784473,1.5669866800308228,23.057593037149875,0.8415376305580138,0,1,28.570789219216085,1.5314203202724401,0,1,35.11829406281617,2.06918543100357,0,0,Seoul3
1,2022-05-23,20.30416667,0.0,7.653162848552759,1.0954508781433105,23.057593037149875,0.8415376305580138,0,1,28.570789219216085,1.5314203202724401,0,0,35.11829406281617,2.06918543100357,0,0,Seoul3
1,2022-05-24,22.42083333,0.0,11.83936411441593,1.056074857711792,23.057593037149875,0.8415376305580138,0,1,28.570789219216085,1.5314203202724401,0,0,35.11829406281617,2.06918543100357,0,0,Seoul3
1,2022-05-25,23.0375,0.0,11.822419447433887,1.0032212734222412,23.057593037149875,0.8415376305580138,0,1,28.570789219216085,1.5314203202724401,0,0,35.11829406281617,2.06918543100357,0,0,Seoul3
1,2022-05-26,21.825,0.0,8.410787301334404,0.9000885486602783,23.057593037149875,0.8415376305580138,0,1,28.570789219216085,1.5314203202724401,0,0,35.11829406281617,2.06918543100357,0,0,Seoul3
1,2022-05-27,23.25416667,0.0,37.19295550453013,1.040772795677185,23.057593037149875,0.8415376305580138,1,1,28.570789219216085,1.5314203202724401,1,0,35.11829406281617,2.06918543100357,1,0,Seoul3
1,2022-05-28,24.73333333,0.0,16.612127060709796,0.8076617121696472,23.057593037149875,0.8415376305580138,0,0,28.570789219216085,1.5314203202724401,0,0,35.11829406281617,2.06918543100357,0,0,Seoul3
1,2022-05-29,24.55416667,0.0,10.541178504710768,0.7659946084022522,23.057593037149875,0.8415376305580138,0,0,28.570789219216085,1.5314203202724401,0,0,35.11829406281617,2.06918543100357,0,0,Seoul3
1,2022-05-30,21.925,0.0,6.319392354004038,0.7454888224601746,23.057593037149875,0.8415376305580138,0,0,28.570789219216085,1.5314203202724401,0,0,35.11829406281617,2.06918543100357,0,0,Seoul3
1,2022-05-31,21.92083333,0.0,8.975222989010575,0.6961942315101624,23.057593037149875,0.8415376305580138,0,0,28.570789219216085,1.5314203202724401,0,0,35.11829406281617,2.06918543100357,0,0,Seoul3
1,2022-06-01,22.2375,0.0,12.099063566384597,0.6785500049591064,23.057593037149875,0.8415376305580138,0,0,28.570789219216085,1.5314203202724401,0,0,35.11829406281617,2.06918543100357,0,0,Seoul3
1,2022-06-02,22.9,0.0,8.42709217609745,0.7265501022338867,23.057593037149875,0.8415376305580138,0,0,28.570789219216085,1.5314203202724401,0,0,35.11829406281617,2.06918543100357,0,0,Seoul3
1,2022-06-03,21.725,0.0,5.427411012752337,0.7479797005653381,23.057593037149875,0.8415376305580138,0,0,28.570789219216085,1.5314203202724401,0,0,35.11829406281617,2.06918543100357,0,0,Seoul3
1,2022-06-04,19.84166667,0.0,12.886561477825598,0.7593806982040405,23.057593037149875,0.8415376305580138,0,0,28.570789219216085,1.5314203202724401,0,0,35.11829406281617,2.06918543100357,0,0,Seoul3
1,2022-06-05,17.74166667,52.3,45.36149154959989,1.0080419778823853,23.057593037149875,0.8415376305580138,1,1,28.570789219216085,1.5314203202724401,1,0,35.11829406281617,2.06918543100357,1,0,Seoul3
1,2022-06-06,17.6375,11.4,12.394809856142167,1.0986403226852417,23.057593037149875,0.8415376305580138,0,1,28.570789219216085,1.5314203202724401,0,0,35.11829406281617,2.06918543100357,0,0,Seoul3
1,2022-06-07,15.82916667,0.0,5.605635826310279,1.1121294498443604,23.057593037149875,0.8415376305580138,0,1,28.570789219216085,1.5314203202724401,0,0,35.11829406281617,2.06918543100357,0,0,Seoul3
1,2022-06-08,16.15,2.6,12.402119905501833,1.2274107933044434,23.057593037149875,0.8415376305580138,0,1,28.570789219216085,1.5314203202724401,0,0,35.11829406281617,2.06918543100357,0,0,Seoul3
1,2022-06-09,18.40833333,0.0,7.145186435248228,1.208510398864746,23.057593037149875,0.8415376305580138,0,1,28.570789219216085,1.5314203202724401,0,0,35.11829406281617,2.06918543100357,0,0,Seoul3
1,2022-06-10,19.7,0.0,6.21226470679568,1.0788044929504395,23.057593037149875,0.8415376305580138,0,1,28.570789219216085,1.5314203202724401,0,0,35.11829406281617,2.06918543100357,0,0,Seoul3
1,2022-06-11,20.05833333,0.0,7.922803916136945,0.8228310942649841,23.057593037149875,0.8415376305580138,0,0,28.570789219216085,1.5314203202724401,0,0,35.11829406281617,2.06918543100357,0,0,Seoul3
1,2022-06-12,19.40416667,0.0,10.171631820883421,0.8923686742782593,23.057593037149875,0.8415376305580138,0,1,28.570789219216085,1.5314203202724401,0,0,35.11829406281617,2.06918543100357,0,0,Seoul3
1,2022-06-13,18.65833333,0.0,7.23116959494723,0.9270022511482239,23.057593037149875,0.8415376305580138,0,1,28.570789219216085,1.5314203202724401,0,0,35.11829406281617,2.06918543100357,0,0,Seoul3
1,2022-06-14,16.9625,24.4,18.767997370620122,0.989949643611908,23.057593037149875,0.8415376305580138,0,1,28.570789219216085,1.5314203202724401,0,0,35.11829406281617,2.06918543100357,0,0,Seoul3
1,2022-06-15,19.40833333,1.3,7.4979751829387435,0.855891227722168,23.057593037149875,0.8415376305580138,0,1,28.570789219216085,1.5314203202724401,0,0,35.11829406281617,2.06918543100357,0,0,Seoul3
1,2022-06-16,23.25833333,0.0,7.476131106772725,0.8388122320175171,23.057593037149875,0.8415376305580138,0,0,28.570789219216085,1.5314203202724401,0,0,35.11829406281617,2.06918543100357,0,0,Seoul3
1,2022-06-17,23.43333333,0.0,10.190207265796529,0.8682834506034851,23.057593037149875,0.8415376305580138,0,1,28.570789219216085,1.5314203202724401,0,0,35.11829406281617,2.06918543100357,0,0,Seoul3
1,2022-06-18,25.72083333,0.0,8.698344089564426,0.9975013732910156,23.057593037149875,0.8415376305580138,0,1,28.570789219216085,1.5314203202724401,0,0,35.11829406281617,2.06918543100357,0,0,Seoul3
1,2022-06-19,25.5375,0.0,10.167133250187732,0.7871848940849304,23.057593037149875,0.8415376305580138,0,0,28.570789219216085,1.5314203202724401,0,0,35.11829406281617,2.06918543100357,0,0,Seoul3
1,2022-06-20,25.29583333,0.0,8.05047829427882,0.8122208118438721,23.057593037149875,0.8415376305580138,0,0,28.570789219216085,1.5314203202724401,0,0,35.11829406281617,2.06918543100357,0,0,Seoul3
1,2022-06-21,24.88333333,0.0,9.235046673922957,0.7985319495201111,23.057593037149875,0.8415376305580138,0,0,28.570789219216085,1.5314203202724401,0,0,35.11829406281617,2.06918543100357,0,0,Seoul3
1,2022-06-22,25.71666667,0.0,9.751056763622653,0.6177257895469666,23.057593037149875,0.8415376305580138,0,0,28.570789219216085,1.5314203202724401,0,0,35.11829406281617,2.06918543100357,0,0,Seoul3
1,2022-06-23,25.7,0.0,9.767304537738818,0.7833285927772522,23.057593037149875,0.8415376305580138,0,0,28.570789219216085,1.5314203202724401,0,0,35.11829406281617,2.06918543100357,0,0,Seoul3
1,2022-06-24,25.74583333,6.9,14.545565107262897,1.1010793447494507,23.057593037149875,0.8415376305580138,0,1,28.570789219216085,1.5314203202724401,0,0,35.11829406281617,2.06918543100357,0,0,Seoul3
1,2022-06-25,26.03333333,0.0,5.299620758682845,1.0560271739959717,23.057593037149875,0.8415376305580138,0,1,28.570789219216085,1.5314203202724401,0,0,35.11829406281617,2.06918543100357,0,0,Seoul3
1,2022-06-26,26.9625,0.0,10.054549914338194,0.9806668758392334,23.057593037149875,0.8415376305580138,0,1,28.570789219216085,1.5314203202724401,0,0,35.11829406281617,2.06918543100357,0,0,Seoul3
1,2022-06-27,25.45416667,47.8,28.91961875672838,1.1878803968429565,23.057593037149875,0.8415376305580138,1,1,28.570789219216085,1.5314203202724401,1,0,35.11829406281617,2.06918543100357,0,0,Seoul3
1,2022-06-28,27.00833333,0.3,9.312980816989427,1.1909204721450806,23.057593037149875,0.8415376305580138,0,1,28.570789219216085,1.5314203202724401,0,0,35.11829406281617,2.06918543100357,0,0,Seoul3
1,2022-06-29,26.8,0.1,14.061438640653757,1.324378490447998,23.057593037149875,0.8415376305580138,0,1,28.570789219216085,1.5314203202724401,0,0,35.11829406281617,2.06918543100357,0,0,Seoul3
1,2022-06-30,27.96666667,0.0,9.050077707017238,1.35128653049469,23.057593037149875,0.8415376305580138,0,1,28.570789219216085,1.5314203202724401,0,0,35.11829406281617,2.06918543100357,0,0,Seoul3
1,2022-07-01,27.5375,0.0,7.454702050400162,1.3373184204101562,23.057593037149875,0.8415376305580138,0,1,28.570789219216085,1.5314203202724401,0,0,35.11829406281617,2.06918543100357,0,0,Seoul3
1,2022-07-02,27.94583333,0.0,8.079699139796524,1.271654486656189,23.057593037149875,0.8415376305580138,0,1,28.570789219216085,1.5314203202724401,0,0,35.11829406281617,2.06918543100357,0,0,Seoul3
2,2022-07-03,27.2125,0.0,7.170167461896632,0.6543395519256592,22.604292767702095,0.7602905839681625,0,0,29.331864392498627,1.341190654039387,0,0,38.94516243824856,1.9389595258235932,0,0,Seoul3
2,2022-07-04,27.38333333,0.0,6.270226852849817,0.7306145429611206,22.604292767702095,0.7602905839681625,0,0,29.331864392498627,1.341190654039387,0,0,38.94516243824856,1.9389595258235932,0,0,Seoul3
2,2022-07-05,26.16666667,0.0,7.4354811120449,0.8316807746887207,22.604292767702095,0.7602905839681625,0,1,29.331864392498627,1.341190654039387,0,0,38.94516243824856,1.9389595258235932,0,0,Seoul3
2,2022-07-06,26.675,0.0,7.616970118220118,0.9101569056510925,22.604292767702095,0.7602905839681625,0,1,29.331864392498627,1.341190654039387,0,0,38.94516243824856,1.9389595258235932,0,0,Seoul3
2,2022-07-07,28.40833333,0.0,8.984199487721064,0.8733656406402588,22.604292767702095,0.7602905839681625,0,1,29.331864392498627,1.341190654039387,0,0,38.94516243824856,1.9389595258235932,0,0,Seoul3
2,2022-07-08,28.625,0.0,6.360330697820558,0.7929543852806091,22.604292767702095,0.7602905839681625,0,1,29.331864392498627,1.341190654039387,0,0,38.94516243824856,1.9389595258235932,0,0,Seoul3
2,2022-07-09,27.1875,0.0,7.338999877854582,0.799274206161499,22.604292767702095,0.7602905839681625,0,1,29.331864392498627,1.341190654039387,0,0,38.94516243824856,1.9389595258235932,0,0,Seoul3
2,2022-07-10,25.86666667,0.0,8.70708725954751,0.781970202922821,22.604292767702095,0.7602905839681625,0,1,29.331864392498627,1.341190654039387,0,0,38.94516243824856,1.9389595258235932,0,0,Seoul3
2,2022-07-11,24.85,9.0,13.41785659205955,0.6002059578895569,22.604292767702095,0.7602905839681625,0,0,29.331864392498627,1.341190654039387,0,0,38.94516243824856,1.9389595258235932,0,0,Seoul3
2,2022-07-12,23.9,0.1,7.428301360251126,0.5637646317481995,22.604292767702095,0.7602905839681625,0,0,29.331864392498627,1.341190654039387,0,0,38.94516243824856,1.9389595258235932,0,0,Seoul3
2,2022-07-13,23.35416667,16.9,37.959225168964366,0.5031903386116028,22.604292767702095,0.7602905839681625,1,0,29.331864392498627,1.341190654039387,1,0,38.94516243824856,1.9389595258235932,0,0,Seoul3
2,2022-07-14,26.425,1.4,12.67842806863141,0.5124765038490295,22.604292767702095,0.7602905839681625,0,0,29.331864392498627,1.341190654039387,0,0,38.94516243824856,1.9389595258235932,0,0,Seoul3
2,2022-07-15,26.44583333,0.0,7.180935539877902,0.5287408828735352,22.604292767702095,0.7602905839681625,0,0,29.331864392498627,1.341190654039387,0,0,38.94516243824856,1.9389595258235932,0,0,Seoul3
2,2022-07-16,25.72916667,4.8,13.721291796106298,0.5119208693504333,22.604292767702095,0.7602905839681625,0,0,29.331864392498627,1.341190654039387,0,0,38.94516243824856,1.9389595258235932,0,0,Seoul3
2,2022-07-17,25.4125,0.0,6.345209221447243,0.50405353307724,22.604292767702095,0.7602905839681625,0,0,29.331864392498627,1.341190654039387,0,0,38.94516243824856,1.9389595258235932,0,0,Seoul3
2,2022-07-18,22.6375,69.4,51.44049719818469,0.6982219219207764,22.604292767702095,0.7602905839681625,1,0,29.331864392498627,1.341190654039387,1,0,38.94516243824856,1.9389595258235932,1,0,Seoul3
2,2022-07-19,24.90833333,1.2,12.38949694805953,0.7404636144638062,22.604292767702095,0.7602905839681625,0,0,29.331864392498627,1.341190654039387,0,0,38.94516243824856,1.9389595258235932,0,0,Seoul3
2,2022-07-20,27.325,0.0,10.874442017036722,0.8234012722969055,22.604292767702095,0.7602905839681625,0,1,29.331864392498627,1.341190654039387,0,0,38.94516243824856,1.9389595258235932,0,0,Seoul3
2,2022-07-21,26.36666667,3.9,13.636446822889269,0.8566421270370483,22.604292767702095,0.7602905839681625,0,1,29.331864392498627,1.341190654039387,0,0,38.94516243824856,1.9389595258235932,0,0,Seoul3
2,2022-07-22,24.31666667,2.4,8.382014567148447,0.8274956345558167,22.604292767702095,0.7602905839681625,0,1,29.331864392498627,1.341190654039387,0,0,38.94516243824856,1.9389595258235932,0,0,Seoul3
2,2022-07-23,23.62083333,0.0,7.4652253274126235,0.8150414824485779,22.604292767702095,0.7602905839681625,0,1,29.331864392498627,1.341190654039387,0,0,38.94516243824856,1.9389595258235932,0,0,Seoul3
2,2022-07-24,26.04166667,9.0,14.984796732491612,0.8333544135093689,22.604292767702095,0.7602905839681625,0,1,29.331864392498627,1.341190654039387,0,0,38.94516243824856,1.9389595258235932,0,0,Seoul3
2,2022-07-25,25.1875,0.0,8.043699658034711,0.8522355556488037,22.604292767702095,0.7602905839681625,0,1,29.331864392498627,1.341190654039387,0,0,38.94516243824856,1.9389595258235932,0,0,Seoul3
2,2022-07-26,24.64583333,0.0,7.312182800980341,0.8407768607139587,22.604292767702095,0.7602905839681625,0,1,29.331864392498627,1.341190654039387,0,0,38.94516243824856,1.9389595258235932,0,0,Seoul3
2,2022-07-27,24.5875,0.0,13.620127069533035,0.8421797156333923,22.604292767702095,0.7602905839681625,0,1,29.331864392498627,1.341190654039387,0,0,38.94516243824856,1.9389595258235932,0,0,Seoul3
2,2022-07-28,25.175,0.9,11.562341078415427,0.910805344581604,22.604292767702095,0.7602905839681625,0,1,29.331864392498627,1.341190654039387,0,0,38.94516243824856,1.9389595258235932,0,0,Seoul3
2,2022-07-29,26.5375,0.0,12.140873027709995,0.9683958888053894,22.604292767702095,0.7602905839681625,0,1,29.331864392498627,1.341190654039387,0,0,38.94516243824856,1.9389595258235932,0,0,Seoul3
2,2022-07-30,27.15,0.0,10.683691020592693,1.0611566305160522,22.604292767702095,0.7602905839681625,0,1,29.331864392498627,1.341190654039387,0,0,38.94516243824856,1.9389595258235932,0,0,Seoul3
2,2022-07-31,26.87083333,6.0,14.920369804177987,1.118442416191101,22.604292767702095,0.7602905839681625,0,1,29.331864392498627,1.341190654039387,0,0,38.94516243824856,1.9389595258235932,0,0,Seoul3
2,2022-08-01,28.25416667,0.0,14.27712300068861,0.8591684699058533,22.604292767702095,0.7602905839681625,0,1,29.331864392498627,1.341190654039387,0,0,38.94516243824856,1.9389595258235932,0,0,Seoul3
2,2022-08-02,28.3375,0.2,32.605326532579014,0.7923180460929871,22.604292767702095,0.7602905839681625,1,1,29.331864392498627,1.341190654039387,1,0,38.94516243824856,1.9389595258235932,0,0,Seoul3
2,2022-08-03,29.3375,0.0,24.918557214273193,0.728199303150177,22.604292767702095,0.7602905839681625,1,0,29.331864392498627,1.341190654039387,0,0,38.94516243824856,1.9389595258235932,0,0,Seoul3
2,2022-08-04,30.04583333,0.0,18.57236659769812,0.7469167709350586,22.604292767702095,0.7602905839681625,0,0,29.331864392498627,1.341190654039387,0,0,38.94516243824856,1.9389595258235932,0,0,Seoul3
2,2022-08-05,29.80416667,0.0,19.979651779521376,0.8259499073028564,22.604292767702095,0.7602905839681625,0,1,29.331864392498627,1.341190654039387,0,0,38.94516243824856,1.9389595258235932,0,0,Seoul3
2,2022-08-06,30.3375,0.0,16.899161597214196,0.8324110507965088,22.604292767702095,0.7602905839681625,0,1,29.331864392498627,1.341190654039387,0,0,38.94516243824856,1.9389595258235932,0,0,Seoul3
2,2022-08-07,30.58333333,0.0,11.140676850396252,0.7861390113830566,22.604292767702095,0.7602905839681625,0,1,29.331864392498627,1.341190654039387,0,0,38.94516243824856,1.9389595258235932,0,0,Seoul3
2,2022-08-08,29.7375,0.0,20.877325150393503,0.8108223080635071,22.604292767702095,0.7602905839681625,0,1,29.331864392498627,1.341190654039387,0,0,38.94516243824856,1.9389595258235932,0,0,Seoul3
2,2022-08-09,29.03333333,0.0,15.8347119531855,0.8398166298866272,22.604292767702095,0.7602905839681625,0,1,29.331864392498627,1.341190654039387,0,0,38.94516243824856,1.9389595258235932,0,0,Seoul3
2,2022-08-10,28.71666667,0.0,11.698206827753244,0.8011691570281982,22.604292767702095,0.7602905839681625,0,1,29.331864392498627,1.341190654039387,0,0,38.94516243824856,1.9389595258235932,0,0,Seoul3
2,2022-08-11,27.60416667,3.4,11.000946005095019,0.8372349739074707,22.604292767702095,0.7602905839681625,0,1,29.331864392498627,1.341190654039387,0,0,38.94516243824856,1.9389595258235932,0,0,Seoul3
2,2022-08-12,28.62083333,0.0,10.413860788263033,0.8395717144012451,22.604292767702095,0.7602905839681625,0,1,29.331864392498627,1.341190654039387,0,0,38.94516243824856,1.9389595258235932,0,0,Seoul3
2,2022-08-13,26.85,4.0,16.421655725999152,0.8195125460624695,22.604292767702095,0.7602905839681625,0,1,29.331864392498627,1.341190654039387,0,0,38.94516243824856,1.9389595258235932,0,0,Seoul3
2,2022-08-14,28.80416667,1.7,16.42821928674328,0.7765200138092041,22.604292767702095,0.7602905839681625,0,1,29.331864392498627,1.341190654039387,0,0,38.94516243824856,1.9389595258235932,0,0,Seoul3
2,2022-08-15,30.1375,0.0,27.154168400786595,0.7672264575958252,22.604292767702095,0.7602905839681625,1,1,29.331864392498627,1.341190654039387,0,0,38.94516243824856,1.9389595258235932,0,0,Seoul3
2,2022-08-16,26.6375,17.8,33.5210751664557,0.7902198433876038,22.604292767702095,0.7602905839681625,1,1,29.331864392498627,1.341190654039387,1,0,38.94516243824856,1.9389595258235932,0,0,Seoul3
2,2022-08-17,23.95416667,14.0,27.24561874294038,0.8058986663818359,22.604292767702095,0.7602905839681625,1,1,29.331864392498627,1.341190654039387,0,0,38.94516243824856,1.9389595258235932,0,0,Seoul3
2,2022-08-18,24.4875,0.7,12.374095399272546,0.8142138719558716,22.604292767702095,0.7602905839681625,0,1,29.331864392498627,1.341190654039387,0,0,38.94516243824856,1.9389595258235932,0,0,Seoul3
2,2022-08-19,26.92083333,0.0,15.1148681229663,0.7911661863327026,22.604292767702095,0.7602905839681625,0,1,29.331864392498627,1.341190654039387,0,0,38.94516243824856,1.9389595258235932,0,0,Seoul3
2,2022-08-20,26.52916667,15.5,14.09789415993928,0.7865914106369019,22.604292767702095,0.7602905839681625,0,1,29.331864392498627,1.341190654039387,0,0,38.94516243824856,1.9389595258235932,0,0,Seoul3
2,2022-08-21,24.79583333,0.0,7.257292322069227,0.7628138661384583,22.604292767702095,0.7602905839681625,0,1,29.331864392498627,1.341190654039387,0,0,38.94516243824856,1.9389595258235932,0,0,Seoul3
2,2022-08-22,24.35,0.0,10.126566981538074,0.6600282788276672,22.604292767702095,0.7602905839681625,0,0,29.331864392498627,1.341190654039387,0,0,38.94516243824856,1.9389595258235932,0,0,Seoul3
2,2022-08-23,25.71666667,2.7,17.410304818942237,0.6982054114341736,22.604292767702095,0.7602905839681625,0,0,29.331864392498627,1.341190654039387,0,0,38.94516243824856,1.9389595258235932,0,0,Seoul3
2,2022-08-24,21.70833333,38.3,30.8603733309269,0.8380537629127502,22.604292767702095,0.7602905839681625,1,1,29.331864392498627,1.341190654039387,1,0,38.94516243824856,1.9389595258235932,0,0,Seoul3
2,2022-08-25,23.8625,0.0,9.00854537992113,0.8377912640571594,22.604292767702095,0.7602905839681625,0,1,29.331864392498627,1.341190654039387,0,0,38.94516243824856,1.9389595258235932,0,0,Seoul3
2,2022-08-26,24.02916667,0.3,8.026649239152967,0.8360015749931335,22.604292767702095,0.7602905839681625,0,1,29.331864392498627,1.341190654039387,0,0,38.94516243824856,1.9389595258235932,0,0,Seoul3
2,2022-08-27,22.78333333,0.0,10.192448028594283,0.8385176062583923,22.604292767702095,0.7602905839681625,0,1,29.331864392498627,1.341190654039387,0,0,38.94516243824856,1.9389595258235932,0,0,Seoul3
2,2022-08-28,21.2625,0.0,13.508858822782493,0.8997052907943726,22.604292767702095,0.7602905839681625,0,1,29.331864392498627,1.341190654039387,0,0,38.94516243824856,1.9389595258235932,0,0,Seoul3
2,2022-08-29,22.44166667,0.0,9.500996942578471,0.8328582644462585,22.604292767702095,0.7602905839681625,0,1,29.331864392498627,1.341190654039387,0,0,38.94516243824856,1.9389595258235932,0,0,Seoul3
2,2022-08-30,21.20833333,12.6,14.25268650568689,0.729676365852356,22.604292767702095,0.7602905839681625,0,0,29.331864392498627,1.341190654039387,0,0,38.94516243824856,1.9389595258235932,0,0,Seoul3
2,2022-08-31,21.02083333,27.3,27.325530912954257,0.7197897434234619,22.604292767702095,0.7602905839681625,1,0,29.331864392498627,1.341190654039387,0,0,38.94516243824856,1.9389595258235932,0,0,Seoul3
2,2022-09-01,21.75416667,0.0,12.303449040615464,0.775692880153656,22.604292767702095,0.7602905839681625,0,1,29.331864392498627,1.341190654039387,0,0,38.94516243824856,1.9389595258235932,0,0,Seoul3
2,2022-09-02,21.24166667,14.1,18.872105843995968,0.7877499461174011,22.604292767702095,0.7602905839681625,0,1,29.331864392498627,1.341190654039387,0,0,38.94516243824856,1.9389595258235932,0,0,Seoul3
2,2022-09-03,21.82083333,22.6,33.36775413817257,0.8683413863182068,22.604292767702095,0.7602905839681625,1,1,29.331864392498627,1.341190654039387,1,0,38.94516243824856,1.9389595258235932,0,0,Seoul3
2,2022-09-04,24.77916667,9.4,33.3191845631209,0.9214430451393127,22.604292767702095,0.7602905839681625,1,1,29.331864392498627,1.341190654039387,1,0,38.94516243824856,1.9389595258235932,0,0,Seoul3
2,2022-09-05,25.725,29.1,43.48362269337916,1.0034598112106323,22.604292767702095,0.7602905839681625,1,1,29.331864392498627,1.341190654039387,1,0,38.94516243824856,1.9389595258235932,1,0,Seoul3
2,2022-09-06,23.96666667,132.4,62.53362437740712,2.086482524871826,22.604292767702095,0.7602905839681625,1,1,29.331864392498627,1.341190654039387,1,1,38.94516243824856,1.9389595258235932,1,1,Seoul3
2,2022-09-07,21.67083333,0.0,9.080827990723986,1.7333582639694214,22.604292767702095,0.7602905839681625,0,1,29.331864392498627,1.341190654039387,0,1,38.94516243824856,1.9389595258235932,0,0,Seoul3
2,2022-09-08,21.3,0.0,33.03693299228061,1.4874848127365112,22.604292767702095,0.7602905839681625,1,1,29.331864392498627,1.341190654039387,1,1,38.94516243824856,1.9389595258235932,0,0,Seoul3
2,2022-09-09,21.75833333,0.0,8.943044169633467,1.4422028064727783,22.604292767702095,0.7602905839681625,0,1,29.331864392498627,1.341190654039387,0,1,38.94516243824856,1.9389595258235932,0,0,Seoul3
2,2022-09-10,22.01666667,0.0,13.935085862662408,1.592273235321045,22.604292767702095,0.7602905839681625,0,1,29.331864392498627,1.341190654039387,0,1,38.94516243824856,1.9389595258235932,0,0,Seoul3
2,2022-09-11,22.82083333,0.0,8.239385647013606,1.7218998670578003,22.604292767702095,0.7602905839681625,0,1,29.331864392498627,1.341190654039387,0,1,38.94516243824856,1.9389595258235932,0,0,Seoul3
2,2022-09-12,22.3,0.0,21.262752286035827,1.8915075063705444,22.604292767702095,0.7602905839681625,0,1,29.331864392498627,1.341190654039387,0,1,38.94516243824856,1.9389595258235932,0,0,Seoul3
2,2022-09-13,23.48333333,0.0,14.350300354566173,1.939720630645752,22.604292767702095,0.7602905839681625,0,1,29.331864392498627,1.341190654039387,0,1,38.94516243824856,1.9389595258235932,0,1,Seoul3
2,2022-09-14,23.375,0.0,12.633847077342251,2.1348235607147217,22.604292767702095,0.7602905839681625,0,1,29.331864392498627,1.341190654039387,0,1,38.94516243824856,1.9389595258235932,0,1,Seoul3
2,2022-09-15,22.9125,0.0,10.596253287089455,2.1727774143218994,22.604292767702095,0.7602905839681625,0,1,29.331864392498627,1.341190654039387,0,1,38.94516243824856,1.9389595258235932,0,1,Seoul3
2,2022-09-16,23.25833333,0.0,6.712645370105231,2.0485644340515137,22.604292767702095,0.7602905839681625,0,1,29.331864392498627,1.341190654039387,0,1,38.94516243824856,1.9389595258235932,0,1,Seoul3
2,2022-09-17,24.31666667,0.0,12.799179670602339,1.9877485036849976,22.604292767702095,0.7602905839681625,0,1,29.331864392498627,1.341190654039387,0,1,38.94516243824856,1.9389595258235932,0,1,Seoul3
2,2022-09-18,25.35416667,13.6,27.31803602256801,1.834998607635498,22.604292767702095,0.7602905839681625,1,1,29.331864392498627,1.341190654039387,0,1,38.94516243824856,1.9389595258235932,0,0,Seoul3
2,2022-09-19,22.2375,63.5,62.635318875479626,1.8891388177871704,22.604292767702095,0.7602905839681625,1,1,29.331864392498627,1.341190654039387,1,1,38.94516243824856,1.9389595258235932,1,0,Seoul3
2,2022-09-20,18.70833333,0.0,6.482356964876006,0.9493990540504456,22.604292767702095,0.7602905839681625,0,1,29.331864392498627,1.341190654039387,0,0,38.94516243824856,1.9389595258235932,0,0,Seoul3
2,2022-09-21,16.91666667,0.0,7.2748811202204156,0.8278977274894714,22.604292767702095,0.7602905839681625,0,1,29.331864392498627,1.341190654039387,0,0,38.94516243824856,1.9389595258235932,0,0,Seoul3
2,2022-09-22,19.20416667,0.0,13.027089694438207,0.7717480659484863,22.604292767702095,0.7602905839681625,0,1,29.331864392498627,1.341190654039387,0,0,38.94516243824856,1.9389595258235932,0,0,Seoul3
2,2022-09-23,21.4875,0.0,11.139343471943345,0.7402967214584351,22.604292767702095,0.7602905839681625,0,0,29.331864392498627,1.341190654039387,0,0,38.94516243824856,1.9389595258235932,0,0,Seoul3
2,2022-09-24,18.36666667,0.0,14.295766852493525,0.822409451007843,22.604292767702095,0.7602905839681625,0,1,29.331864392498627,1.341190654039387,0,0,38.94516243824856,1.9389595258235932,0,0,Seoul3
2,2022-09-25,18.41666667,0.0,13.794016079288838,0.9360077381134033,22.604292767702095,0.7602905839681625,0,1,29.331864392498627,1.341190654039387,0,0,38.94516243824856,1.9389595258235932,0,0,Seoul3
2,2022-09-26,18.77083333,0.1,13.518098762180628,1.013792872428894,22.604292767702095,0.7602905839681625,0,1,29.331864392498627,1.341190654039387,0,0,38.94516243824856,1.9389595258235932,0,0,Seoul3
2,2022-09-27,20.05833333,0.0,26.412098337245645,0.9935415983200073,22.604292767702095,0.7602905839681625,1,1,29.331864392498627,1.341190654039387,0,0,38.94516243824856,1.9389595258235932,0,0,Seoul3
2,2022-09-28,19.9875,0.0,20.22717765479117,1.0201793909072876,22.604292767702095,0.7602905839681625,0,1,29.331864392498627,1.341190654039387,0,0,38.94516243824856,1.9389595258235932,0,0,Seoul3
2,2022-09-29,20.55,0.0,15.307507156536206,0.9642266035079956,22.604292767702095,0.7602905839681625,0,1,29.331864392498627,1.341190654039387,0,0,38.94516243824856,1.9389595258235932,0,0,Seoul3
2,2022-09-30,21.07916667,0.0,10.339681166933802,0.9534838795661926,22.604292767702095,0.7602905839681625,0,1,29.331864392498627,1.341190654039387,0,0,38.94516243824856,1.9389595258235932,0,0,Seoul3
3,2022-10-01,21.5625,0.0,17.59455004576894,0.6428596377372742,22.203826796925096,0.8423594623804088,0,0,28.23349303923522,1.0211536020040515,0,0,39.61934706620894,1.6725485098361965,0,0,Seoul3
3,2022-10-02,21.66666667,0.0,15.36867922791232,0.8341385126113892,22.203826796925096,0.8423594623804088,0,0,28.23349303923522,1.0211536020040515,0,0,39.61934706620894,1.6725485098361965,0,0,Seoul3
3,2022-10-03,24.45,2.1,12.186845512394891,0.659174919128418,22.203826796925096,0.8423594623804088,0,0,28.23349303923522,1.0211536020040515,0,0,39.61934706620894,1.6725485098361965,0,0,Seoul3
3,2022-10-04,21.65,24.9,24.161172626331783,0.8875946998596191,22.203826796925096,0.8423594623804088,1,1,28.23349303923522,1.0211536020040515,0,0,39.61934706620894,1.6725485098361965,0,0,Seoul3
3,2022-10-05,16.39583333,0.0,9.090714360012857,0.9474813938140869,22.203826796925096,0.8423594623804088,0,1,28.23349303923522,1.0211536020040515,0,0,39.61934706620894,1.6725485098361965,0,0,Seoul3
3,2022-10-06,16.7125,1.1,17.466237534159664,0.9820669293403625,22.203826796925096,0.8423594623804088,0,1,28.23349303923522,1.0211536020040515,0,0,39.61934706620894,1.6725485098361965,0,0,Seoul3
3,2022-10-07,16.14166667,0.0,14.24417057468712,0.9502264261245728,22.203826796925096,0.8423594623804088,0,1,28.23349303923522,1.0211536020040515,0,0,39.61934706620894,1.6725485098361965,0,0,Seoul3
3,2022-10-08,15.68333333,0.0,15.769642234829542,0.91094970703125,22.203826796925096,0.8423594623804088,0,1,28.23349303923522,1.0211536020040515,0,0,39.61934706620894,1.6725485098361965,0,0,Seoul3
3,2022-10-09,15.30833333,0.4,14.336664661795222,0.9139733910560608,22.203826796925096,0.8423594623804088,0,1,28.23349303923522,1.0211536020040515,0,0,39.61934706620894,1.6725485098361965,0,0,Seoul3
3,2022-10-10,14.8875,0.0,15.18080004729724,0.9247307777404785,22.203826796925096,0.8423594623804088,0,1,28.23349303923522,1.0211536020040515,0,0,39.61934706620894,1.6725485098361965,0,0,Seoul3
3,2022-10-11,13.7375,0.0,8.642293858781951,0.8763557076454163,22.203826796925096,0.8423594623804088,0,1,28.23349303923522,1.0211536020040515,0,0,39.61934706620894,1.6725485098361965,0,0,Seoul3
3,2022-10-12,15.24583333,0.0,11.279596830684868,0.8823550939559937,22.203826796925096,0.8423594623804088,0,1,28.23349303923522,1.0211536020040515,0,0,39.61934706620894,1.6725485098361965,0,0,Seoul3
3,2022-10-13,18.04166667,0.0,8.155617192752285,0.8525935411453247,22.203826796925096,0.8423594623804088,0,1,28.23349303923522,1.0211536020040515,0,0,39.61934706620894,1.6725485098361965,0,0,Seoul3
3,2022-10-14,17.24583333,0.0,12.406331218422554,0.8641314506530762,22.203826796925096,0.8423594623804088,0,1,28.23349303923522,1.0211536020040515,0,0,39.61934706620894,1.6725485098361965,0,0,Seoul3
3,2022-10-15,17.7625,0.0,8.189798615523117,0.8725044131278992,22.203826796925096,0.8423594623804088,0,1,28.23349303923522,1.0211536020040515,0,0,39.61934706620894,1.6725485098361965,0,0,Seoul3
3,2022-10-16,18.45416667,0.0,9.716123012640793,0.8359775543212891,22.203826796925096,0.8423594623804088,0,0,28.23349303923522,1.0211536020040515,0,0,39.61934706620894,1.6725485098361965,0,0,Seoul3
3,2022-10-17,17.02916667,0.0,17.56667562157494,0.9465680122375488,22.203826796925096,0.8423594623804088,0,1,28.23349303923522,1.0211536020040515,0,0,39.61934706620894,1.6725485098361965,0,0,Seoul3
3,2022-10-18,11.69583333,0.0,16.57558561410324,0.9447259306907654,22.203826796925096,0.8423594623804088,0,1,28.23349303923522,1.0211536020040515,0,0,39.61934706620894,1.6725485098361965,0,0,Seoul3
3,2022-10-19,11.3,0.0,15.684613523224728,1.0453678369522095,22.203826796925096,0.8423594623804088,0,1,28.23349303923522,1.0211536020040515,0,1,39.61934706620894,1.6725485098361965,0,0,Seoul3
3,2022-10-20,13.57083333,0.0,20.073589376011313,1.073015570640564,22.203826796925096,0.8423594623804088,0,1,28.23349303923522,1.0211536020040515,0,1,39.61934706620894,1.6725485098361965,0,0,Seoul3
3,2022-10-21,15.05833333,0.0,15.486188144360604,1.1641087532043457,22.203826796925096,0.8423594623804088,0,1,28.23349303923522,1.0211536020040515,0,1,39.61934706620894,1.6725485098361965,0,0,Seoul3
3,2022-10-22,17.67083333,0.0,14.95003202827381,1.129079818725586,22.203826796925096,0.8423594623804088,0,1,28.23349303923522,1.0211536020040515,0,1,39.61934706620894,1.6725485098361965,0,0,Seoul3
3,2022-10-23,15.45416667,0.0,11.632988172035093,1.1009535789489746,22.203826796925096,0.8423594623804088,0,1,28.23349303923522,1.0211536020040515,0,1,39.61934706620894,1.6725485098361965,0,0,Seoul3
3,2022-10-24,12.55416667,0.0,15.594347195396413,1.0260186195373535,22.203826796925096,0.8423594623804088,0,1,28.23349303923522,1.0211536020040515,0,1,39.61934706620894,1.6725485098361965,0,0,Seoul3
3,2022-10-25,11.91666667,0.0,21.159914401957245,1.0767751932144165,22.203826796925096,0.8423594623804088,0,1,28.23349303923522,1.0211536020040515,0,1,39.61934706620894,1.6725485098361965,0,0,Seoul3
3,2022-10-26,13.7375,0.0,16.118249338506534,1.0837714672088623,22.203826796925096,0.8423594623804088,0,1,28.23349303923522,1.0211536020040515,0,1,39.61934706620894,1.6725485098361965,0,0,Seoul3
3,2022-10-27,15.225,0.0,15.360780613039573,1.1015527248382568,22.203826796925096,0.8423594623804088,0,1,28.23349303923522,1.0211536020040515,0,1,39.61934706620894,1.6725485098361965,0,0,Seoul3
3,2022-10-28,14.36666667,0.2,19.68877758730504,1.1412373781204224,22.203826796925096,0.8423594623804088,0,1,28.23349303923522,1.0211536020040515,0,1,39.61934706620894,1.6725485098361965,0,0,Seoul3
3,2022-10-29,14.375,0.0,13.968350316635936,1.19010329246521,22.203826796925096,0.8423594623804088,0,1,28.23349303923522,1.0211536020040515,0,1,39.61934706620894,1.6725485098361965,0,0,Seoul3
3,2022-10-30,13.48333333,1.7,18.231914572087717,1.2024096250534058,22.203826796925096,0.8423594623804088,0,1,28.23349303923522,1.0211536020040515,0,1,39.61934706620894,1.6725485098361965,0,0,Seoul3
3,2022-10-31,14.40833333,0.0,11.128022922105943,1.1828348636627197,22.203826796925096,0.8423594623804088,0,1,28.23349303923522,1.0211536020040515,0,1,39.61934706620894,1.6725485098361965,0,0,Seoul3
3,2022-11-01,15.14166667,0.0,11.265529372280815,1.1319257020950317,22.203826796925096,0.8423594623804088,0,1,28.23349303923522,1.0211536020040515,0,1,39.61934706620894,1.6725485098361965,0,0,Seoul3
3,2022-11-02,14.84583333,0.0,10.141260294812573,1.182594656944275,22.203826796925096,0.8423594623804088,0,1,28.23349303923522,1.0211536020040515,0,1,39.61934706620894,1.6725485098361965,0,0,Seoul3
3,2022-11-03,14.36666667,0.0,10.566915169423835,1.1197097301483154,22.203826796925096,0.8423594623804088,0,1,28.23349303923522,1.0211536020040515,0,1,39.61934706620894,1.6725485098361965,0,0,Seoul3
3,2022-11-04,10.58333333,0.0,9.803918721595906,1.0654128789901733,22.203826796925096,0.8423594623804088,0,1,28.23349303923522,1.0211536020040515,0,1,39.61934706620894,1.6725485098361965,0,0,Seoul3
3,2022-11-05,8.8375,0.0,14.50465443236549,1.0541704893112183,22.203826796925096,0.8423594623804088,0,1,28.23349303923522,1.0211536020040515,0,1,39.61934706620894,1.6725485098361965,0,0,Seoul3
3,2022-11-06,10.16666667,0.0,18.17183861717662,1.093739628791809,22.203826796925096,0.8423594623804088,0,1,28.23349303923522,1.0211536020040515,0,1,39.61934706620894,1.6725485098361965,0,0,Seoul3
3,2022-11-07,11.1375,0.0,14.073188553611667,1.1052401065826416,22.203826796925096,0.8423594623804088,0,1,28.23349303923522,1.0211536020040515,0,1,39.61934706620894,1.6725485098361965,0,0,Seoul3
3,2022-11-08,13.2375,0.0,14.084858215422258,0.9723231792449951,22.203826796925096,0.8423594623804088,0,1,28.23349303923522,1.0211536020040515,0,0,39.61934706620894,1.6725485098361965,0,0,Seoul3
3,2022-11-09,13.34166667,0.0,14.334787484716314,0.9696546792984009,22.203826796925096,0.8423594623804088,0,1,28.23349303923522,1.0211536020040515,0,0,39.61934706620894,1.6725485098361965,0,0,Seoul3
3,2022-11-10,14.60416667,0.0,7.447047498121192,0.9249894022941589,22.203826796925096,0.8423594623804088,0,1,28.23349303923522,1.0211536020040515,0,0,39.61934706620894,1.6725485098361965,0,0,Seoul3
3,2022-11-11,14.6625,0.0,12.92315523941823,0.866284191608429,22.203826796925096,0.8423594623804088,0,1,28.23349303923522,1.0211536020040515,0,0,39.61934706620894,1.6725485098361965,0,0,Seoul3
3,2022-11-12,17.28333333,0.0,9.452478461692202,0.8910617232322693,22.203826796925096,0.8423594623804088,0,1,28.23349303923522,1.0211536020040515,0,0,39.61934706620894,1.6725485098361965,0,0,Seoul3
3,2022-11-13,17.2,17.8,17.54235212469226,0.8539729118347168,22.203826796925096,0.8423594623804088,0,1,28.23349303923522,1.0211536020040515,0,0,39.61934706620894,1.6725485098361965,0,0,Seoul3
3,2022-11-14,12.28333333,0.0,16.131844989932453,0.7616374492645264,22.203826796925096,0.8423594623804088,0,0,28.23349303923522,1.0211536020040515,0,0,39.61934706620894,1.6725485098361965,0,0,Seoul3
3,2022-11-15,10.2375,0.0,6.812623869284475,0.6587070226669312,22.203826796925096,0.8423594623804088,0,0,28.23349303923522,1.0211536020040515,0,0,39.61934706620894,1.6725485098361965,0,0,Seoul3
3,2022-11-16,10.96666667,0.0,9.91193473220503,0.6233243346214294,22.203826796925096,0.8423594623804088,0,0,28.23349303923522,1.0211536020040515,0,0,39.61934706620894,1.6725485098361965,0,0,Seoul3
3,2022-11-17,11.125,0.0,8.947378208969383,0.6344709992408752,22.203826796925096,0.8423594623804088,0,0,28.23349303923522,1.0211536020040515,0,0,39.61934706620894,1.6725485098361965,0,0,Seoul3
3,2022-11-18,11.77083333,0.0,11.884945372459445,0.6584604978561401,22.203826796925096,0.8423594623804088,0,0,28.23349303923522,1.0211536020040515,0,0,39.61934706620894,1.6725485098361965,0,0,Seoul3
3,2022-11-19,13.95833333,0.0,8.604689218959852,0.6566970348358154,22.203826796925096,0.8423594623804088,0,0,28.23349303923522,1.0211536020040515,0,0,39.61934706620894,1.6725485098361965,0,0,Seoul3
3,2022-11-20,14.1875,0.0,11.700210024441718,0.6672861576080322,22.203826796925096,0.8423594623804088,0,0,28.23349303923522,1.0211536020040515,0,0,39.61934706620894,1.6725485098361965,0,0,Seoul3
3,2022-11-21,14.19583333,0.0,10.766822819989704,0.7087557911872864,22.203826796925096,0.8423594623804088,0,0,28.23349303923522,1.0211536020040515,0,0,39.61934706620894,1.6725485098361965,0,0,Seoul3
3,2022-11-22,14.15,2.3,11.665719023669636,0.7513113021850586,22.203826796925096,0.8423594623804088,0,0,28.23349303923522,1.0211536020040515,0,0,39.61934706620894,1.6725485098361965,0,0,Seoul3
3,2022-11-23,13.59166667,0.9,11.3861173741253,0.7371861338615417,22.203826796925096,0.8423594623804088,0,0,28.23349303923522,1.0211536020040515,0,0,39.61934706620894,1.6725485098361965,0,0,Seoul3
3,2022-11-24,11.3625,0.0,11.740174062686386,0.7694346308708191,22.203826796925096,0.8423594623804088,0,0,28.23349303923522,1.0211536020040515,0,0,39.61934706620894,1.6725485098361965,0,0,Seoul3
3,2022-11-25,12.2625,0.0,12.312189580862555,0.7796132564544678,22.203826796925096,0.8423594623804088,0,0,28.23349303923522,1.0211536020040515,0,0,39.61934706620894,1.6725485098361965,0,0,Seoul3
3,2022-11-26,13.81666667,0.0,8.079614130460438,0.7478642463684082,22.203826796925096,0.8423594623804088,0,0,28.23349303923522,1.0211536020040515,0,0,39.61934706620894,1.6725485098361965,0,0,Seoul3
3,2022-11-27,10.37083333,0.0,9.96634415367021,0.6720054149627686,22.203826796925096,0.8423594623804088,0,0,28.23349303923522,1.0211536020040515,0,0,39.61934706620894,1.6725485098361965,0,0,Seoul3
3,2022-11-28,16.04583333,0.0,10.335601466559327,0.6402371525764465,22.203826796925096,0.8423594623804088,0,0,28.23349303923522,1.0211536020040515,0,0,39.61934706620894,1.6725485098361965,0,0,Seoul3
3,2022-11-29,15.12916667,23.9,23.331877605082163,0.8180577754974365,22.203826796925096,0.8423594623804088,1,0,28.23349303923522,1.0211536020040515,0,0,39.61934706620894,1.6725485098361965,0,0,Seoul3
3,2022-11-30,2.416666667,0.0,11.486465928873676,0.8333669900894165,22.203826796925096,0.8423594623804088,0,0,28.23349303923522,1.0211536020040515,0,0,39.61934706620894,1.6725485098361965,0,0,Seoul3
3,2022-12-01,-0.166666667,0.0,11.488772641260775,0.8589882850646973,22.203826796925096,0.8423594623804088,0,1,28.23349303923522,1.0211536020040515,0,0,39.61934706620894,1.6725485098361965,0,0,Seoul3
3,2022-12-02,0.933333333,0.0,15.871291658801903,0.8849965333938599,22.203826796925096,0.8423594623804088,0,1,28.23349303923522,1.0211536020040515,0,0,39.61934706620894,1.6725485098361965,0,0,Seoul3
3,2022-12-03,5.3875,0.0,13.07814104253753,0.8689790368080139,22.203826796925096,0.8423594623804088,0,1,28.23349303923522,1.0211536020040515,0,0,39.61934706620894,1.6725485098361965,0,0,Seoul3
3,2022-12-04,5.216666667,0.0,9.628664447022373,0.8154282569885254,22.203826796925096,0.8423594623804088,0,0,28.23349303923522,1.0211536020040515,0,0,39.61934706620894,1.6725485098361965,0,0,Seoul3
3,2022-12-05,1.9,0.0,11.909117636971617,0.8293783068656921,22.203826796925096,0.8423594623804088,0,0,28.23349303923522,1.0211536020040515,0,0,39.61934706620894,1.6725485098361965,0,0,Seoul3
3,2022-12-06,2.745833333,0.0,13.657574152885319,0.7899348735809326,22.203826796925096,0.8423594623804088,0,0,28.23349303923522,1.0211536020040515,0,0,39.61934706620894,1.6725485098361965,0,0,Seoul3
3,2022-12-07,5.7375,0.0,9.265425575795097,0.7979795336723328,22.203826796925096,0.8423594623804088,0,0,28.23349303923522,1.0211536020040515,0,0,39.61934706620894,1.6725485098361965,0,0,Seoul3
3,2022-12-08,6.516666667,0.0,10.327735721236472,0.8165349960327148,22.203826796925096,0.8423594623804088,0,0,28.23349303923522,1.0211536020040515,0,0,39.61934706620894,1.6725485098361965,0,0,Seoul3
3,2022-12-09,7.9625,0.0,8.246510245254337,0.8226094245910645,22.203826796925096,0.8423594623804088,0,0,28.23349303923522,1.0211536020040515,0,0,39.61934706620894,1.6725485098361965,0,0,Seoul3
3,2022-12-10,8.025,0.0,8.663432826460546,0.8162232637405396,22.203826796925096,0.8423594623804088,0,0,28.23349303923522,1.0211536020040515,0,0,39.61934706620894,1.6725485098361965,0,0,Seoul3
3,2022-12-11,6.270833333,0.0,11.644910725290424,0.8140984773635864,22.203826796925096,0.8423594623804088,0,0,28.23349303923522,1.0211536020040515,0,0,39.61934706620894,1.6725485098361965,0,0,Seoul3
3,2022-12-12,6.7875,2.7,14.752305248723157,0.8121647834777832,22.203826796925096,0.8423594623804088,0,0,28.23349303923522,1.0211536020040515,0,0,39.61934706620894,1.6725485098361965,0,0,Seoul3
3,2022-12-13,6.058333333,0.0,9.069292722023619,0.6551945805549622,22.203826796925096,0.8423594623804088,0,0,28.23349303923522,1.0211536020040515,0,0,39.61934706620894,1.6725485098361965,0,0,Seoul3
3,2022-12-14,-1.495833333,0.0,11.364037583316705,0.6236187815666199,22.203826796925096,0.8423594623804088,0,0,28.23349303923522,1.0211536020040515,0,0,39.61934706620894,1.6725485098361965,0,0,Seoul3
3,2022-12-15,-0.0125,0.0,16.465931276091467,0.625519335269928,22.203826796925096,0.8423594623804088,0,0,28.23349303923522,1.0211536020040515,0,0,39.61934706620894,1.6725485098361965,0,0,Seoul3
3,2022-12-16,1.704166667,0.0,13.789926687484657,0.6658378839492798,22.203826796925096,0.8423594623804088,0,0,28.23349303923522,1.0211536020040515,0,0,39.61934706620894,1.6725485098361965,0,0,Seoul3
3,2022-12-17,-0.683333333,0.0,8.824489279416133,0.6361077427864075,22.203826796925096,0.8423594623804088,0,0,28.23349303923522,1.0211536020040515,0,0,39.61934706620894,1.6725485098361965,0,0,Seoul3
3,2022-12-18,-4.4875,0.0,10.32675885211109,0.6553704142570496,22.203826796925096,0.8423594623804088,0,0,28.23349303923522,1.0211536020040515,0,0,39.61934706620894,1.6725485098361965,0,0,Seoul3
3,2022-12-19,-2.204166667,0.0,10.701689136541704,0.6186588406562805,22.203826796925096,0.8423594623804088,0,0,28.23349303923522,1.0211536020040515,0,0,39.61934706620894,1.6725485098361965,0,0,Seoul3
3,2022-12-20,0.5375,0.0,13.559470504246864,0.6189590692520142,22.203826796925096,0.8423594623804088,0,0,28.23349303923522,1.0211536020040515,0,0,39.61934706620894,1.6725485098361965,0,0,Seoul3
3,2022-12-21,2.766666667,7.0,16.93276846079207,0.6291463971138,22.203826796925096,0.8423594623804088,0,0,28.23349303923522,1.0211536020040515,0,0,39.61934706620894,1.6725485098361965,0,0,Seoul3
3,2022-12-22,-0.441666667,0.0,8.514665790822981,0.6108673214912415,22.203826796925096,0.8423594623804088,0,0,28.23349303923522,1.0211536020040515,0,0,39.61934706620894,1.6725485098361965,0,0,Seoul3
3,2022-12-23,-4.295833333,0.0,10.030639665115954,0.5968072414398193,22.203826796925096,0.8423594623804088,0,0,28.23349303923522,1.0211536020040515,0,0,39.61934706620894,1.6725485098361965,0,0,Seoul3
3,2022-12-24,-3.320833333,0.0,10.716301007775774,0.6010295152664185,22.203826796925096,0.8423594623804088,0,0,28.23349303923522,1.0211536020040515,0,0,39.61934706620894,1.6725485098361965,0,0,Seoul3
3,2022-12-25,0.491666667,0.0,10.376095412434733,0.5597267746925354,22.203826796925096,0.8423594623804088,0,0,28.23349303923522,1.0211536020040515,0,0,39.61934706620894,1.6725485098361965,0,0,Seoul3
3,2022-12-26,0.870833333,0.0,10.637535550516583,0.5134915709495544,22.203826796925096,0.8423594623804088,0,0,28.23349303923522,1.0211536020040515,0,0,39.61934706620894,1.6725485098361965,0,0,Seoul3
3,2022-12-27,2.304166667,0.0,9.479821916019297,0.5103179812431335,22.203826796925096,0.8423594623804088,0,0,28.23349303923522,1.0211536020040515,0,0,39.61934706620894,1.6725485098361965,0,0,Seoul3
3,2022-12-28,2.516666667,0.0,12.050802640846838,0.48126327991485596,22.203826796925096,0.8423594623804088,0,0,28.23349303923522,1.0211536020040515,0,0,39.61934706620894,1.6725485098361965,0,0,Seoul3
3,2022-12-29,0.708333333,0.0,12.986788277157224,0.43718862533569336,22.203826796925096,0.8423594623804088,0,0,28.23349303923522,1.0211536020040515,0,0,39.61934706620894,1.6725485098361965,0,0,Seoul3
4,2022-12-30,1.5875,0.0,8.15778524802582,0.3069264590740204,23.644565544294593,0.8564804315566994,0,0,31.231852296911452,1.1076758712530141,0,0,41.27206501367514,2.00572396159172,0,0,Seoul3
4,2022-12-31,2.033333333,0.0,8.480724378589661,0.31941545009613037,23.644565544294593,0.8564804315566994,0,0,31.231852296911452,1.1076758712530141,0,0,41.27206501367514,2.00572396159172,0,0,Seoul3
4,2023-01-01,4.045833333,0.0,7.29485259080188,0.3395463526248932,23.644565544294593,0.8564804315566994,0,0,31.231852296911452,1.1076758712530141,0,0,41.27206501367514,2.00572396159172,0,0,Seoul3
4,2023-01-02,1.5125,0.0,8.34872054484708,0.37008175253868103,23.644565544294593,0.8564804315566994,0,0,31.231852296911452,1.1076758712530141,0,0,41.27206501367514,2.00572396159172,0,0,Seoul3
4,2023-01-03,0.716666667,0.0,10.85101622644842,0.3286687731742859,23.644565544294593,0.8564804315566994,0,0,31.231852296911452,1.1076758712530141,0,0,41.27206501367514,2.00572396159172,0,0,Seoul3
4,2023-01-04,1.404166667,0.0,15.718938627297414,0.4192122519016266,23.644565544294593,0.8564804315566994,0,0,31.231852296911452,1.1076758712530141,0,0,41.27206501367514,2.00572396159172,0,0,Seoul3
4,2023-01-05,3.304166667,0.0,18.584826851751515,0.5237399339675903,23.644565544294593,0.8564804315566994,0,0,31.231852296911452,1.1076758712530141,0,0,41.27206501367514,2.00572396159172,0,0,Seoul3
4,2023-01-06,3.870833333,0.0,13.387297983166647,0.5722124576568604,23.644565544294593,0.8564804315566994,0,0,31.231852296911452,1.1076758712530141,0,0,41.27206501367514,2.00572396159172,0,0,Seoul3
4,2023-01-07,5.283333333,0.1,7.861495460515071,0.5562866926193237,23.644565544294593,0.8564804315566994,0,0,31.231852296911452,1.1076758712530141,0,0,41.27206501367514,2.00572396159172,0,0,Seoul3
4,2023-01-08,4.654166667,0.0,10.662314607279106,0.5528974533081055,23.644565544294593,0.8564804315566994,0,0,31.231852296911452,1.1076758712530141,0,0,41.27206501367514,2.00572396159172,0,0,Seoul3
4,2023-01-09,7.2875,0.0,14.181260013786485,0.6008137464523315,23.644565544294593,0.8564804315566994,0,0,31.231852296911452,1.1076758712530141,0,0,41.27206501367514,2.00572396159172,0,0,Seoul3
4,2023-01-10,5.908333333,0.0,10.197847241928844,0.6655707955360413,23.644565544294593,0.8564804315566994,0,0,31.231852296911452,1.1076758712530141,0,0,41.27206501367514,2.00572396159172,0,0,Seoul3
4,2023-01-11,7.608333333,0.0,18.45022648620177,0.7318207025527954,23.644565544294593,0.8564804315566994,0,0,31.231852296911452,1.1076758712530141,0,0,41.27206501367514,2.00572396159172,0,0,Seoul3
4,2023-01-12,9.5125,0.0,15.31285821114216,0.7776271104812622,23.644565544294593,0.8564804315566994,0,0,31.231852296911452,1.1076758712530141,0,0,41.27206501367514,2.00572396159172,0,0,Seoul3
4,2023-01-13,13.825,39.4,40.77211399152962,1.0417693853378296,23.644565544294593,0.8564804315566994,1,1,31.231852296911452,1.1076758712530141,1,0,41.27206501367514,2.00572396159172,0,0,Seoul3
4,2023-01-14,9.741666667,0.7,16.59070179183446,1.1574305295944214,23.644565544294593,0.8564804315566994,0,1,31.231852296911452,1.1076758712530141,0,1,41.27206501367514,2.00572396159172,0,0,Seoul3
4,2023-01-15,5.425,1.1,13.449633507453477,1.0741066932678223,23.644565544294593,0.8564804315566994,0,1,31.231852296911452,1.1076758712530141,0,0,41.27206501367514,2.00572396159172,0,0,Seoul3
4,2023-01-16,0.8125,0.0,14.015252622813124,1.0983790159225464,23.644565544294593,0.8564804315566994,0,1,31.231852296911452,1.1076758712530141,0,0,41.27206501367514,2.00572396159172,0,0,Seoul3
4,2023-01-17,0.191666667,0.0,18.763368864058968,1.0965734720230103,23.644565544294593,0.8564804315566994,0,1,31.231852296911452,1.1076758712530141,0,0,41.27206501367514,2.00572396159172,0,0,Seoul3
4,2023-01-18,1.504166667,0.0,14.223278319857284,1.0558407306671143,23.644565544294593,0.8564804315566994,0,1,31.231852296911452,1.1076758712530141,0,0,41.27206501367514,2.00572396159172,0,0,Seoul3
4,2023-01-19,1.729166667,0.0,10.187926649250901,1.0053209066390991,23.644565544294593,0.8564804315566994,0,1,31.231852296911452,1.1076758712530141,0,0,41.27206501367514,2.00572396159172,0,0,Seoul3
4,2023-01-20,2.275,0.0,9.815074106249298,0.9668319821357727,23.644565544294593,0.8564804315566994,0,1,31.231852296911452,1.1076758712530141,0,0,41.27206501367514,2.00572396159172,0,0,Seoul3
4,2023-01-21,-1.420833333,0.0,15.26078202205227,1.0203596353530884,23.644565544294593,0.8564804315566994,0,1,31.231852296911452,1.1076758712530141,0,0,41.27206501367514,2.00572396159172,0,0,Seoul3
4,2023-01-22,1.666666667,0.0,13.246234216776502,1.0640804767608643,23.644565544294593,0.8564804315566994,0,1,31.231852296911452,1.1076758712530141,0,0,41.27206501367514,2.00572396159172,0,0,Seoul3
4,2023-01-23,4.6375,0.0,19.14714289296824,1.0878627300262451,23.644565544294593,0.8564804315566994,0,1,31.231852296911452,1.1076758712530141,0,0,41.27206501367514,2.00572396159172,0,0,Seoul3
4,2023-01-24,-5.766666667,0.0,18.437507437211195,1.120131015777588,23.644565544294593,0.8564804315566994,0,1,31.231852296911452,1.1076758712530141,0,1,41.27206501367514,2.00572396159172,0,0,Seoul3
4,2023-01-25,-7.875,0.0,14.812743145024458,1.136152982711792,23.644565544294593,0.8564804315566994,0,1,31.231852296911452,1.1076758712530141,0,1,41.27206501367514,2.00572396159172,0,0,Seoul3
4,2023-01-26,-2.279166667,0.0,13.695884610608084,1.0918142795562744,23.644565544294593,0.8564804315566994,0,1,31.231852296911452,1.1076758712530141,0,0,41.27206501367514,2.00572396159172,0,0,Seoul3
4,2023-01-27,-1.804166667,0.0,14.950183818226227,0.8717740178108215,23.644565544294593,0.8564804315566994,0,1,31.231852296911452,1.1076758712530141,0,0,41.27206501367514,2.00572396159172,0,0,Seoul3
4,2023-01-28,-3.854166667,0.0,15.721655777471826,0.8135946393013,23.644565544294593,0.8564804315566994,0,0,31.231852296911452,1.1076758712530141,0,0,41.27206501367514,2.00572396159172,0,0,Seoul3
4,2023-01-29,0.595833333,0.0,12.324113945441509,0.8194084763526917,23.644565544294593,0.8564804315566994,0,0,31.231852296911452,1.1076758712530141,0,0,41.27206501367514,2.00572396159172,0,0,Seoul3
4,2023-01-30,1.654166667,0.0,16.513024057058143,0.872969925403595,23.644565544294593,0.8564804315566994,0,1,31.231852296911452,1.1076758712530141,0,0,41.27206501367514,2.00572396159172,0,0,Seoul3
4,2023-01-31,3.575,0.0,13.629222379942764,0.8561569452285767,23.644565544294593,0.8564804315566994,0,0,31.231852296911452,1.1076758712530141,0,0,41.27206501367514,2.00572396159172,0,0,Seoul3
4,2023-02-01,7.616666667,0.0,23.947327608073117,0.994721531867981,23.644565544294593,0.8564804315566994,1,1,31.231852296911452,1.1076758712530141,0,0,41.27206501367514,2.00572396159172,0,0,Seoul3
4,2023-02-02,2.454166667,0.0,11.81927711858551,0.9902562499046326,23.644565544294593,0.8564804315566994,0,1,31.231852296911452,1.1076758712530141,0,0,41.27206501367514,2.00572396159172,0,0,Seoul3
4,2023-02-03,3.879166667,0.0,14.871417787268106,0.9720449447631836,23.644565544294593,0.8564804315566994,0,1,31.231852296911452,1.1076758712530141,0,0,41.27206501367514,2.00572396159172,0,0,Seoul3
4,2023-02-04,2.2875,0.0,9.490363289024469,0.9064452052116394,23.644565544294593,0.8564804315566994,0,1,31.231852296911452,1.1076758712530141,0,0,41.27206501367514,2.00572396159172,0,0,Seoul3
4,2023-02-05,3.758333333,0.0,15.223268110210675,0.8711891174316406,23.644565544294593,0.8564804315566994,0,1,31.231852296911452,1.1076758712530141,0,0,41.27206501367514,2.00572396159172,0,0,Seoul3
4,2023-02-06,5.6375,0.0,14.901237924333929,0.9087379574775696,23.644565544294593,0.8564804315566994,0,1,31.231852296911452,1.1076758712530141,0,0,41.27206501367514,2.00572396159172,0,0,Seoul3
4,2023-02-07,6.829166667,0.0,9.491609696766435,0.871315598487854,23.644565544294593,0.8564804315566994,0,1,31.231852296911452,1.1076758712530141,0,0,41.27206501367514,2.00572396159172,0,0,Seoul3
4,2023-02-08,6.141666667,0.0,13.476324603303624,0.9484907388687134,23.644565544294593,0.8564804315566994,0,1,31.231852296911452,1.1076758712530141,0,0,41.27206501367514,2.00572396159172,0,0,Seoul3
4,2023-02-09,5.141666667,0.0,12.92209166582861,1.0015534162521362,23.644565544294593,0.8564804315566994,0,1,31.231852296911452,1.1076758712530141,0,0,41.27206501367514,2.00572396159172,0,0,Seoul3
4,2023-02-10,5.170833333,23.3,30.335993142656594,1.0293272733688354,23.644565544294593,0.8564804315566994,1,1,31.231852296911452,1.1076758712530141,0,0,41.27206501367514,2.00572396159172,0,0,Seoul3
4,2023-02-11,5.770833333,0.0,16.947013981955635,1.030458927154541,23.644565544294593,0.8564804315566994,0,1,31.231852296911452,1.1076758712530141,0,0,41.27206501367514,2.00572396159172,0,0,Seoul3
4,2023-02-12,6.479166667,0.0,17.97600954223938,1.0021331310272217,23.644565544294593,0.8564804315566994,0,1,31.231852296911452,1.1076758712530141,0,0,41.27206501367514,2.00572396159172,0,0,Seoul3
4,2023-02-13,6.445833333,1.3,15.509594906799888,0.9118873476982117,23.644565544294593,0.8564804315566994,0,1,31.231852296911452,1.1076758712530141,0,0,41.27206501367514,2.00572396159172,0,0,Seoul3
4,2023-02-14,4.25,0.0,12.599750459843198,0.9773833155632019,23.644565544294593,0.8564804315566994,0,1,31.231852296911452,1.1076758712530141,0,0,41.27206501367514,2.00572396159172,0,0,Seoul3
4,2023-02-15,2.1125,0.4,20.508984919988315,0.9796676635742188,23.644565544294593,0.8564804315566994,0,1,31.231852296911452,1.1076758712530141,0,0,41.27206501367514,2.00572396159172,0,0,Seoul3
4,2023-02-16,4.254166667,0.0,9.744404563782357,1.010862112045288,23.644565544294593,0.8564804315566994,0,1,31.231852296911452,1.1076758712530141,0,0,41.27206501367514,2.00572396159172,0,0,Seoul3
4,2023-02-17,5.383333333,0.0,9.327841105890817,1.018185019493103,23.644565544294593,0.8564804315566994,0,1,31.231852296911452,1.1076758712530141,0,0,41.27206501367514,2.00572396159172,0,0,Seoul3
4,2023-02-18,7.183333333,3.0,14.391630981348056,1.0962388515472412,23.644565544294593,0.8564804315566994,0,1,31.231852296911452,1.1076758712530141,0,0,41.27206501367514,2.00572396159172,0,0,Seoul3
4,2023-02-19,8.595833333,0.0,12.428179372284845,1.10295832157135,23.644565544294593,0.8564804315566994,0,1,31.231852296911452,1.1076758712530141,0,0,41.27206501367514,2.00572396159172,0,0,Seoul3
4,2023-02-20,3.083333333,0.0,8.290365777818756,1.0172654390335083,23.644565544294593,0.8564804315566994,0,1,31.231852296911452,1.1076758712530141,0,0,41.27206501367514,2.00572396159172,0,0,Seoul3
4,2023-02-21,0.729166667,0.0,19.64191579849134,1.057010293006897,23.644565544294593,0.8564804315566994,0,1,31.231852296911452,1.1076758712530141,0,0,41.27206501367514,2.00572396159172,0,0,Seoul3
4,2023-02-22,3.866666667,0.0,18.851658509470198,1.1424520015716553,23.644565544294593,0.8564804315566994,0,1,31.231852296911452,1.1076758712530141,0,1,41.27206501367514,2.00572396159172,0,0,Seoul3
4,2023-02-23,8.104166667,0.0,16.825016318772477,1.1563310623168945,23.644565544294593,0.8564804315566994,0,1,31.231852296911452,1.1076758712530141,0,1,41.27206501367514,2.00572396159172,0,0,Seoul3
4,2023-02-24,7.383333333,0.0,11.351142441798542,1.0020549297332764,23.644565544294593,0.8564804315566994,0,1,31.231852296911452,1.1076758712530141,0,0,41.27206501367514,2.00572396159172,0,0,Seoul3
4,2023-02-25,3.225,0.0,9.07596459358862,0.9007352590560913,23.644565544294593,0.8564804315566994,0,1,31.231852296911452,1.1076758712530141,0,0,41.27206501367514,2.00572396159172,0,0,Seoul3
4,2023-02-26,3.979166667,0.0,10.781835732241221,0.783942699432373,23.644565544294593,0.8564804315566994,0,0,31.231852296911452,1.1076758712530141,0,0,41.27206501367514,2.00572396159172,0,0,Seoul3
4,2023-02-27,6.5,0.0,18.873169873597654,0.7666487097740173,23.644565544294593,0.8564804315566994,0,0,31.231852296911452,1.1076758712530141,0,0,41.27206501367514,2.00572396159172,0,0,Seoul3
4,2023-02-28,9.041666667,0.0,15.585467113315032,0.786749541759491,23.644565544294593,0.8564804315566994,0,0,31.231852296911452,1.1076758712530141,0,0,41.27206501367514,2.00572396159172,0,0,Seoul3
4,2023-03-01,9.491666667,0.0,12.939553748854351,0.6825482249259949,23.644565544294593,0.8564804315566994,0,0,31.231852296911452,1.1076758712530141,0,0,41.27206501367514,2.00572396159172,0,0,Seoul3
4,2023-03-02,4.695833333,0.0,16.95825813931305,0.66176837682724,23.644565544294593,0.8564804315566994,0,0,31.231852296911452,1.1076758712530141,0,0,41.27206501367514,2.00572396159172,0,0,Seoul3
4,2023-03-03,6.5125,0.0,14.089599620395083,0.7129184603691101,23.644565544294593,0.8564804315566994,0,0,31.231852296911452,1.1076758712530141,0,0,41.27206501367514,2.00572396159172,0,0,Seoul3
4,2023-03-04,9.070833333,0.0,16.531735178956676,0.7361697554588318,23.644565544294593,0.8564804315566994,0,0,31.231852296911452,1.1076758712530141,0,0,41.27206501367514,2.00572396159172,0,0,Seoul3
4,2023-03-05,8.416666667,0.0,13.56426327445132,0.7762969732284546,23.644565544294593,0.8564804315566994,0,0,31.231852296911452,1.1076758712530141,0,0,41.27206501367514,2.00572396159172,0,0,Seoul3
4,2023-03-06,11.00833333,0.0,13.624463940866846,0.8171005249023438,23.644565544294593,0.8564804315566994,0,0,31.231852296911452,1.1076758712530141,0,0,41.27206501367514,2.00572396159172,0,0,Seoul3
4,2023-03-07,13.375,0.0,20.29171115888986,0.7875630855560303,23.644565544294593,0.8564804315566994,0,0,31.231852296911452,1.1076758712530141,0,0,41.27206501367514,2.00572396159172,0,0,Seoul3
4,2023-03-08,15.07083333,0.0,18.954860201931133,0.8781116604804993,23.644565544294593,0.8564804315566994,0,1,31.231852296911452,1.1076758712530141,0,0,41.27206501367514,2.00572396159172,0,0,Seoul3
4,2023-03-09,15.42083333,0.0,18.636329733618133,0.8485723733901978,23.644565544294593,0.8564804315566994,0,0,31.231852296911452,1.1076758712530141,0,0,41.27206501367514,2.00572396159172,0,0,Seoul3
4,2023-03-10,13.18333333,0.0,11.300960946900247,0.91672682762146,23.644565544294593,0.8564804315566994,0,1,31.231852296911452,1.1076758712530141,0,0,41.27206501367514,2.00572396159172,0,0,Seoul3
4,2023-03-11,15.4125,0.0,17.59435098313548,0.9024030566215515,23.644565544294593,0.8564804315566994,0,1,31.231852296911452,1.1076758712530141,0,0,41.27206501367514,2.00572396159172,0,0,Seoul3
4,2023-03-12,11.29583333,15.9,32.72619681998694,0.9717951416969299,23.644565544294593,0.8564804315566994,1,1,31.231852296911452,1.1076758712530141,1,0,41.27206501367514,2.00572396159172,0,0,Seoul3
4,2023-03-13,4.3625,0.0,14.794752783383847,0.8774874210357666,23.644565544294593,0.8564804315566994,0,1,31.231852296911452,1.1076758712530141,0,0,41.27206501367514,2.00572396159172,0,0,Seoul3
4,2023-03-14,9.841666667,0.0,16.43770563905508,0.8222206830978394,23.644565544294593,0.8564804315566994,0,0,31.231852296911452,1.1076758712530141,0,0,41.27206501367514,2.00572396159172,0,0,Seoul3
4,2023-03-15,13.875,0.0,15.035090523243959,0.7928882241249084,23.644565544294593,0.8564804315566994,0,0,31.231852296911452,1.1076758712530141,0,0,41.27206501367514,2.00572396159172,0,0,Seoul3
4,2023-03-16,11.2625,0.0,10.64788715114038,0.7194114923477173,23.644565544294593,0.8564804315566994,0,0,31.231852296911452,1.1076758712530141,0,0,41.27206501367514,2.00572396159172,0,0,Seoul3
4,2023-03-17,8.591666667,0.0,15.457347149702953,0.7589882016181946,23.644565544294593,0.8564804315566994,0,0,31.231852296911452,1.1076758712530141,0,0,41.27206501367514,2.00572396159172,0,0,Seoul3
4,2023-03-18,9.6125,0.0,10.338234488834772,0.7312658429145813,23.644565544294593,0.8564804315566994,0,0,31.231852296911452,1.1076758712530141,0,0,41.27206501367514,2.00572396159172,0,0,Seoul3
4,2023-03-19,10.225,0.0,14.195095454749579,0.7255417108535767,23.644565544294593,0.8564804315566994,0,0,31.231852296911452,1.1076758712530141,0,0,41.27206501367514,2.00572396159172,0,0,Seoul3
4,2023-03-20,11.77916667,0.0,14.53796092981367,0.7039164304733276,23.644565544294593,0.8564804315566994,0,0,31.231852296911452,1.1076758712530141,0,0,41.27206501367514,2.00572396159172,0,0,Seoul3
4,2023-03-21,14.17916667,0.0,14.892407245026122,0.6828135848045349,23.644565544294593,0.8564804315566994,0,0,31.231852296911452,1.1076758712530141,0,0,41.27206501367514,2.00572396159172,0,0,Seoul3
4,2023-03-22,15.85416667,0.0,12.186480760991408,0.6423470973968506,23.644565544294593,0.8564804315566994,0,0,31.231852296911452,1.1076758712530141,0,0,41.27206501367514,2.00572396159172,0,0,Seoul3
4,2023-03-23,14.2375,52.4,42.18260746905574,0.8504655361175537,23.644565544294593,0.8564804315566994,1,0,31.231852296911452,1.1076758712530141,1,0,41.27206501367514,2.00572396159172,1,0,Seoul3
4,2023-03-24,11.94166667,0.0,19.9406141982154,0.9190166592597961,23.644565544294593,0.8564804315566994,0,1,31.231852296911452,1.1076758712530141,0,0,41.27206501367514,2.00572396159172,0,0,Seoul3
4,2023-03-25,10.0625,0.0,11.359641181660336,0.8811394572257996,23.644565544294593,0.8564804315566994,0,1,31.231852296911452,1.1076758712530141,0,0,41.27206501367514,2.00572396159172,0,0,Seoul3
4,2023-03-26,10.63333333,0.0,16.224330140772878,0.8525487780570984,23.644565544294593,0.8564804315566994,0,0,31.231852296911452,1.1076758712530141,0,0,41.27206501367514,2.00572396159172,0,0,Seoul3
4,2023-03-27,9.754166667,0.0,15.215152040889347,0.856391429901123,23.644565544294593,0.8564804315566994,0,0,31.231852296911452,1.1076758712530141,0,0,41.27206501367514,2.00572396159172,0,0,Seoul3
4,2023-03-28,11.29583333,0.0,23.116093124602457,0.8870618939399719,23.644565544294593,0.8564804315566994,0,1,31.231852296911452,1.1076758712530141,0,0,41.27206501367514,2.00572396159172,0,0,Seoul3
4,2023-03-29,12.0875,0.0,11.379279984802334,0.878911554813385,23.644565544294593,0.8564804315566994,0,1,31.231852296911452,1.1076758712530141,0,0,41.27206501367514,2.00572396159172,0,0,Seoul3
5,2023-03-30,14.22083333,0.0,16.578925495307587,0.7645478248596191,23.885973463832094,0.806170281767845,0,0,31.68839404109806,1.0483825564384461,0,0,43.55110466595892,1.8219145667552947,0,0,Seoul3
5,2023-03-31,16.08333333,0.0,11.690928834691585,0.772896409034729,23.885973463832094,0.806170281767845,0,0,31.68839404109806,1.0483825564384461,0,0,43.55110466595892,1.8219145667552947,0,0,Seoul3
5,2023-04-01,13.55416667,0.0,10.734758445899992,0.8042018413543701,23.885973463832094,0.806170281767845,0,0,31.68839404109806,1.0483825564384461,0,0,43.55110466595892,1.8219145667552947,0,0,Seoul3
5,2023-04-02,13.54166667,0.0,9.071698554022117,0.8583078980445862,23.885973463832094,0.806170281767845,0,1,31.68839404109806,1.0483825564384461,0,0,43.55110466595892,1.8219145667552947,0,0,Seoul3
5,2023-04-03,13.05833333,0.0,11.316187262133377,0.9107217192649841,23.885973463832094,0.806170281767845,0,1,31.68839404109806,1.0483825564384461,0,0,43.55110466595892,1.8219145667552947,0,0,Seoul3
5,2023-04-04,14.14583333,0.3,23.05946842927462,0.9906865358352661,23.885973463832094,0.806170281767845,0,1,31.68839404109806,1.0483825564384461,0,0,43.55110466595892,1.8219145667552947,0,0,Seoul3
5,2023-04-05,14.82916667,22.9,31.373795914962383,1.087685465812683,23.885973463832094,0.806170281767845,1,1,31.68839404109806,1.0483825564384461,0,1,43.55110466595892,1.8219145667552947,0,0,Seoul3
5,2023-04-06,14.96666667,0.0,13.89515341863099,0.8282256722450256,23.885973463832094,0.806170281767845,0,1,31.68839404109806,1.0483825564384461,0,0,43.55110466595892,1.8219145667552947,0,0,Seoul3
5,2023-04-07,12.89583333,7.2,19.39972742969284,0.8663424849510193,23.885973463832094,0.806170281767845,0,1,31.68839404109806,1.0483825564384461,0,0,43.55110466595892,1.8219145667552947,0,0,Seoul3
5,2023-04-08,10.53333333,0.0,13.988477877138195,0.9004631042480469,23.885973463832094,0.806170281767845,0,1,31.68839404109806,1.0483825564384461,0,0,43.55110466595892,1.8219145667552947,0,0,Seoul3
5,2023-04-09,12.96666667,0.0,15.003284421887068,0.8699061870574951,23.885973463832094,0.806170281767845,0,1,31.68839404109806,1.0483825564384461,0,0,43.55110466595892,1.8219145667552947,0,0,Seoul3
5,2023-04-10,14.25,0.0,16.981452420235634,0.832876980304718,23.885973463832094,0.806170281767845,0,1,31.68839404109806,1.0483825564384461,0,0,43.55110466595892,1.8219145667552947,0,0,Seoul3
5,2023-04-11,17.77916667,0.0,20.812682637491825,0.8049662113189697,23.885973463832094,0.806170281767845,0,0,31.68839404109806,1.0483825564384461,0,0,43.55110466595892,1.8219145667552947,0,0,Seoul3
5,2023-04-12,14.525,0.0,11.482295629682204,0.7859722971916199,23.885973463832094,0.806170281767845,0,0,31.68839404109806,1.0483825564384461,0,0,43.55110466595892,1.8219145667552947,0,0,Seoul3
5,2023-04-13,14.6125,0.0,23.596936989067398,0.7343956828117371,23.885973463832094,0.806170281767845,0,0,31.68839404109806,1.0483825564384461,0,0,43.55110466595892,1.8219145667552947,0,0,Seoul3
5,2023-04-14,14.63333333,0.5,11.864989469784613,0.7144635319709778,23.885973463832094,0.806170281767845,0,0,31.68839404109806,1.0483825564384461,0,0,43.55110466595892,1.8219145667552947,0,0,Seoul3
5,2023-04-15,12.2875,5.4,17.267244128721508,0.7705876231193542,23.885973463832094,0.806170281767845,0,0,31.68839404109806,1.0483825564384461,0,0,43.55110466595892,1.8219145667552947,0,0,Seoul3
5,2023-04-16,10.01666667,5.8,20.43501050050541,0.7603599429130554,23.885973463832094,0.806170281767845,0,0,31.68839404109806,1.0483825564384461,0,0,43.55110466595892,1.8219145667552947,0,0,Seoul3
5,2023-04-17,12.35,0.0,15.160715605215495,0.7900189757347107,23.885973463832094,0.806170281767845,0,0,31.68839404109806,1.0483825564384461,0,0,43.55110466595892,1.8219145667552947,0,0,Seoul3
5,2023-04-18,16.07083333,2.4,20.57181089718497,0.755871593952179,23.885973463832094,0.806170281767845,0,0,31.68839404109806,1.0483825564384461,0,0,43.55110466595892,1.8219145667552947,0,0,Seoul3
5,2023-04-19,17.05833333,0.0,15.784505963127096,0.7417839169502258,23.885973463832094,0.806170281767845,0,0,31.68839404109806,1.0483825564384461,0,0,43.55110466595892,1.8219145667552947,0,0,Seoul3
5,2023-04-20,19.34166667,0.0,16.108804964793293,0.667702853679657,23.885973463832094,0.806170281767845,0,0,31.68839404109806,1.0483825564384461,0,0,43.55110466595892,1.8219145667552947,0,0,Seoul3
5,2023-04-21,15.72083333,0.0,10.024377480579505,0.6525870561599731,23.885973463832094,0.806170281767845,0,0,31.68839404109806,1.0483825564384461,0,0,43.55110466595892,1.8219145667552947,0,0,Seoul3
5,2023-04-22,13.0875,0.0,20.93486046477636,0.6689051985740662,23.885973463832094,0.806170281767845,0,0,31.68839404109806,1.0483825564384461,0,0,43.55110466595892,1.8219145667552947,0,0,Seoul3
5,2023-04-23,12.2125,0.0,16.05916915970539,0.6638430953025818,23.885973463832094,0.806170281767845,0,0,31.68839404109806,1.0483825564384461,0,0,43.55110466595892,1.8219145667552947,0,0,Seoul3
5,2023-04-24,12.34583333,0.0,16.238428783898826,0.7345222234725952,23.885973463832094,0.806170281767845,0,0,31.68839404109806,1.0483825564384461,0,0,43.55110466595892,1.8219145667552947,0,0,Seoul3
5,2023-04-25,9.7875,9.7,26.98389563924246,0.7339096069335938,23.885973463832094,0.806170281767845,1,0,31.68839404109806,1.0483825564384461,0,0,43.55110466595892,1.8219145667552947,0,0,Seoul3
5,2023-04-26,13.1625,0.0,13.1416743548941,0.6676255464553833,23.885973463832094,0.806170281767845,0,0,31.68839404109806,1.0483825564384461,0,0,43.55110466595892,1.8219145667552947,0,0,Seoul3
5,2023-04-27,13.70833333,0.0,13.529190196672348,0.6701098084449768,23.885973463832094,0.806170281767845,0,0,31.68839404109806,1.0483825564384461,0,0,43.55110466595892,1.8219145667552947,0,0,Seoul3
5,2023-04-28,16.325,0.0,18.3734594804017,0.7169925570487976,23.885973463832094,0.806170281767845,0,0,31.68839404109806,1.0483825564384461,0,0,43.55110466595892,1.8219145667552947,0,0,Seoul3
5,2023-04-29,17.00416667,3.5,20.89594297781852,0.7308343052864075,23.885973463832094,0.806170281767845,0,0,31.68839404109806,1.0483825564384461,0,0,43.55110466595892,1.8219145667552947,0,0,Seoul3
5,2023-04-30,15.7375,0.0,14.088149462049941,0.7714450359344482,23.885973463832094,0.806170281767845,0,0,31.68839404109806,1.0483825564384461,0,0,43.55110466595892,1.8219145667552947,0,0,Seoul3
5,2023-05-01,16.0625,0.0,14.738860484129477,0.8079706430435181,23.885973463832094,0.806170281767845,0,1,31.68839404109806,1.0483825564384461,0,0,43.55110466595892,1.8219145667552947,0,0,Seoul3
5,2023-05-02,15.3375,0.0,15.174401538959327,0.7931095957756042,23.885973463832094,0.806170281767845,0,0,31.68839404109806,1.0483825564384461,0,0,43.55110466595892,1.8219145667552947,0,0,Seoul3
5,2023-05-03,16.76666667,0.0,13.994036604445656,0.7336484789848328,23.885973463832094,0.806170281767845,0,0,31.68839404109806,1.0483825564384461,0,0,43.55110466595892,1.8219145667552947,0,0,Seoul3
5,2023-05-04,18.07083333,1.0,15.881122193706284,0.7678007483482361,23.885973463832094,0.806170281767845,0,0,31.68839404109806,1.0483825564384461,0,0,43.55110466595892,1.8219145667552947,0,0,Seoul3
5,2023-05-05,17.9625,37.0,40.93558651200077,0.8010322451591492,23.885973463832094,0.806170281767845,1,0,31.68839404109806,1.0483825564384461,1,0,43.55110466595892,1.8219145667552947,0,0,Seoul3
5,2023-05-06,13.71666667,63.6,49.838797379841225,0.9410309791564941,23.885973463832094,0.806170281767845,1,1,31.68839404109806,1.0483825564384461,1,0,43.55110466595892,1.8219145667552947,1,0,Seoul3
5,2023-05-07,11.74583333,3.2,11.918841331350313,0.9650583863258362,23.885973463832094,0.806170281767845,0,1,31.68839404109806,1.0483825564384461,0,0,43.55110466595892,1.8219145667552947,0,0,Seoul3
5,2023-05-08,13.47916667,0.0,8.951807925590582,0.9230238795280457,23.885973463832094,0.806170281767845,0,1,31.68839404109806,1.0483825564384461,0,0,43.55110466595892,1.8219145667552947,0,0,Seoul3
5,2023-05-09,15.94166667,0.0,18.930752919789125,0.94692462682724,23.885973463832094,0.806170281767845,0,1,31.68839404109806,1.0483825564384461,0,0,43.55110466595892,1.8219145667552947,0,0,Seoul3
5,2023-05-10,18.25833333,0.0,10.84473921349081,0.9327408075332642,23.885973463832094,0.806170281767845,0,1,31.68839404109806,1.0483825564384461,0,0,43.55110466595892,1.8219145667552947,0,0,Seoul3
5,2023-05-11,15.59166667,0.0,7.403224437938599,0.9227697253227234,23.885973463832094,0.806170281767845,0,1,31.68839404109806,1.0483825564384461,0,0,43.55110466595892,1.8219145667552947,0,0,Seoul3
5,2023-05-12,17.0,0.0,11.302926120405537,0.9442971348762512,23.885973463832094,0.806170281767845,0,1,31.68839404109806,1.0483825564384461,0,0,43.55110466595892,1.8219145667552947,0,0,Seoul3
5,2023-05-13,14.93333333,2.7,10.856211032004055,0.8765523433685303,23.885973463832094,0.806170281767845,0,1,31.68839404109806,1.0483825564384461,0,0,43.55110466595892,1.8219145667552947,0,0,Seoul3
5,2023-05-14,17.27083333,0.0,8.793923067536316,0.9070580005645752,23.885973463832094,0.806170281767845,0,1,31.68839404109806,1.0483825564384461,0,0,43.55110466595892,1.8219145667552947,0,0,Seoul3
5,2023-05-15,19.31666667,0.0,7.741085901563853,0.8955965638160706,23.885973463832094,0.806170281767845,0,1,31.68839404109806,1.0483825564384461,0,0,43.55110466595892,1.8219145667552947,0,0,Seoul3
5,2023-05-16,22.26666667,0.0,10.196985827028767,0.8905579447746277,23.885973463832094,0.806170281767845,0,1,31.68839404109806,1.0483825564384461,0,0,43.55110466595892,1.8219145667552947,0,0,Seoul3
5,2023-05-17,23.68333333,0.0,12.430386742241975,1.0011152029037476,23.885973463832094,0.806170281767845,0,1,31.68839404109806,1.0483825564384461,0,0,43.55110466595892,1.8219145667552947,0,0,Seoul3
5,2023-05-18,18.05,11.7,19.1953310259462,1.047384262084961,23.885973463832094,0.806170281767845,0,1,31.68839404109806,1.0483825564384461,0,0,43.55110466595892,1.8219145667552947,0,0,Seoul3
5,2023-05-19,16.7625,13.2,17.28092520823925,0.8922740817070007,23.885973463832094,0.806170281767845,0,1,31.68839404109806,1.0483825564384461,0,0,43.55110466595892,1.8219145667552947,0,0,Seoul3
5,2023-05-20,17.72083333,0.0,9.025431950405823,0.5760880708694458,23.885973463832094,0.806170281767845,0,0,31.68839404109806,1.0483825564384461,0,0,43.55110466595892,1.8219145667552947,0,0,Seoul3
5,2023-05-21,21.1375,0.0,10.6910869613537,0.5841876864433289,23.885973463832094,0.806170281767845,0,0,31.68839404109806,1.0483825564384461,0,0,43.55110466595892,1.8219145667552947,0,0,Seoul3
5,2023-05-22,17.075,0.0,10.161528487436946,0.6380804181098938,23.885973463832094,0.806170281767845,0,0,31.68839404109806,1.0483825564384461,0,0,43.55110466595892,1.8219145667552947,0,0,Seoul3
5,2023-05-23,17.25416667,0.0,9.072739622713513,0.6531107425689697,23.885973463832094,0.806170281767845,0,0,31.68839404109806,1.0483825564384461,0,0,43.55110466595892,1.8219145667552947,0,0,Seoul3
5,2023-05-24,17.17916667,0.0,9.742819510345615,0.570468008518219,23.885973463832094,0.806170281767845,0,0,31.68839404109806,1.0483825564384461,0,0,43.55110466595892,1.8219145667552947,0,0,Seoul3
5,2023-05-25,17.8,0.0,7.892155118581101,0.6754155158996582,23.885973463832094,0.806170281767845,0,0,31.68839404109806,1.0483825564384461,0,0,43.55110466595892,1.8219145667552947,0,0,Seoul3
5,2023-05-26,19.7625,0.0,7.533739529695246,0.5981386303901672,23.885973463832094,0.806170281767845,0,0,31.68839404109806,1.0483825564384461,0,0,43.55110466595892,1.8219145667552947,0,0,Seoul3
5,2023-05-27,21.74583333,0.0,6.9136320046141355,0.5724100470542908,23.885973463832094,0.806170281767845,0,0,31.68839404109806,1.0483825564384461,0,0,43.55110466595892,1.8219145667552947,0,0,Seoul3
5,2023-05-28,21.59583333,2.4,9.785416189693098,0.5240768790245056,23.885973463832094,0.806170281767845,0,0,31.68839404109806,1.0483825564384461,0,0,43.55110466595892,1.8219145667552947,0,0,Seoul3
5,2023-05-29,20.25,59.0,74.70636030096712,0.683049738407135,23.885973463832094,0.806170281767845,1,0,31.68839404109806,1.0483825564384461,1,0,43.55110466595892,1.8219145667552947,1,0,Seoul3
5,2023-05-30,18.24583333,1.4,8.747703665018443,0.7000628709793091,23.885973463832094,0.806170281767845,0,0,31.68839404109806,1.0483825564384461,0,0,43.55110466595892,1.8219145667552947,0,0,Seoul3
5,2023-05-31,18.5375,0.0,10.423082953182805,0.6403031349182129,23.885973463832094,0.806170281767845,0,0,31.68839404109806,1.0483825564384461,0,0,43.55110466595892,1.8219145667552947,0,0,Seoul3
5,2023-06-01,16.1625,18.0,21.815446495467217,0.7386278510093689,23.885973463832094,0.806170281767845,0,0,31.68839404109806,1.0483825564384461,0,0,43.55110466595892,1.8219145667552947,0,0,Seoul3
5,2023-06-02,21.75,12.0,20.100985483968504,0.7653496265411377,23.885973463832094,0.806170281767845,0,0,31.68839404109806,1.0483825564384461,0,0,43.55110466595892,1.8219145667552947,0,0,Seoul3
5,2023-06-03,20.52083333,0.0,8.103304294439162,0.6952955722808838,23.885973463832094,0.806170281767845,0,0,31.68839404109806,1.0483825564384461,0,0,43.55110466595892,1.8219145667552947,0,0,Seoul3
5,2023-06-04,22.225,0.0,9.806233237914192,0.5699544548988342,23.885973463832094,0.806170281767845,0,0,31.68839404109806,1.0483825564384461,0,0,43.55110466595892,1.8219145667552947,0,0,Seoul3
5,2023-06-05,22.9125,0.0,8.018905583533758,0.5864599943161011,23.885973463832094,0.806170281767845,0,0,31.68839404109806,1.0483825564384461,0,0,43.55110466595892,1.8219145667552947,0,0,Seoul3
5,2023-06-06,20.9,0.0,7.7362179995014655,0.6091448664665222,23.885973463832094,0.806170281767845,0,0,31.68839404109806,1.0483825564384461,0,0,43.55110466595892,1.8219145667552947,0,0,Seoul3
5,2023-06-07,22.44166667,0.0,10.666293049245681,0.647556722164154,23.885973463832094,0.806170281767845,0,0,31.68839404109806,1.0483825564384461,0,0,43.55110466595892,1.8219145667552947,0,0,Seoul3
5,2023-06-08,21.49583333,0.0,9.69948253329164,0.7312028408050537,23.885973463832094,0.806170281767845,0,0,31.68839404109806,1.0483825564384461,0,0,43.55110466595892,1.8219145667552947,0,0,Seoul3
5,2023-06-09,21.80416667,0.0,16.167299475029438,0.7914120554924011,23.885973463832094,0.806170281767845,0,0,31.68839404109806,1.0483825564384461,0,0,43.55110466595892,1.8219145667552947,0,0,Seoul3
5,2023-06-10,22.1125,0.0,10.910659808821073,0.7464981079101562,23.885973463832094,0.806170281767845,0,0,31.68839404109806,1.0483825564384461,0,0,43.55110466595892,1.8219145667552947,0,0,Seoul3
5,2023-06-11,21.975,0.0,9.160822995564605,0.725294291973114,23.885973463832094,0.806170281767845,0,0,31.68839404109806,1.0483825564384461,0,0,43.55110466595892,1.8219145667552947,0,0,Seoul3
5,2023-06-12,21.66666667,0.1,11.008344328993763,0.559109628200531,23.885973463832094,0.806170281767845,0,0,31.68839404109806,1.0483825564384461,0,0,43.55110466595892,1.8219145667552947,0,0,Seoul3
5,2023-06-13,22.34583333,0.0,7.688973170786167,0.5529683232307434,23.885973463832094,0.806170281767845,0,0,31.68839404109806,1.0483825564384461,0,0,43.55110466595892,1.8219145667552947,0,0,Seoul3
5,2023-06-14,20.7375,3.6,17.037554812596472,0.5514234304428101,23.885973463832094,0.806170281767845,0,0,31.68839404109806,1.0483825564384461,0,0,43.55110466595892,1.8219145667552947,0,0,Seoul3
5,2023-06-15,19.42083333,2.4,15.66411218935373,0.5512992143630981,23.885973463832094,0.806170281767845,0,0,31.68839404109806,1.0483825564384461,0,0,43.55110466595892,1.8219145667552947,0,0,Seoul3
5,2023-06-16,23.20416667,0.0,11.783041901969519,0.5042563080787659,23.885973463832094,0.806170281767845,0,0,31.68839404109806,1.0483825564384461,0,0,43.55110466595892,1.8219145667552947,0,0,Seoul3
5,2023-06-17,25.10833333,0.0,9.48617976593249,0.4984668791294098,23.885973463832094,0.806170281767845,0,0,31.68839404109806,1.0483825564384461,0,0,43.55110466595892,1.8219145667552947,0,0,Seoul3
5,2023-06-18,25.70416667,0.0,9.102814401157623,0.5004875063896179,23.885973463832094,0.806170281767845,0,0,31.68839404109806,1.0483825564384461,0,0,43.55110466595892,1.8219145667552947,0,0,Seoul3
5,2023-06-19,23.09166667,0.0,9.972654297925695,0.5331849455833435,23.885973463832094,0.806170281767845,0,0,31.68839404109806,1.0483825564384461,0,0,43.55110466595892,1.8219145667552947,0,0,Seoul3
5,2023-06-20,21.37916667,0.0,9.248585437626248,0.5602102875709534,23.885973463832094,0.806170281767845,0,0,31.68839404109806,1.0483825564384461,0,0,43.55110466595892,1.8219145667552947,0,0,Seoul3
5,2023-06-21,20.8125,14.5,19.722023803181916,0.670578122138977,23.885973463832094,0.806170281767845,0,0,31.68839404109806,1.0483825564384461,0,0,43.55110466595892,1.8219145667552947,0,0,Seoul3
5,2023-06-22,22.36666667,0.0,7.848876693372411,0.6951515674591064,23.885973463832094,0.806170281767845,0,0,31.68839404109806,1.0483825564384461,0,0,43.55110466595892,1.8219145667552947,0,0,Seoul3
5,2023-06-23,22.49166667,0.0,11.748642945948815,0.7120591402053833,23.885973463832094,0.806170281767845,0,0,31.68839404109806,1.0483825564384461,0,0,43.55110466595892,1.8219145667552947,0,0,Seoul3
5,2023-06-24,21.35,0.0,8.598903551185757,0.7361184358596802,23.885973463832094,0.806170281767845,0,0,31.68839404109806,1.0483825564384461,0,0,43.55110466595892,1.8219145667552947,0,0,Seoul3
5,2023-06-25,22.05,15.0,18.150994284944584,0.8090716004371643,23.885973463832094,0.806170281767845,0,1,31.68839404109806,1.0483825564384461,0,0,43.55110466595892,1.8219145667552947,0,0,Seoul3
5,2023-06-26,23.61666667,23.6,28.518618011465687,0.9053483605384827,23.885973463832094,0.806170281767845,1,1,31.68839404109806,1.0483825564384461,0,0,43.55110466595892,1.8219145667552947,0,0,Seoul3
5,2023-06-27,26.675,3.0,13.40085243522407,0.8787022829055786,23.885973463832094,0.806170281767845,0,1,31.68839404109806,1.0483825564384461,0,0,43.55110466595892,1.8219145667552947,0,0,Seoul3
6,2023-06-28,23.36666667,18.3,26.18245875666013,0.4158655107021332,23.079242461490804,0.7255014151334761,1,0,31.17093479771753,1.0313932090997697,0,0,43.26947201454254,2.0024524641037,0,0,Seoul3
6,2023-06-29,25.35833333,13.6,23.156301146684537,0.43876194953918457,23.079242461490804,0.7255014151334761,1,0,31.17093479771753,1.0313932090997697,0,0,43.26947201454254,2.0024524641037,0,0,Seoul3
6,2023-06-30,23.325,17.3,26.80544864564379,0.6120447516441345,23.079242461490804,0.7255014151334761,1,0,31.17093479771753,1.0313932090997697,0,0,43.26947201454254,2.0024524641037,0,0,Seoul3
6,2023-07-01,23.1125,0.0,9.055663926842264,0.7177278995513916,23.079242461490804,0.7255014151334761,0,0,31.17093479771753,1.0313932090997697,0,0,43.26947201454254,2.0024524641037,0,0,Seoul3
6,2023-07-02,25.41666667,0.0,10.73947411873914,0.8085129261016846,23.079242461490804,0.7255014151334761,0,1,31.17093479771753,1.0313932090997697,0,0,43.26947201454254,2.0024524641037,0,0,Seoul3
6,2023-07-03,24.77916667,0.0,8.100403648279428,0.8798544406890869,23.079242461490804,0.7255014151334761,0,1,31.17093479771753,1.0313932090997697,0,0,43.26947201454254,2.0024524641037,0,0,Seoul3
6,2023-07-04,24.025,0.3,8.326823937894602,0.8572978973388672,23.079242461490804,0.7255014151334761,0,1,31.17093479771753,1.0313932090997697,0,0,43.26947201454254,2.0024524641037,0,0,Seoul3
6,2023-07-05,27.28333333,14.3,19.345937808255993,0.8229914903640747,23.079242461490804,0.7255014151334761,0,1,31.17093479771753,1.0313932090997697,0,0,43.26947201454254,2.0024524641037,0,0,Seoul3
6,2023-07-06,26.84583333,0.0,15.473190055924533,0.9181478023529053,23.079242461490804,0.7255014151334761,0,1,31.17093479771753,1.0313932090997697,0,0,43.26947201454254,2.0024524641037,0,0,Seoul3
6,2023-07-07,21.95,43.6,26.99952859077583,0.9312816858291626,23.079242461490804,0.7255014151334761,1,1,31.17093479771753,1.0313932090997697,0,0,43.26947201454254,2.0024524641037,0,0,Seoul3
6,2023-07-08,21.55833333,5.9,11.406115759752751,0.911798894405365,23.079242461490804,0.7255014151334761,0,1,31.17093479771753,1.0313932090997697,0,0,43.26947201454254,2.0024524641037,0,0,Seoul3
6,2023-07-09,24.44166667,0.0,6.850216867839003,0.9917749762535095,23.079242461490804,0.7255014151334761,0,1,31.17093479771753,1.0313932090997697,0,0,43.26947201454254,2.0024524641037,0,0,Seoul3
6,2023-07-10,26.3625,0.0,6.772141265270093,0.8907361030578613,23.079242461490804,0.7255014151334761,0,1,31.17093479771753,1.0313932090997697,0,0,43.26947201454254,2.0024524641037,0,0,Seoul3
6,2023-07-11,24.43333333,24.9,18.928702910990747,0.9792765378952026,23.079242461490804,0.7255014151334761,0,1,31.17093479771753,1.0313932090997697,0,0,43.26947201454254,2.0024524641037,0,0,Seoul3
6,2023-07-12,26.3,2.7,9.636452466726372,0.9128588438034058,23.079242461490804,0.7255014151334761,0,1,31.17093479771753,1.0313932090997697,0,0,43.26947201454254,2.0024524641037,0,0,Seoul3
6,2023-07-13,25.7875,1.2,8.680268268542154,0.8704015612602234,23.079242461490804,0.7255014151334761,0,1,31.17093479771753,1.0313932090997697,0,0,43.26947201454254,2.0024524641037,0,0,Seoul3
6,2023-07-14,25.94166667,13.6,14.211667464792965,0.7123146653175354,23.079242461490804,0.7255014151334761,0,0,31.17093479771753,1.0313932090997697,0,0,43.26947201454254,2.0024524641037,0,0,Seoul3
6,2023-07-15,27.3875,1.6,11.172960180968886,0.6770085692405701,23.079242461490804,0.7255014151334761,0,0,31.17093479771753,1.0313932090997697,0,0,43.26947201454254,2.0024524641037,0,0,Seoul3
6,2023-07-16,24.21666667,53.1,34.476952906285646,0.7678847908973694,23.079242461490804,0.7255014151334761,1,1,31.17093479771753,1.0313932090997697,1,0,43.26947201454254,2.0024524641037,0,0,Seoul3
6,2023-07-17,27.02083333,14.0,22.334840977524813,0.7924299836158752,23.079242461490804,0.7255014151334761,0,1,31.17093479771753,1.0313932090997697,0,0,43.26947201454254,2.0024524641037,0,0,Seoul3
6,2023-07-18,24.68333333,85.2,50.12069905488917,1.0440216064453125,23.079242461490804,0.7255014151334761,1,1,31.17093479771753,1.0313932090997697,1,1,43.26947201454254,2.0024524641037,1,0,Seoul3
6,2023-07-19,23.7375,1.5,13.127398463433389,1.064532995223999,23.079242461490804,0.7255014151334761,0,1,31.17093479771753,1.0313932090997697,0,1,43.26947201454254,2.0024524641037,0,0,Seoul3
6,2023-07-20,24.4,0.0,8.299534778224817,1.0059927701950073,23.079242461490804,0.7255014151334761,0,1,31.17093479771753,1.0313932090997697,0,0,43.26947201454254,2.0024524641037,0,0,Seoul3
6,2023-07-21,24.44583333,0.0,8.274050319576837,0.8748257756233215,23.079242461490804,0.7255014151334761,0,1,31.17093479771753,1.0313932090997697,0,0,43.26947201454254,2.0024524641037,0,0,Seoul3
6,2023-07-22,24.4375,0.0,9.068415863779869,0.8917386531829834,23.079242461490804,0.7255014151334761,0,1,31.17093479771753,1.0313932090997697,0,0,43.26947201454254,2.0024524641037,0,0,Seoul3
6,2023-07-23,26.85,0.0,10.693108704604109,0.9497758150100708,23.079242461490804,0.7255014151334761,0,1,31.17093479771753,1.0313932090997697,0,0,43.26947201454254,2.0024524641037,0,0,Seoul3
6,2023-07-24,26.88333333,2.7,17.206761681505576,1.1142234802246094,23.079242461490804,0.7255014151334761,0,1,31.17093479771753,1.0313932090997697,0,1,43.26947201454254,2.0024524641037,0,0,Seoul3
6,2023-07-25,27.3375,0.0,9.760455497088449,1.1521791219711304,23.079242461490804,0.7255014151334761,0,1,31.17093479771753,1.0313932090997697,0,1,43.26947201454254,2.0024524641037,0,0,Seoul3
6,2023-07-26,27.2625,2.3,14.484274823712232,1.344613790512085,23.079242461490804,0.7255014151334761,0,1,31.17093479771753,1.0313932090997697,0,1,43.26947201454254,2.0024524641037,0,0,Seoul3
6,2023-07-27,27.94166667,0.0,10.552024067792532,1.4459539651870728,23.079242461490804,0.7255014151334761,0,1,31.17093479771753,1.0313932090997697,0,1,43.26947201454254,2.0024524641037,0,0,Seoul3
6,2023-07-28,28.72916667,0.0,11.26922536016793,1.566713571548462,23.079242461490804,0.7255014151334761,0,1,31.17093479771753,1.0313932090997697,0,1,43.26947201454254,2.0024524641037,0,0,Seoul3
6,2023-07-29,28.60416667,0.0,14.078554400573374,1.6536825895309448,23.079242461490804,0.7255014151334761,0,1,31.17093479771753,1.0313932090997697,0,1,43.26947201454254,2.0024524641037,0,0,Seoul3
6,2023-07-30,28.39583333,0.0,11.295076519955716,1.4786186218261719,23.079242461490804,0.7255014151334761,0,1,31.17093479771753,1.0313932090997697,0,1,43.26947201454254,2.0024524641037,0,0,Seoul3
6,2023-07-31,28.09583333,0.0,19.99376252486893,1.342286229133606,23.079242461490804,0.7255014151334761,0,1,31.17093479771753,1.0313932090997697,0,1,43.26947201454254,2.0024524641037,0,0,Seoul3
6,2023-08-01,28.25,0.0,20.037845769617253,0.6307461857795715,23.079242461490804,0.7255014151334761,0,0,31.17093479771753,1.0313932090997697,0,0,43.26947201454254,2.0024524641037,0,0,Seoul3
6,2023-08-02,28.25833333,0.0,17.054698000503684,0.6537684798240662,23.079242461490804,0.7255014151334761,0,0,31.17093479771753,1.0313932090997697,0,0,43.26947201454254,2.0024524641037,0,0,Seoul3
6,2023-08-03,29.04166667,0.0,16.97880052516794,0.7265220284461975,23.079242461490804,0.7255014151334761,0,1,31.17093479771753,1.0313932090997697,0,0,43.26947201454254,2.0024524641037,0,0,Seoul3
6,2023-08-04,28.85416667,0.0,14.048130616406853,0.7772043943405151,23.079242461490804,0.7255014151334761,0,1,31.17093479771753,1.0313932090997697,0,0,43.26947201454254,2.0024524641037,0,0,Seoul3
6,2023-08-05,29.12916667,0.0,19.776548993315952,0.8470955491065979,23.079242461490804,0.7255014151334761,0,1,31.17093479771753,1.0313932090997697,0,0,43.26947201454254,2.0024524641037,0,0,Seoul3
6,2023-08-06,29.14583333,0.0,15.255238055978117,0.9018035531044006,23.079242461490804,0.7255014151334761,0,1,31.17093479771753,1.0313932090997697,0,0,43.26947201454254,2.0024524641037,0,0,Seoul3
6,2023-08-07,27.70833333,0.0,20.26722282868441,0.9035722017288208,23.079242461490804,0.7255014151334761,0,1,31.17093479771753,1.0313932090997697,0,0,43.26947201454254,2.0024524641037,0,0,Seoul3
6,2023-08-08,26.31666667,0.0,18.4782103113374,0.9196516275405884,23.079242461490804,0.7255014151334761,0,1,31.17093479771753,1.0313932090997697,0,0,43.26947201454254,2.0024524641037,0,0,Seoul3
6,2023-08-09,24.05416667,31.1,28.211808050399984,0.891553521156311,23.079242461490804,0.7255014151334761,1,1,31.17093479771753,1.0313932090997697,0,0,43.26947201454254,2.0024524641037,0,0,Seoul3
6,2023-08-10,25.01666667,151.9,63.88229558782169,1.8924567699432373,23.079242461490804,0.7255014151334761,1,1,31.17093479771753,1.0313932090997697,1,1,43.26947201454254,2.0024524641037,1,0,Seoul3
6,2023-08-11,26.77083333,0.0,13.266735468321153,1.9991142749786377,23.079242461490804,0.7255014151334761,0,1,31.17093479771753,1.0313932090997697,0,1,43.26947201454254,2.0024524641037,0,0,Seoul3
6,2023-08-12,26.09583333,0.0,12.644940880669264,2.006863832473755,23.079242461490804,0.7255014151334761,0,1,31.17093479771753,1.0313932090997697,0,1,43.26947201454254,2.0024524641037,0,1,Seoul3
6,2023-08-13,25.54166667,0.0,9.921680261435274,1.988067388534546,23.079242461490804,0.7255014151334761,0,1,31.17093479771753,1.0313932090997697,0,1,43.26947201454254,2.0024524641037,0,0,Seoul3
6,2023-08-14,26.075,0.0,9.97967658087237,1.9817991256713867,23.079242461490804,0.7255014151334761,0,1,31.17093479771753,1.0313932090997697,0,1,43.26947201454254,2.0024524641037,0,0,Seoul3
6,2023-08-15,25.61666667,0.0,12.938802216269435,1.9635077714920044,23.079242461490804,0.7255014151334761,0,1,31.17093479771753,1.0313932090997697,0,1,43.26947201454254,2.0024524641037,0,0,Seoul3
6,2023-08-16,24.89166667,0.0,13.062960347785761,1.9489258527755737,23.079242461490804,0.7255014151334761,0,1,31.17093479771753,1.0313932090997697,0,1,43.26947201454254,2.0024524641037,0,0,Seoul3
6,2023-08-17,24.6125,0.0,16.494576250677177,1.9422333240509033,23.079242461490804,0.7255014151334761,0,1,31.17093479771753,1.0313932090997697,0,1,43.26947201454254,2.0024524641037,0,0,Seoul3
6,2023-08-18,24.54583333,24.3,29.467713407263318,2.016603708267212,23.079242461490804,0.7255014151334761,1,1,31.17093479771753,1.0313932090997697,0,1,43.26947201454254,2.0024524641037,0,1,Seoul3
6,2023-08-19,25.87916667,46.0,42.04326354894052,2.1525959968566895,23.079242461490804,0.7255014151334761,1,1,31.17093479771753,1.0313932090997697,1,1,43.26947201454254,2.0024524641037,0,1,Seoul3
6,2023-08-20,27.24166667,1.8,16.55535369697008,2.2648510932922363,23.079242461490804,0.7255014151334761,0,1,31.17093479771753,1.0313932090997697,0,1,43.26947201454254,2.0024524641037,0,1,Seoul3
6,2023-08-21,27.9,0.0,12.218442336882655,2.3579318523406982,23.079242461490804,0.7255014151334761,0,1,31.17093479771753,1.0313932090997697,0,1,43.26947201454254,2.0024524641037,0,1,Seoul3
6,2023-08-22,28.15833333,0.0,21.10324981276648,2.5028741359710693,23.079242461490804,0.7255014151334761,0,1,31.17093479771753,1.0313932090997697,0,1,43.26947201454254,2.0024524641037,0,1,Seoul3
6,2023-08-23,27.80416667,0.1,15.071714529119618,2.4997246265411377,23.079242461490804,0.7255014151334761,0,1,31.17093479771753,1.0313932090997697,0,1,43.26947201454254,2.0024524641037,0,1,Seoul3
6,2023-08-24,25.175,105.2,48.853995089015456,1.6900651454925537,23.079242461490804,0.7255014151334761,1,1,31.17093479771753,1.0313932090997697,1,1,43.26947201454254,2.0024524641037,1,0,Seoul3
6,2023-08-25,26.04583333,5.3,20.322943530126395,1.760751485824585,23.079242461490804,0.7255014151334761,0,1,31.17093479771753,1.0313932090997697,0,1,43.26947201454254,2.0024524641037,0,0,Seoul3
6,2023-08-26,25.93333333,0.0,9.040674437614488,1.7197099924087524,23.079242461490804,0.7255014151334761,0,1,31.17093479771753,1.0313932090997697,0,1,43.26947201454254,2.0024524641037,0,0,Seoul3
6,2023-08-27,25.325,0.0,8.853878979563781,1.7133212089538574,23.079242461490804,0.7255014151334761,0,1,31.17093479771753,1.0313932090997697,0,1,43.26947201454254,2.0024524641037,0,0,Seoul3
6,2023-08-28,25.07083333,0.7,11.183710744141832,1.6736527681350708,23.079242461490804,0.7255014151334761,0,1,31.17093479771753,1.0313932090997697,0,1,43.26947201454254,2.0024524641037,0,0,Seoul3
6,2023-08-29,26.2625,0.2,16.621129666769487,1.6863094568252563,23.079242461490804,0.7255014151334761,0,1,31.17093479771753,1.0313932090997697,0,1,43.26947201454254,2.0024524641037,0,0,Seoul3
6,2023-08-30,26.53333333,0.0,13.878969124807178,1.671043872833252,23.079242461490804,0.7255014151334761,0,1,31.17093479771753,1.0313932090997697,0,1,43.26947201454254,2.0024524641037,0,0,Seoul3
6,2023-08-31,25.4875,35.8,31.874686142422696,1.6724848747253418,23.079242461490804,0.7255014151334761,1,1,31.17093479771753,1.0313932090997697,1,1,43.26947201454254,2.0024524641037,0,0,Seoul3
6,2023-09-01,23.40416667,17.3,21.224436000508142,1.5931427478790283,23.079242461490804,0.7255014151334761,0,1,31.17093479771753,1.0313932090997697,0,1,43.26947201454254,2.0024524641037,0,0,Seoul3
6,2023-09-02,23.84166667,6.5,18.0154932398248,1.4395514726638794,23.079242461490804,0.7255014151334761,0,1,31.17093479771753,1.0313932090997697,0,1,43.26947201454254,2.0024524641037,0,0,Seoul3
6,2023-09-03,24.90833333,0.0,13.508025099758953,1.5091221332550049,23.079242461490804,0.7255014151334761,0,1,31.17093479771753,1.0313932090997697,0,1,43.26947201454254,2.0024524641037,0,0,Seoul3
6,2023-09-04,25.20833333,2.1,20.78327599501287,1.645484209060669,23.079242461490804,0.7255014151334761,0,1,31.17093479771753,1.0313932090997697,0,1,43.26947201454254,2.0024524641037,0,0,Seoul3
6,2023-09-05,25.15,0.0,14.119162843571669,1.7061764001846313,23.079242461490804,0.7255014151334761,0,1,31.17093479771753,1.0313932090997697,0,1,43.26947201454254,2.0024524641037,0,0,Seoul3
6,2023-09-06,24.675,0.0,14.338263405133361,1.795772910118103,23.079242461490804,0.7255014151334761,0,1,31.17093479771753,1.0313932090997697,0,1,43.26947201454254,2.0024524641037,0,0,Seoul3
6,2023-09-07,23.62083333,0.0,11.545546012525088,0.9961024522781372,23.079242461490804,0.7255014151334761,0,1,31.17093479771753,1.0313932090997697,0,0,43.26947201454254,2.0024524641037,0,0,Seoul3
6,2023-09-08,23.05833333,0.0,12.91084025776209,1.0318889617919922,23.079242461490804,0.7255014151334761,0,1,31.17093479771753,1.0313932090997697,0,1,43.26947201454254,2.0024524641037,0,0,Seoul3
6,2023-09-09,21.9125,0.0,12.904663913389236,1.0831788778305054,23.079242461490804,0.7255014151334761,0,1,31.17093479771753,1.0313932090997697,0,1,43.26947201454254,2.0024524641037,0,0,Seoul3
6,2023-09-10,22.49583333,0.0,14.703574832076471,1.1824820041656494,23.079242461490804,0.7255014151334761,0,1,31.17093479771753,1.0313932090997697,0,1,43.26947201454254,2.0024524641037,0,0,Seoul3
6,2023-09-11,23.87083333,0.0,11.487200749807398,1.219316840171814,23.079242461490804,0.7255014151334761,0,1,31.17093479771753,1.0313932090997697,0,1,43.26947201454254,2.0024524641037,0,0,Seoul3
6,2023-09-12,25.02916667,0.0,12.603097254827993,1.1023427248001099,23.079242461490804,0.7255014151334761,0,1,31.17093479771753,1.0313932090997697,0,1,43.26947201454254,2.0024524641037,0,0,Seoul3
6,2023-09-13,24.0875,43.0,39.34264999925812,1.328887939453125,23.079242461490804,0.7255014151334761,1,1,31.17093479771753,1.0313932090997697,1,1,43.26947201454254,2.0024524641037,0,0,Seoul3
6,2023-09-14,22.25833333,17.9,23.17634768313276,1.315533995628357,23.079242461490804,0.7255014151334761,1,1,31.17093479771753,1.0313932090997697,0,1,43.26947201454254,2.0024524641037,0,0,Seoul3
6,2023-09-15,23.29583333,3.9,21.820702597222137,1.2879834175109863,23.079242461490804,0.7255014151334761,0,1,31.17093479771753,1.0313932090997697,0,1,43.26947201454254,2.0024524641037,0,0,Seoul3
6,2023-09-16,22.99166667,19.6,23.268783850696394,1.249216914176941,23.079242461490804,0.7255014151334761,1,1,31.17093479771753,1.0313932090997697,0,1,43.26947201454254,2.0024524641037,0,0,Seoul3
6,2023-09-17,23.425,61.9,49.10822786285462,1.9160834550857544,23.079242461490804,0.7255014151334761,1,1,31.17093479771753,1.0313932090997697,1,1,43.26947201454254,2.0024524641037,1,0,Seoul3
6,2023-09-18,24.78333333,0.8,15.758288192476176,1.9252574443817139,23.079242461490804,0.7255014151334761,0,1,31.17093479771753,1.0313932090997697,0,1,43.26947201454254,2.0024524641037,0,0,Seoul3
6,2023-09-19,24.79583333,0.0,16.862404911424193,1.9495291709899902,23.079242461490804,0.7255014151334761,0,1,31.17093479771753,1.0313932090997697,0,1,43.26947201454254,2.0024524641037,0,0,Seoul3
6,2023-09-20,22.20833333,32.5,44.372252432583906,1.941729187965393,23.079242461490804,0.7255014151334761,1,1,31.17093479771753,1.0313932090997697,1,1,43.26947201454254,2.0024524641037,1,0,Seoul3
6,2023-09-21,19.9125,66.4,41.364926586769435,2.064889669418335,23.079242461490804,0.7255014151334761,1,1,31.17093479771753,1.0313932090997697,1,1,43.26947201454254,2.0024524641037,0,1,Seoul3
6,2023-09-22,20.04166667,0.0,10.14650924139066,2.114863634109497,23.079242461490804,0.7255014151334761,0,1,31.17093479771753,1.0313932090997697,0,1,43.26947201454254,2.0024524641037,0,1,Seoul3
6,2023-09-23,20.17083333,0.0,9.591527884211139,2.030168056488037,23.079242461490804,0.7255014151334761,0,1,31.17093479771753,1.0313932090997697,0,1,43.26947201454254,2.0024524641037,0,1,Seoul3
6,2023-09-24,21.42916667,0.5,12.866254009864866,2.0570812225341797,23.079242461490804,0.7255014151334761,0,1,31.17093479771753,1.0313932090997697,0,1,43.26947201454254,2.0024524641037,0,1,Seoul3
6,2023-09-25,21.77916667,0.0,12.523684515628815,2.098064661026001,23.079242461490804,0.7255014151334761,0,1,31.17093479771753,1.0313932090997697,0,1,43.26947201454254,2.0024524641037,0,1,Seoul3
